# https://github.com/mikedh/trimesh

o 10540_tennis_racket_v2
v 0.12892700 0.20733300 -0.00095700
v 0.13257800 0.22312600 -0.00095700
v 0.13405600 0.22283000 -0.00176600
v 0.13038200 0.20694100 -0.00176600
v 0.13505200 0.23894500 -0.00095700
v 0.13654600 0.23875000 -0.00176600
v 0.13594400 0.22245200 -0.00213200
v 0.13224100 0.20644000 -0.00213200
v 0.13845300 0.23850000 -0.00213200
v 0.13638900 0.25473500 -0.00095700
v 0.13662700 0.27043900 -0.00095700
v 0.13812800 0.27046000 -0.00176700
v 0.13789000 0.25464500 -0.00176600
v 0.14004500 0.27048600 -0.00213200
v 0.13980800 0.25452900 -0.00213200
v 0.14438700 0.27054600 -0.00191600
v 0.14415200 0.25426600 -0.00191600
v 0.14195700 0.25439800 -0.00215000
v 0.14219300 0.27051600 -0.00215000
v 0.14277500 0.23793300 -0.00191600
v 0.14059100 0.23821900 -0.00215000
v 0.14022000 0.22159700 -0.00191600
v 0.13645200 0.20530500 -0.00191600
v 0.13432400 0.20587800 -0.00215000
v 0.13805900 0.22202900 -0.00215000
v 0.14282600 0.20358700 0.01144800
v 0.14669300 0.22030200 0.01144800
v 0.14554200 0.22053200 0.01247700
v 0.14169300 0.20389300 0.01247700
v 0.14931600 0.23707600 0.01144800
v 0.14815300 0.23722800 0.01247700
v 0.14401400 0.22083800 0.01332800
v 0.14018800 0.20429800 0.01332800
v 0.14660900 0.23743100 0.01332800
v 0.15072700 0.25386800 0.01144800
v 0.15095900 0.27063700 0.01144800
v 0.14979000 0.27062100 0.01247700
v 0.14955800 0.25393900 0.01247700
v 0.14823900 0.27060000 0.01332800
v 0.14800600 0.25403300 0.01332800
v 0.14432800 0.27054600 0.01447600
v 0.14409300 0.25426900 0.01447600
v 0.14615600 0.25414500 0.01399600
v 0.14639000 0.27057400 0.01399600
v 0.14271700 0.23794100 0.01447600
v 0.14476900 0.23767200 0.01399600
v 0.14016300 0.22160900 0.01447600
v 0.13639600 0.20532000 0.01447600
v 0.13839500 0.20478100 0.01399600
v 0.14219300 0.22120200 0.01399600
v 0.14283900 0.20358400 0.00071300
v 0.14670700 0.22029900 0.00071300
v 0.14738900 0.22016300 0.00186100
v 0.14351200 0.20340200 0.00186100
v 0.14932900 0.23707400 0.00071300
v 0.15002000 0.23698400 0.00186100
v 0.14773100 0.22009500 0.00316500
v 0.14384800 0.20331200 0.00316500
v 0.15036500 0.23693900 0.00316500
v 0.15074100 0.25386700 0.00071300
v 0.15097300 0.27063700 0.00071300
v 0.15166600 0.27064700 0.00186100
v 0.15143400 0.25382500 0.00186100
v 0.15201300 0.27065200 0.00316500
v 0.15178100 0.25380400 0.00316500
v 0.15212800 0.27065300 0.00603500
v 0.15189700 0.25379700 0.00603500
v 0.15189700 0.25379700 0.00457400
v 0.15212800 0.27065300 0.00457400
v 0.15048000 0.23692300 0.00603500
v 0.15048000 0.23692300 0.00457400
v 0.14784500 0.22007200 0.00603500
v 0.14396000 0.20328100 0.00603500
v 0.14396000 0.20328100 0.00457400
v 0.14784500 0.22007200 0.00457400
v 0.12704200 0.33089600 -0.00095700
v 0.13101000 0.31632100 -0.00095700
v 0.13014800 0.31608300 0.00039100
v 0.12620600 0.33057800 0.00039100
v 0.13393400 0.30132500 -0.00095700
v 0.13305100 0.30116500 0.00039100
v 0.12971600 0.31596400 0.00214500
v 0.12578900 0.33041900 0.00214500
v 0.13261000 0.30108500 0.00214500
v 0.13580700 0.28600000 -0.00095700
v 0.13572700 0.27042700 0.00039100
v 0.13491300 0.28591600 0.00039100
v 0.13527600 0.27042000 0.00214500
v 0.13446500 0.28587300 0.00214500
v 0.13512600 0.27041800 0.00632600
v 0.13431600 0.28585900 0.00632600
v 0.13431600 0.28585900 0.00416800
v 0.13512600 0.27041800 0.00416800
v 0.13246300 0.30105900 0.00632600
v 0.13246300 0.30105800 0.00416800
v 0.12957200 0.31592400 0.00632600
v 0.12565000 0.33036600 0.00632600
v 0.12565000 0.33036600 0.00416800
v 0.12957200 0.31592400 0.00416800
v 0.10591300 0.38816100 -0.00191600
v 0.10435400 0.38665500 -0.00215000
v 0.09440100 0.39783400 -0.00215000
v 0.09579500 0.39949500 -0.00191600
v 0.10282700 0.38518000 -0.00213200
v 0.09303600 0.39620900 -0.00213200
v 0.08332700 0.40782500 -0.00215000
v 0.08454200 0.40962100 -0.00191600
v 0.08213800 0.40606600 -0.00213200
v 0.10146400 0.38386400 -0.00176700
v 0.10039700 0.38283300 -0.00095700
v 0.09086400 0.39362300 -0.00095700
v 0.09181800 0.39475900 -0.00176700
v 0.08024700 0.40326800 -0.00095700
v 0.08107700 0.40449700 -0.00176600
v 0.05616100 0.41853200 -0.00095700
v 0.05672600 0.41990700 -0.00176700
v 0.06934600 0.41292900 -0.00176600
v 0.06864600 0.41162000 -0.00095700
v 0.05744700 0.42166400 -0.00213200
v 0.07024000 0.41460100 -0.00213200
v 0.05825500 0.42363200 -0.00215000
v 0.05908000 0.42564300 -0.00191600
v 0.07226600 0.41838800 -0.00191600
v 0.07124200 0.41647400 -0.00215000
v 0.13423800 0.33363200 -0.00191600
v 0.13220300 0.33285800 -0.00215000
v 0.12696800 0.34740700 -0.00215000
v 0.12891500 0.34837400 -0.00191600
v 0.13021100 0.33210100 -0.00213200
v 0.12506300 0.34646100 -0.00213200
v 0.12060400 0.36131000 -0.00215000
v 0.12244100 0.36246600 -0.00191600
v 0.11880600 0.36017900 -0.00213200
v 0.12843400 0.33142500 -0.00176700
v 0.12203200 0.34495500 -0.00095700
v 0.12336300 0.34561600 -0.00176700
v 0.11594500 0.35837800 -0.00095700
v 0.11720200 0.35916900 -0.00176600
v 0.10991400 0.37195900 -0.00176600
v 0.10874600 0.37104400 -0.00095700
v 0.11140500 0.37312700 -0.00213200
v 0.11478400 0.37577400 -0.00191600
v 0.11307700 0.37443600 -0.00215000
v 0.14133600 0.28652200 -0.00215000
v 0.14351600 0.28672700 -0.00191600
v 0.13920300 0.28632000 -0.00213200
v 0.13938600 0.30231400 -0.00215000
v 0.14153600 0.30270400 -0.00191600
v 0.13728200 0.30193300 -0.00213200
v 0.13729900 0.28614100 -0.00176700
v 0.13540400 0.30159200 -0.00176600
v 0.13244800 0.31671800 -0.00176600
v 0.13428500 0.31722500 -0.00213200
v 0.13844500 0.31837400 -0.00191600
v 0.13634200 0.31779300 -0.00215000
v 0.11167300 0.14479100 -0.00191600
v 0.11363100 0.14384700 -0.00152600
v 0.10650300 0.13172700 -0.00152600
v 0.10444500 0.13269200 -0.00191600
v 0.11538000 0.14300400 -0.00096700
v 0.10834200 0.13086500 -0.00096700
v 0.09942400 0.12095000 -0.00152600
v 0.09724800 0.12194100 -0.00191600
v 0.10137100 0.12006700 -0.00096700
v 0.11684300 0.14229800 -0.00022500
v 0.11794400 0.14176700 0.00071300
v 0.11103700 0.12960100 0.00071300
v 0.10988000 0.13014300 -0.00022500
v 0.10423000 0.11877600 0.00071300
v 0.10300200 0.11933000 -0.00022500
v 0.09107400 0.09964400 0.00071300
v 0.08973700 0.10030900 -0.00022500
v 0.09626900 0.10950300 -0.00022500
v 0.09756300 0.10891600 0.00071300
v 0.08797400 0.10120400 -0.00096700
v 0.09455300 0.11028800 -0.00096700
v 0.08589300 0.10229100 -0.00152600
v 0.08360000 0.10353400 -0.00191600
v 0.09024400 0.11230100 -0.00191600
v 0.09251300 0.11123300 -0.00152600
v 0.13769400 0.18696700 0.00071300
v 0.13659600 0.18734200 -0.00022500
v 0.14171800 0.20388600 -0.00022500
v 0.13160700 0.17085600 0.00071300
v 0.13052600 0.17129700 -0.00022500
v 0.13513500 0.18784100 -0.00096700
v 0.14022800 0.20428700 -0.00096700
v 0.12908800 0.17188400 -0.00096700
v 0.12491200 0.15565400 0.00071300
v 0.12383400 0.15614900 -0.00022500
v 0.12239900 0.15680700 -0.00096700
v 0.11876600 0.15847500 -0.00191600
v 0.12068500 0.15759400 -0.00152600
v 0.12544600 0.17337100 -0.00191600
v 0.12737000 0.17258500 -0.00152600
v 0.13143500 0.18910500 -0.00191600
v 0.13844600 0.20476700 -0.00152600
v 0.13338900 0.18843800 -0.00152600
v 0.05905900 0.42558900 0.01447600
v 0.07223900 0.41833700 0.01447600
v 0.07320100 0.42013500 0.01399600
v 0.05983400 0.42747900 0.01399600
v 0.08451000 0.40957300 0.01447600
v 0.08565100 0.41126100 0.01399600
v 0.07406300 0.42174800 0.01332800
v 0.06052900 0.42917300 0.01332800
v 0.08667400 0.41277500 0.01332800
v 0.09575800 0.39945000 0.01447600
v 0.10587200 0.38812100 0.01447600
v 0.10733700 0.38953700 0.01399600
v 0.09706800 0.40101000 0.01399600
v 0.10865200 0.39080700 0.01332800
v 0.09824300 0.40240900 0.01332800
v 0.11058500 0.39267400 0.01144800
v 0.09997100 0.40446700 0.01144800
v 0.09922900 0.40358300 0.01247700
v 0.10975400 0.39187200 0.01247700
v 0.08818000 0.41500200 0.01144800
v 0.08753300 0.41404500 0.01247700
v 0.07533300 0.42412000 0.01144800
v 0.06155300 0.43166600 0.01144800
v 0.06111300 0.43059500 0.01247700
v 0.07478700 0.42310100 0.01247700
v 0.11473900 0.37573800 0.01447600
v 0.11634300 0.37699500 0.01399600
v 0.12239200 0.36243600 0.01447600
v 0.12411700 0.36352200 0.01399600
v 0.11778200 0.37812100 0.01332800
v 0.12566500 0.36449600 0.01332800
v 0.12886300 0.34834800 0.01447600
v 0.13418400 0.33361100 0.01447600
v 0.13609600 0.33433800 0.01399600
v 0.13069100 0.34925700 0.01399600
v 0.13781100 0.33499000 0.01332800
v 0.13233100 0.35007100 0.01332800
v 0.14033400 0.33594900 0.01144800
v 0.13474400 0.35127000 0.01144800
v 0.13370700 0.35075500 0.01247700
v 0.13925000 0.33553700 0.01247700
v 0.12794200 0.36592900 0.01144800
v 0.12696400 0.36531300 0.01247700
v 0.11989900 0.37977900 0.01144800
v 0.11898900 0.37906700 0.01247700
v 0.15004500 0.28734300 0.01144800
v 0.14888400 0.28723300 0.01247700
v 0.14797500 0.30387200 0.01144800
v 0.14683000 0.30366400 0.01247700
v 0.14734300 0.28708800 0.01332800
v 0.14531000 0.30338900 0.01332800
v 0.14474100 0.32011200 0.01144800
v 0.14362100 0.31980300 0.01247700
v 0.14213500 0.31939200 0.01332800
v 0.13838900 0.31835800 0.01447600
v 0.14036400 0.31890300 0.01399600
v 0.14147900 0.30269400 0.01447600
v 0.14349900 0.30306000 0.01399600
v 0.14345800 0.28672200 0.01447600
v 0.14550600 0.28691500 0.01399600
v 0.08352900 0.10353800 0.01447600
v 0.09017800 0.11231900 0.01447600
v 0.08778300 0.11347000 0.01476500
v 0.08113900 0.10489700 0.01476500
v 0.09718500 0.12196700 0.01447600
v 0.09487400 0.12302500 0.01476500
v 0.08511800 0.11449300 0.01479800
v 0.07823800 0.10606200 0.01482700
v 0.09253700 0.12403300 0.01478000
v 0.10438700 0.13272000 0.01447600
v 0.11161800 0.14481800 0.01447600
v 0.10953300 0.14582300 0.01476500
v 0.10219600 0.13374700 0.01476500
v 0.10750000 0.14680300 0.01477400
v 0.10005800 0.13475000 0.01477400
v 0.10427200 0.14835900 0.01360800
v 0.09666600 0.13634100 0.01360800
v 0.09815500 0.13564300 0.01441800
v 0.10568900 0.14767600 0.01441800
v 0.08846500 0.12554700 0.01364500
v 0.09027800 0.12487300 0.01444200
v 0.07944200 0.11577500 0.01375400
v 0.06833800 0.10627700 0.01403300
v 0.07440800 0.10672400 0.01463100
v 0.08203600 0.11517400 0.01451500
v 0.12891400 0.20733600 0.01360800
v 0.12404600 0.19162800 0.01360800
v 0.12546100 0.19114500 0.01441800
v 0.13035700 0.20694800 0.01441800
v 0.11817500 0.17633800 0.01360800
v 0.11956700 0.17577000 0.01441800
v 0.12726800 0.19052800 0.01477400
v 0.13220100 0.20645100 0.01477400
v 0.12134600 0.17504400 0.01477400
v 0.11151300 0.16180400 0.01360800
v 0.11290100 0.16116700 0.01441800
v 0.11467600 0.16035200 0.01477400
v 0.11871200 0.15850000 0.01447600
v 0.11666900 0.15943700 0.01476500
v 0.12539200 0.17339300 0.01447600
v 0.12334400 0.17422900 0.01476500
v 0.13137900 0.18912400 0.01447600
v 0.13427300 0.20589200 0.01476500
v 0.12929900 0.18983500 0.01476500
v 0.11059500 0.39268400 0.00071300
v 0.09998000 0.40447800 0.00071300
v 0.10042000 0.40500200 0.00186100
v 0.11108800 0.39316000 0.00186100
v 0.08818700 0.41501300 0.00071300
v 0.08857100 0.41558000 0.00186100
v 0.10064100 0.40526400 0.00316500
v 0.11133400 0.39339800 0.00316500
v 0.08876200 0.41586400 0.00316500
v 0.07533900 0.42413200 0.00071300
v 0.06155800 0.43167800 0.00071300
v 0.06181800 0.43231400 0.00186100
v 0.07566200 0.42473600 0.00186100
v 0.06194900 0.43263100 0.00316500
v 0.07582400 0.42503900 0.00316500
v 0.06199200 0.43273700 0.00603500
v 0.07587800 0.42514000 0.00603500
v 0.07587800 0.42514000 0.00457400
v 0.06199200 0.43273700 0.00457400
v 0.08882600 0.41595900 0.00603500
v 0.08882600 0.41595900 0.00457400
v 0.10071400 0.40535200 0.00603500
v 0.11141600 0.39347700 0.00603500
v 0.11141600 0.39347700 0.00457400
v 0.10071400 0.40535200 0.00457400
v 0.14034600 0.33595300 0.00071300
v 0.13475600 0.35127600 0.00071300
v 0.13537100 0.35158100 0.00186100
v 0.14098900 0.33619800 0.00186100
v 0.12795300 0.36593600 0.00071300
v 0.12853400 0.36630100 0.00186100
v 0.13567800 0.35173400 0.00316500
v 0.14131100 0.33632000 0.00316500
v 0.12882400 0.36648400 0.00316500
v 0.11990900 0.37978800 0.00071300
v 0.12044900 0.38021000 0.00186100
v 0.12071900 0.38042100 0.00316500
v 0.12080900 0.38049200 0.00603500
v 0.12080900 0.38049200 0.00457400
v 0.12892100 0.36654500 0.00603500
v 0.12892100 0.36654500 0.00457400
v 0.13578100 0.35178500 0.00603500
v 0.14141800 0.33636100 0.00603500
v 0.14141800 0.33636100 0.00457400
v 0.13578100 0.35178500 0.00457400
v 0.15005800 0.28734400 0.00071300
v 0.15074700 0.28740900 0.00186100
v 0.14798800 0.30387400 0.00071300
v 0.14866800 0.30399800 0.00186100
v 0.15109100 0.28744200 0.00316500
v 0.14900700 0.30405900 0.00316500
v 0.14475400 0.32011500 0.00071300
v 0.14541800 0.32029900 0.00186100
v 0.14575100 0.32039000 0.00316500
v 0.14586100 0.32042100 0.00603500
v 0.14586100 0.32042100 0.00457400
v 0.14912100 0.30408000 0.00603500
v 0.14912100 0.30408000 0.00457400
v 0.15120600 0.28745200 0.00603500
v 0.15120600 0.28745200 0.00457400
v 0.11793100 0.14177400 0.01144800
v 0.11102400 0.12960700 0.01144800
v 0.11172500 0.12927800 0.01024600
v 0.11859900 0.14145200 0.01024600
v 0.10421600 0.11878200 0.01144800
v 0.10496100 0.11844600 0.01024600
v 0.11207600 0.12911300 0.00891500
v 0.11893300 0.14129100 0.00891500
v 0.10533400 0.11827800 0.00891500
v 0.09754800 0.10892100 0.01144800
v 0.09105800 0.09964500 0.01144800
v 0.09186900 0.09924500 0.01024600
v 0.09833300 0.10856600 0.01024600
v 0.09227500 0.09904500 0.00891500
v 0.09872600 0.10838800 0.00891500
v 0.09241000 0.09897800 0.00603500
v 0.09885700 0.10832900 0.00603500
v 0.09885700 0.10832900 0.00749700
v 0.09241000 0.09897800 0.00749700
v 0.10545800 0.11822200 0.00603500
v 0.10545800 0.11822200 0.00749700
v 0.11219300 0.12905800 0.00603500
v 0.11904400 0.14123700 0.00603500
v 0.11904400 0.14123700 0.00749700
v 0.11219300 0.12905800 0.00749700
v 0.13768200 0.18697200 0.01144800
v 0.13834900 0.18674400 0.01024600
v 0.14350600 0.20340400 0.01024600
v 0.13159500 0.17086100 0.01144800
v 0.13225100 0.17059300 0.01024600
v 0.13868200 0.18663000 0.00891500
v 0.14384600 0.20331200 0.00891500
v 0.13257900 0.17045900 0.00891500
v 0.12490000 0.15566000 0.01144800
v 0.12555400 0.15536000 0.01024600
v 0.12588200 0.15520900 0.00891500
v 0.12599100 0.15515900 0.00603500
v 0.12599100 0.15515900 0.00749700
v 0.13268800 0.17041500 0.00603500
v 0.13268800 0.17041500 0.00749700
v 0.13879300 0.18659200 0.00603500
v 0.14396000 0.20328100 0.00749700
v 0.13879300 0.18659200 0.00749700
v 0.10428500 0.14835300 -0.00095700
v 0.09667900 0.13633500 -0.00095700
v 0.09577800 0.13675800 0.00039100
v 0.10342700 0.14876700 0.00039100
v 0.08848000 0.12554200 -0.00099400
v 0.08747300 0.12605400 0.00036700
v 0.09532700 0.13696900 0.00214500
v 0.10299900 0.14897300 0.00214500
v 0.08702500 0.12637500 0.00213900
v 0.07945800 0.11577100 -0.00110300
v 0.06835700 0.10627600 -0.00138200
v 0.06786500 0.10867400 0.00024600
v 0.07824900 0.11655100 0.00029400
v 0.06763300 0.10959500 0.00210800
v 0.07786700 0.11720300 0.00212100
v 0.06755600 0.10990200 0.00632600
v 0.07774000 0.11742000 0.00632600
v 0.07774000 0.11742000 0.00416800
v 0.06755600 0.10990200 0.00416800
v 0.08687600 0.12648200 0.00632600
v 0.08687600 0.12648200 0.00416800
v 0.09517700 0.13704000 0.00632600
v 0.10285600 0.14904200 0.00632600
v 0.10285600 0.14904200 0.00416800
v 0.09517700 0.13704000 0.00416800
v 0.12405900 0.19162400 -0.00095700
v 0.12320300 0.19191600 0.00039100
v 0.12805300 0.20756800 0.00039100
v 0.11818800 0.17633300 -0.00095700
v 0.11734500 0.17667700 0.00039100
v 0.12277500 0.19206200 0.00214500
v 0.12761700 0.20768600 0.00214500
v 0.11692400 0.17684900 0.00214500
v 0.11152500 0.16179800 -0.00095700
v 0.11068500 0.16218400 0.00039100
v 0.11026500 0.16237600 0.00214500
v 0.11012400 0.16244100 0.00632600
v 0.11012400 0.16244100 0.00416800
v 0.11678300 0.17690600 0.00632600
v 0.11678300 0.17690600 0.00416800
v 0.12263200 0.19211100 0.00632600
v 0.12747100 0.20772500 0.00632600
v 0.12747100 0.20772500 0.00416800
v 0.12263200 0.19211100 0.00416800
v 0.13548800 0.25479000 0.00039100
v 0.13415600 0.23906300 0.00039100
v 0.13503700 0.25481700 0.00214500
v 0.13370800 0.23912200 0.00214500
v 0.13169100 0.22330300 0.00039100
v 0.13124800 0.22339200 0.00214500
v 0.13110000 0.22342100 0.00632600
v 0.13110000 0.22342100 0.00416800
v 0.13355800 0.23914100 0.00632600
v 0.13355800 0.23914100 0.00416800
v 0.13488700 0.25482600 0.00632600
v 0.13488700 0.25482600 0.00416800
v 0.10038800 0.38282400 0.01360800
v 0.09085600 0.39361300 0.01360800
v 0.09028800 0.39293800 0.01226000
v 0.09975300 0.38221100 0.01226000
v 0.08023900 0.40325700 0.01360800
v 0.07974500 0.40252700 0.01226000
v 0.09000500 0.39260000 0.01050700
v 0.09943600 0.38190400 0.01050700
v 0.07949800 0.40216100 0.01050700
v 0.06863900 0.41160900 0.01360800
v 0.05615600 0.41852000 0.01360800
v 0.05582100 0.41770200 0.01226000
v 0.06822300 0.41083000 0.01226000
v 0.05565300 0.41729300 0.01050700
v 0.06801500 0.41044100 0.01050700
v 0.05559700 0.41715600 0.00632600
v 0.06794500 0.41031100 0.00632600
v 0.06794500 0.41031100 0.00848400
v 0.05559700 0.41715600 0.00848400
v 0.07941600 0.40203900 0.00632600
v 0.07941600 0.40203900 0.00848400
v 0.08991000 0.39248800 0.00632600
v 0.09933000 0.38180200 0.00632600
v 0.09933000 0.38180200 0.00848400
v 0.08991000 0.39248800 0.00848400
v 0.12702900 0.33089100 0.01360800
v 0.12202000 0.34494900 0.01360800
v 0.12122800 0.34455500 0.01226000
v 0.12620100 0.33057600 0.01226000
v 0.11593400 0.35837100 0.01360800
v 0.11518700 0.35790000 0.01226000
v 0.12083300 0.34435900 0.01050700
v 0.12578700 0.33041900 0.01050700
v 0.11481300 0.35766500 0.01050700
v 0.10873500 0.37103600 0.01360800
v 0.10804100 0.37049200 0.01226000
v 0.10769300 0.37022000 0.01050700
v 0.10757800 0.37012900 0.00632600
v 0.10757800 0.37012900 0.00848400
v 0.11468900 0.35758700 0.00632600
v 0.11468900 0.35758700 0.00848400
v 0.12070100 0.34429300 0.00632600
v 0.12565000 0.33036600 0.00848400
v 0.12070100 0.34429300 0.00848400
v 0.06112300 0.43061900 -0.00022500
v 0.04663800 0.43639600 -0.00022500
v 0.04696600 0.43749500 0.00071300
v 0.06054500 0.42921100 -0.00096700
v 0.04620200 0.43493500 -0.00096700
v 0.03154700 0.44048500 -0.00022500
v 0.03176700 0.44161200 0.00071300
v 0.03125500 0.43898600 -0.00096700
v 0.05985400 0.42752700 -0.00152600
v 0.04509700 0.43123400 -0.00191600
v 0.04568100 0.43318900 -0.00152600
v 0.03051500 0.43518900 -0.00191600
v 0.03090600 0.43719400 -0.00152600
v 0.00035500 0.43831300 -0.00191600
v 0.00035500 0.44035800 -0.00152600
v 0.01573100 0.43957400 -0.00152600
v 0.01553500 0.43753900 -0.00191600
v 0.00035500 0.44218500 -0.00096700
v 0.01590600 0.44139300 -0.00096700
v 0.00035500 0.44371400 -0.00022500
v 0.00035500 0.44486400 0.00071300
v 0.01616200 0.44405800 0.00071300
v 0.01605200 0.44291400 -0.00022500
v 0.05671600 0.41988300 0.01441800
v 0.04331300 0.42525800 0.01441800
v 0.04289100 0.42384300 0.01360800
v 0.05743200 0.42162600 0.01477400
v 0.04385300 0.42706600 0.01477400
v 0.02932100 0.42906000 0.01441800
v 0.02903800 0.42760900 0.01360800
v 0.02968200 0.43091400 0.01477400
v 0.05823500 0.42358300 0.01476500
v 0.04508100 0.43117800 0.01447600
v 0.04445900 0.42909700 0.01476500
v 0.03050400 0.43513200 0.01447600
v 0.03008800 0.43299700 0.01476500
v 0.00035500 0.43825400 0.01447600
v 0.00035500 0.43607700 0.01476500
v 0.01532100 0.43531400 0.01476500
v 0.01552900 0.43748100 0.01447600
v 0.00035500 0.43395200 0.01477400
v 0.01511700 0.43320000 0.01477400
v 0.00035500 0.43206000 0.01441800
v 0.00035500 0.43058100 0.01360800
v 0.01479500 0.42984500 0.01360800
v 0.01493600 0.43131700 0.01441800
v 0.06181600 0.43230900 0.01024600
v 0.04716100 0.43814900 0.01024600
v 0.04696200 0.43748200 0.01144800
v 0.06194800 0.43263000 0.00891500
v 0.04726100 0.43848300 0.00891500
v 0.03189800 0.44228300 0.01024600
v 0.03176400 0.44159900 0.01144800
v 0.03196400 0.44262500 0.00891500
v 0.06199200 0.43273700 0.00749700
v 0.04729400 0.43859400 0.00603500
v 0.04729400 0.43859400 0.00749700
v 0.03198600 0.44273900 0.00603500
v 0.03198600 0.44273900 0.00749700
v 0.00035500 0.44601300 0.00603500
v 0.00035500 0.44601300 0.00749700
v 0.01627200 0.44520200 0.00749700
v 0.01627200 0.44520200 0.00603500
v 0.00035500 0.44589700 0.00891500
v 0.01626100 0.44508600 0.00891500
v 0.00035500 0.44554800 0.01024600
v 0.00035500 0.44485000 0.01144800
v 0.01616100 0.44404500 0.01144800
v 0.01622800 0.44473900 0.01024600
v 0.05582300 0.41770700 0.00039100
v 0.04263900 0.42300000 0.00039100
v 0.04289500 0.42385600 -0.00095700
v 0.05565300 0.41729400 0.00214500
v 0.04251100 0.42257200 0.00214500
v 0.02887000 0.42674400 0.00039100
v 0.02904100 0.42762200 -0.00095700
v 0.02878400 0.42630400 0.00214500
v 0.05559700 0.41715600 0.00416800
v 0.04246900 0.42242900 0.00632600
v 0.04246900 0.42242900 0.00416800
v 0.02875600 0.42615800 0.00632600
v 0.02875600 0.42615800 0.00416800
v 0.00035500 0.42910100 0.00632600
v 0.00035500 0.42910100 0.00416800
v 0.01465300 0.42837200 0.00416800
v 0.01465300 0.42837200 0.00632600
v 0.00035500 0.42925000 0.00214500
v 0.01466700 0.42852100 0.00214500
v 0.00035500 0.42969800 0.00039100
v 0.00035500 0.43059400 -0.00095700
v 0.01479600 0.42985800 -0.00095700
v 0.01471000 0.42896700 0.00039100
v 0.08480200 0.09058100 0.00071300
v 0.08346700 0.09139300 -0.00022500
v 0.07867600 0.08156900 0.00071300
v 0.07737100 0.08254500 -0.00022500
v 0.08172000 0.09249200 -0.00096700
v 0.07565800 0.08387400 -0.00096800
v 0.07262100 0.07244800 0.00071300
v 0.06656600 0.06306000 0.00071300
v 0.06534800 0.06421500 -0.00022500
v 0.07136000 0.07355500 -0.00022500
v 0.06364500 0.06577400 -0.00097700
v 0.06965400 0.07506900 -0.00097400
v 0.05846400 0.07003600 -0.00203900
v 0.06555300 0.07947200 -0.00195800
v 0.06755900 0.07695300 -0.00155400
v 0.06145900 0.06767700 -0.00156800
v 0.07156800 0.08751400 -0.00192700
v 0.07365100 0.08551700 -0.00153300
v 0.07747900 0.09540300 -0.00191600
v 0.07968400 0.09384100 -0.00152600
v 0.07515800 0.09711900 0.01476500
v 0.07740500 0.09538500 0.01447600
v 0.07232900 0.09867500 0.01486600
v 0.06955400 0.08985500 0.01477300
v 0.07149200 0.08747000 0.01448900
v 0.06709100 0.09211600 0.01490000
v 0.06222500 0.09956600 0.01463100
v 0.06837100 0.09969900 0.01478400
v 0.05787500 0.09434400 0.01487500
v 0.06342600 0.09373100 0.01491400
v 0.05063700 0.08511800 0.01495700
v 0.05497900 0.08364700 0.01495700
v 0.05907300 0.08845300 0.01495700
v 0.05413200 0.08961000 0.01495700
v 0.05754300 0.08090000 0.01492800
v 0.06222200 0.08617100 0.01491800
v 0.05864800 0.07669800 0.01484100
v 0.05838900 0.06995300 0.01462800
v 0.06547700 0.07940500 0.01452800
v 0.06403900 0.08282600 0.01479900
v 0.08478600 0.09057800 0.01144800
v 0.08559700 0.09009200 0.01024600
v 0.07866000 0.08156000 0.01144800
v 0.07945200 0.08098000 0.01024600
v 0.08600200 0.08985000 0.00891500
v 0.07984900 0.08068900 0.00891500
v 0.07260500 0.07243500 0.01144800
v 0.06655100 0.06304500 0.01144800
v 0.06729100 0.06236000 0.01024600
v 0.07337100 0.07177800 0.01024600
v 0.06766100 0.06201800 0.00891500
v 0.07375400 0.07145000 0.00891500
v 0.06778400 0.06190400 0.00603500
v 0.07388200 0.07134100 0.00603500
v 0.07388200 0.07134100 0.00749700
v 0.06778400 0.06190400 0.00749700
v 0.07998100 0.08059300 0.00603500
v 0.07998100 0.08059300 0.00749700
v 0.08613800 0.08976900 0.00603500
v 0.08613800 0.08976900 0.00749700
v 0.02007000 0.09243500 -0.00095700
v 0.03124900 0.09443400 -0.00095700
v 0.03058800 0.09266800 -0.00176600
v 0.01975600 0.09087800 -0.00176600
v 0.04310700 0.09726700 -0.00099400
v 0.04180200 0.09498000 -0.00179100
v 0.02971000 0.09030300 -0.00217100
v 0.01933500 0.08878400 -0.00217100
v 0.04010100 0.09202500 -0.00217700
v 0.05526800 0.10097700 -0.00110300
v 0.06226300 0.09956800 -0.00198000
v 0.05287600 0.09763500 -0.00186400
v 0.05792900 0.09435200 -0.00222400
v 0.04982100 0.09357400 -0.00219500
v 0.05070600 0.08513100 -0.00230600
v 0.04428500 0.08546000 -0.00230600
v 0.04702100 0.08954900 -0.00230600
v 0.05419700 0.08962200 -0.00230600
v 0.03635400 0.08503300 -0.00230600
v 0.03828400 0.08868700 -0.00230600
v 0.02748700 0.08420600 -0.00230600
v 0.01825900 0.08333200 -0.00230600
v 0.01882900 0.08624000 -0.00230600
v 0.02866100 0.08744600 -0.00230600
v 0.02004800 0.09247300 0.01360800
v 0.01971100 0.09095500 0.01441800
v 0.03053700 0.09272800 0.01441800
v 0.03122300 0.09446400 0.01360800
v 0.01926600 0.08890300 0.01482200
v 0.02963000 0.09039600 0.01482200
v 0.04175300 0.09501800 0.01444200
v 0.04308200 0.09728700 0.01364500
v 0.04002600 0.09208400 0.01482800
v 0.01874000 0.08639400 0.01495700
v 0.01816100 0.08350100 0.01495700
v 0.02737400 0.08433700 0.01495700
v 0.02855800 0.08756600 0.01495700
v 0.03624800 0.08511600 0.01495700
v 0.03818700 0.08876200 0.01495700
v 0.04694100 0.08957900 0.01495700
v 0.04419800 0.08549200 0.01495700
v 0.04975800 0.09359800 0.01484600
v 0.05524700 0.10098600 0.01375400
v 0.05283400 0.09765100 0.01451500
v 0.04070000 0.05995000 -0.00095700
v 0.04351100 0.06129800 -0.00176700
v 0.04094100 0.05431100 -0.00176600
v 0.03834500 0.05342800 -0.00095700
v 0.04735200 0.06327100 -0.00214800
v 0.04439300 0.05553900 -0.00213900
v 0.03737700 0.04583000 -0.00176600
v 0.03505200 0.04538700 -0.00095700
v 0.04033700 0.04633900 -0.00213400
v 0.05212900 0.06595600 -0.00221200
v 0.05247000 0.05799900 -0.00195800
v 0.04851900 0.05710400 -0.00217800
v 0.04682800 0.04687500 -0.00192700
v 0.04364100 0.04680800 -0.00215700
v 0.03583200 0.02499200 -0.00191600
v 0.03327700 0.02561400 -0.00215000
v 0.03849300 0.03621700 -0.00215000
v 0.04124700 0.03584100 -0.00191600
v 0.03068100 0.02616100 -0.00213200
v 0.03567100 0.03638300 -0.00213200
v 0.02831000 0.02661400 -0.00176700
v 0.02642800 0.02695300 -0.00095700
v 0.03101500 0.03637900 -0.00095700
v 0.03307900 0.03641100 -0.00176700
v 0.03541700 0.02498800 0.01447600
v 0.03770600 0.02431400 0.01399600
v 0.04345100 0.03515900 0.01399600
v 0.04104300 0.03581900 0.01447600
v 0.03970200 0.02364800 0.01332800
v 0.04549300 0.03435400 0.01332800
v 0.04934800 0.04614400 0.01400400
v 0.04672700 0.04683200 0.01448900
v 0.05146300 0.04508100 0.01333000
v 0.04134000 0.02304900 0.01247700
v 0.04255600 0.02257800 0.01144800
v 0.04833100 0.03286600 0.01144800
v 0.04713300 0.03354300 0.01247700
v 0.05431800 0.04312800 0.01144800
v 0.05312300 0.04401600 0.01247700
v 0.06531700 0.06418600 0.01247700
v 0.05921700 0.05428900 0.01247700
v 0.06042300 0.05323200 0.01144800
v 0.06359600 0.06572700 0.01334100
v 0.05752300 0.05564100 0.01333600
v 0.06139300 0.06761100 0.01404800
v 0.05240100 0.05793400 0.01452800
v 0.05533700 0.05716100 0.01403000
v 0.06729700 0.06236600 0.00186100
v 0.06115300 0.05260200 0.00186100
v 0.06043800 0.05324500 0.00071300
v 0.06766300 0.06202000 0.00316500
v 0.06151000 0.05228100 0.00316500
v 0.05504400 0.04259900 0.00186100
v 0.05434100 0.04313700 0.00071300
v 0.05539500 0.04232900 0.00316500
v 0.06778400 0.06190400 0.00457400
v 0.06162900 0.05217400 0.00603500
v 0.06162900 0.05217400 0.00457400
v 0.05551200 0.04224000 0.00603500
v 0.05551200 0.04224000 0.00457400
v 0.04377200 0.02210800 0.00603500
v 0.04377200 0.02210800 0.00457400
v 0.04952800 0.03218800 0.00457400
v 0.04952800 0.03218800 0.00603500
v 0.04366000 0.02215500 0.00316500
v 0.04941300 0.03225600 0.00316500
v 0.04332400 0.02229600 0.00186100
v 0.04265100 0.02257900 0.00071300
v 0.04837700 0.03287100 0.00071300
v 0.04906800 0.03246100 0.00186100
v 0.01494400 -0.01631500 -0.00203900
v 0.01278900 -0.01081800 -0.00221200
v 0.01810000 -0.00367500 -0.00217800
v 0.02066300 -0.00583500 -0.00195800
v 0.01068500 -0.00754100 -0.00214800
v 0.01563900 -0.00127500 -0.00213900
v 0.02316600 0.00543800 -0.00215700
v 0.02567900 0.00414900 -0.00192700
v 0.02063100 0.00686700 -0.00213400
v 0.00879200 -0.00539000 -0.00176600
v 0.00730100 -0.00406700 -0.00095700
v 0.01164000 0.00161500 -0.00095700
v 0.01340600 0.00045400 -0.00176600
v 0.01646000 0.00903600 -0.00095700
v 0.01830800 0.00809600 -0.00176600
v 0.02333100 0.01699600 -0.00176600
v 0.02148300 0.01766000 -0.00095700
v 0.02565600 0.01616700 -0.00213200
v 0.03068900 0.01442600 -0.00191600
v 0.02819600 0.01527700 -0.00215000
v 0.02370600 -0.01721000 0.01144800
v 0.02754900 -0.00752500 0.01144800
v 0.02623600 -0.00741500 0.01247700
v 0.02238500 -0.01715500 0.01247700
v 0.03204900 0.00235400 0.01144800
v 0.03076400 0.00254700 0.01247700
v 0.02433800 -0.00720600 0.01333600
v 0.02037400 -0.01703400 0.01334100
v 0.02901800 0.00286300 0.01333000
v 0.03709000 0.01239800 0.01144800
v 0.03584100 0.01270900 0.01247700
v 0.03417500 0.01314900 0.01332800
v 0.02992100 0.01443100 0.01447600
v 0.03217400 0.01372200 0.01399600
v 0.02449800 0.00415600 0.01448900
v 0.02686700 0.00334700 0.01400400
v 0.01909100 -0.00583000 0.01452800
v 0.01311500 -0.01631300 0.01462800
v 0.01751400 -0.01680200 0.01404800
v 0.02179700 -0.00684300 0.01403000
v 0.03790900 0.01221100 0.00186100
v 0.03726500 0.01239700 0.00071300
v 0.03823200 0.01211800 0.00316500
v 0.03292500 0.00223800 0.00186100
v 0.03231200 0.00235300 0.00071300
v 0.03323200 0.00218000 0.00316500
v 0.03833900 0.01208700 0.00603500
v 0.03833900 0.01208700 0.00457400
v 0.03333400 0.00216100 0.00603500
v 0.03333400 0.00216100 0.00457400
v 0.02502700 -0.01726500 0.00603500
v 0.02502700 -0.01726500 0.00457400
v 0.02886200 -0.00763500 0.00457400
v 0.02886200 -0.00763500 0.00603500
v 0.02493200 -0.01726000 0.00316500
v 0.02876400 -0.00762400 0.00316500
v 0.02464500 -0.01724300 0.00186100
v 0.02407200 -0.01721100 0.00071300
v 0.02788300 -0.00752600 0.00071300
v 0.02847000 -0.00759100 0.00186100
v 0.00463100 -0.00889700 -0.00176600
v 0.00372300 -0.00747700 -0.00095700
v 0.00577400 -0.01121200 -0.00215900
v 0.00068600 -0.01006600 -0.00176600
v 0.00052100 -0.00861300 -0.00095700
v 0.00086900 -0.01240000 -0.00216500
v 0.00768400 -0.02000500 -0.00221200
v 0.00702600 -0.01475100 -0.00225600
v 0.00108700 -0.02099600 -0.00225900
v 0.00102100 -0.01591600 -0.00228100
v -0.01288400 -0.01631500 -0.00203900
v -0.01088600 -0.01081800 -0.00221200
v -0.00501000 -0.01475100 -0.00225600
v -0.00553400 -0.02000500 -0.00221200
v -0.00907200 -0.00754100 -0.00214800
v -0.00406500 -0.01121200 -0.00215900
v -0.00750500 -0.00539000 -0.00176600
v -0.00630200 -0.00406700 -0.00095700
v -0.00269200 -0.00747700 -0.00095700
v -0.00328000 -0.00889700 -0.00176600
v 0.02154900 -0.02668600 0.00186100
v 0.02096900 -0.02667300 0.00071300
v 0.02184000 -0.02669300 0.00316500
v 0.01914400 -0.03540600 0.00185100
v 0.01854100 -0.03540300 0.00070200
v 0.01944500 -0.03540800 0.00315800
v 0.02193600 -0.02669500 0.00603500
v 0.02193600 -0.02669500 0.00457400
v 0.01954500 -0.03540900 0.00603500
v 0.01954500 -0.03540900 0.00457000
v 0.01669200 -0.04862800 0.00603400
v 0.01669100 -0.04862800 0.00453900
v 0.01781100 -0.04289100 0.00456000
v 0.01781100 -0.04289100 0.00603500
v 0.01658000 -0.04862800 0.00309800
v 0.01770500 -0.04289100 0.00313800
v 0.01624600 -0.04862800 0.00176600
v 0.01557800 -0.04862800 0.00059800
v 0.01675600 -0.04289100 0.00066700
v 0.01738900 -0.04289100 0.00182300
v 0.01564400 -0.05528900 -0.00087400
v 0.01648000 -0.05528900 0.00054400
v 0.01653600 -0.05570100 0.00046400
v 0.01569600 -0.05570100 -0.00096800
v 0.01689700 -0.05528900 0.00219900
v 0.01695700 -0.05570100 0.00214000
v 0.01656500 -0.05621200 0.00042500
v 0.01572100 -0.05621200 -0.00101500
v 0.01698600 -0.05621200 0.00211000
v 0.01703700 -0.05528900 0.00401400
v 0.01703700 -0.05528900 0.00590700
v 0.01709700 -0.05570100 0.00589400
v 0.01709700 -0.05570100 0.00397600
v 0.01712700 -0.05621200 0.00588700
v 0.01712700 -0.05621200 0.00395800
v 0.01713700 -0.05740700 0.00588500
v 0.01713700 -0.05740700 0.00395100
v 0.01713700 -0.05679200 0.00395100
v 0.01713700 -0.05679200 0.00588500
v 0.01699600 -0.05740700 0.00209900
v 0.01699600 -0.05679200 0.00210000
v 0.01657400 -0.05740700 0.00041100
v 0.01573000 -0.05740700 -0.00103100
v 0.01573000 -0.05679200 -0.00103100
v 0.01657400 -0.05679200 0.00041100
v 0.02063000 -0.22485700 0.00540200
v 0.02063000 -0.22485700 0.00311600
v 0.01997600 -0.22196200 0.00326100
v 0.01997600 -0.22196200 0.00548800
v 0.02046500 -0.22485700 0.00090100
v 0.01981600 -0.22196200 0.00110700
v 0.01920000 -0.21844700 0.00344200
v 0.01920000 -0.21844700 0.00559300
v 0.01904700 -0.21844700 0.00136800
v 0.01997100 -0.22485700 -0.00117200
v 0.01898400 -0.22485700 -0.00303000
v 0.01838300 -0.22196200 -0.00268500
v 0.01933800 -0.22196200 -0.00089900
v 0.01766900 -0.21844700 -0.00224800
v 0.01858800 -0.21844700 -0.00055400
v 0.01636900 -0.20827200 -0.00142200
v 0.01721900 -0.20827200 0.00010000
v 0.01784000 -0.21399100 -0.00020000
v 0.01696000 -0.21399100 -0.00180000
v 0.01764400 -0.20827200 0.00186200
v 0.01828100 -0.21399100 0.00163600
v 0.01778600 -0.20827200 0.00378400
v 0.01778600 -0.20827200 0.00578600
v 0.01842800 -0.21399100 0.00569800
v 0.01842800 -0.21399100 0.00362800
v 0.03819200 0.06992500 0.01360800
v 0.03428500 0.07069500 0.01360800
v 0.03315300 0.06900300 0.01226000
v 0.03677900 0.06823600 0.01226000
v 0.02917600 0.07126100 0.01360800
v 0.02836500 0.06964900 0.01226000
v 0.03258700 0.06815800 0.01050700
v 0.03607300 0.06739100 0.01050700
v 0.02796000 0.06884300 0.01050700
v 0.02303800 0.07165500 0.01360800
v 0.01604500 0.07190800 0.01360800
v 0.01580300 0.07053400 0.01226000
v 0.02254000 0.07016300 0.01226000
v 0.01568200 0.06984700 0.01050700
v 0.02229200 0.06941700 0.01050700
v 0.01564100 0.06961800 0.00632600
v 0.02220900 0.06916800 0.00632600
v 0.02220900 0.06916800 0.00848400
v 0.01564100 0.06961800 0.00848400
v 0.02782500 0.06857400 0.00632600
v 0.02782500 0.06857400 0.00848400
v 0.03239800 0.06787600 0.00632600
v 0.03583700 0.06711000 0.00632600
v 0.03583700 0.06711000 0.00848400
v 0.03239800 0.06787600 0.00848400
v 0.02633300 0.02695200 0.01360800
v 0.03096900 0.03637400 0.01360800
v 0.02975900 0.03635700 0.01226000
v 0.02526100 0.02715500 0.01226000
v 0.03503000 0.04537800 0.01360800
v 0.03364900 0.04511800 0.01226000
v 0.02915300 0.03634800 0.01050700
v 0.02472400 0.02725700 0.01050700
v 0.03295800 0.04498800 0.01050700
v 0.03833000 0.05341400 0.01360800
v 0.04068600 0.05993300 0.01360800
v 0.03900800 0.05913500 0.01226000
v 0.03678200 0.05289300 0.01226000
v 0.03816900 0.05873600 0.01050700
v 0.03600700 0.05263200 0.01050700
v 0.03788900 0.05860300 0.00632600
v 0.03574900 0.05254500 0.00632600
v 0.03574900 0.05254500 0.00848400
v 0.03788900 0.05860300 0.00848400
v 0.03272800 0.04494500 0.00632600
v 0.03272800 0.04494500 0.00848400
v 0.02895200 0.03634600 0.00632600
v 0.02454500 0.02729100 0.00632600
v 0.02454500 0.02729100 0.00848400
v 0.02895200 0.03634600 0.00848400
v 0.04191100 0.06438500 0.01360800
v 0.04017800 0.06329900 0.01226000
v 0.04194400 0.06722900 0.01360800
v 0.04023500 0.06587500 0.01226000
v 0.03931200 0.06275500 0.01050700
v 0.03938000 0.06519800 0.01050700
v 0.04072500 0.06892300 0.01360800
v 0.03912100 0.06735700 0.01226000
v 0.03831900 0.06657400 0.01050700
v 0.03805100 0.06631300 0.00632600
v 0.03805100 0.06631300 0.00848400
v 0.03909500 0.06497300 0.00632600
v 0.03909500 0.06497300 0.00848400
v 0.03902300 0.06257400 0.00632600
v 0.03902300 0.06257400 0.00848400
v 0.00694600 -0.00406600 0.01360800
v 0.01130900 0.00161700 0.01360800
v 0.01044800 0.00231300 0.01226000
v 0.00626400 -0.00327300 0.01226000
v 0.01619900 0.00903800 0.01360800
v 0.01524700 0.00960100 0.01226000
v 0.01001700 0.00266100 0.01050700
v 0.00592400 -0.00287600 0.01050700
v 0.01477200 0.00988300 0.01050700
v 0.02130800 0.01766100 0.01360800
v 0.02030400 0.01805900 0.01226000
v 0.01980200 0.01825800 0.01050700
v 0.01963500 0.01832500 0.00632600
v 0.01963500 0.01832500 0.00848400
v 0.01461300 0.00997700 0.00632600
v 0.01461300 0.00997700 0.00848400
v 0.00987400 0.00277700 0.00632600
v 0.00581000 -0.00274400 0.00632600
v 0.00581000 -0.00274400 0.00848400
v 0.00987400 0.00277700 0.00848400
v 0.01773400 -0.23489100 -0.00178100
v 0.01809300 -0.23471600 -0.00204400
v 0.01903400 -0.23471600 -0.00035200
v 0.01865500 -0.23489100 -0.00013600
v 0.01852300 -0.23441900 -0.00234900
v 0.01948600 -0.23441900 -0.00060200
v 0.01950400 -0.23471600 0.00149100
v 0.01911600 -0.23489100 0.00164800
v 0.01996800 -0.23441900 0.00130900
v 0.01895000 -0.23387400 -0.00265700
v 0.01929800 -0.23296000 -0.00293000
v 0.02030300 -0.23296000 -0.00107700
v 0.01993600 -0.23387400 -0.00085400
v 0.02080500 -0.23296000 0.00096300
v 0.02042900 -0.23387400 0.00112500
v 0.02097200 -0.23296000 0.00535300
v 0.02059300 -0.23387400 0.00537600
v 0.02059300 -0.23387400 0.00322200
v 0.02097200 -0.23296000 0.00312700
v 0.02012900 -0.23441900 0.00540200
v 0.02012900 -0.23441900 0.00332900
v 0.01966100 -0.23471600 0.00542800
v 0.01927000 -0.23489100 0.00545100
v 0.01927000 -0.23489100 0.00352600
v 0.01966100 -0.23471600 0.00343500
v 0.02063000 -0.22485700 0.00768900
v 0.02103600 -0.22745300 0.00766600
v 0.02103600 -0.22745300 0.00535400
v 0.02046500 -0.22485700 0.00992300
v 0.02086800 -0.22745300 0.00993000
v 0.02121500 -0.22970100 0.00764300
v 0.02121500 -0.22970100 0.00533400
v 0.02104500 -0.22970100 0.00990500
v 0.01997100 -0.22485700 0.01205300
v 0.01898400 -0.22485700 0.01402700
v 0.01935700 -0.22745300 0.01411300
v 0.02036400 -0.22745300 0.01209500
v 0.01952100 -0.22970100 0.01410400
v 0.02053700 -0.22970100 0.01207500
v 0.01929800 -0.23296000 0.01384100
v 0.02030300 -0.23296000 0.01186600
v 0.02051000 -0.23155300 0.01199700
v 0.01949500 -0.23155300 0.01401000
v 0.02080500 -0.23296000 0.00976400
v 0.02101700 -0.23155300 0.00985000
v 0.02097200 -0.23296000 0.00758000
v 0.02118700 -0.23155300 0.00533700
v 0.02118700 -0.23155300 0.00761600
v 0.01421300 -0.23947600 0.00127800
v 0.01490600 -0.23894200 0.00084600
v 0.01556100 -0.23900500 0.00197600
v 0.01444100 -0.23970700 0.00217100
v 0.01568800 -0.23810600 0.00026900
v 0.01647200 -0.23812200 0.00155100
v 0.01585100 -0.23909900 0.00322000
v 0.01460600 -0.23987800 0.00337400
v 0.01685400 -0.23814500 0.00291100
v 0.01635800 -0.23715400 -0.00033800
v 0.01686900 -0.23628400 -0.00086500
v 0.01774500 -0.23628400 0.00062300
v 0.01720700 -0.23715400 0.00106400
v 0.01818300 -0.23628400 0.00221400
v 0.01763100 -0.23715400 0.00254700
v 0.01832900 -0.23628400 0.00556700
v 0.01777200 -0.23715400 0.00565000
v 0.01777200 -0.23715400 0.00408500
v 0.01832900 -0.23628400 0.00387300
v 0.01698200 -0.23815300 0.00575300
v 0.01698200 -0.23815300 0.00432000
v 0.01594800 -0.23913000 0.00586700
v 0.01466100 -0.23993500 0.00598000
v 0.01466100 -0.23993500 0.00465700
v 0.01594800 -0.23913000 0.00452800
v 0.03163500 0.09550600 0.01226000
v 0.02025000 0.09338500 0.01226000
v 0.04372500 0.09861400 0.01228400
v 0.03184100 0.09602700 0.01050700
v 0.02035200 0.09384000 0.01050700
v 0.04394900 0.09925600 0.01051300
v 0.06785800 0.10867600 0.01240500
v 0.05607600 0.10285000 0.01235700
v 0.06763100 0.10959500 0.01054300
v 0.05610300 0.10369600 0.01053100
v 0.05611200 0.10397800 0.00632600
v 0.05611200 0.10397800 0.00848400
v 0.06755600 0.10990200 0.00848400
v 0.04402400 0.09947000 0.00632600
v 0.04402400 0.09947000 0.00848400
v 0.03190900 0.09620100 0.00632600
v 0.02038500 0.09399200 0.00632600
v 0.02038500 0.09399200 0.00848400
v 0.03190900 0.09620100 0.00848400
v -0.12821600 0.20733300 -0.00095700
v -0.12967100 0.20694100 -0.00176700
v -0.13334500 0.22283000 -0.00176600
v -0.13186700 0.22312600 -0.00095700
v -0.13153000 0.20644000 -0.00213200
v -0.13523300 0.22245200 -0.00213200
v -0.13583500 0.23875000 -0.00176600
v -0.13434100 0.23894500 -0.00095700
v -0.13774200 0.23850000 -0.00213200
v -0.13361300 0.20587800 -0.00215000
v -0.13574100 0.20530500 -0.00191600
v -0.13950900 0.22159700 -0.00191600
v -0.13734800 0.22202900 -0.00215000
v -0.14206400 0.23793300 -0.00191600
v -0.13988000 0.23821900 -0.00215000
v -0.14367600 0.27054600 -0.00191600
v -0.14148200 0.27051600 -0.00215000
v -0.14124600 0.25439800 -0.00215000
v -0.14344100 0.25426600 -0.00191600
v -0.13933400 0.27048600 -0.00213200
v -0.13909700 0.25452900 -0.00213200
v -0.13741700 0.27046000 -0.00176700
v -0.13591600 0.27043900 -0.00095700
v -0.13567800 0.25473500 -0.00095700
v -0.13717900 0.25464500 -0.00176700
v -0.14211500 0.20358700 0.01144800
v -0.14098200 0.20389300 0.01247700
v -0.14483100 0.22053200 0.01247700
v -0.14598200 0.22030200 0.01144800
v -0.13947700 0.20429800 0.01332800
v -0.14330300 0.22083800 0.01332800
v -0.14744200 0.23722800 0.01247700
v -0.14860500 0.23707600 0.01144800
v -0.14589800 0.23743100 0.01332800
v -0.13768400 0.20478100 0.01399600
v -0.13568500 0.20532000 0.01447600
v -0.13945200 0.22160900 0.01447600
v -0.14148200 0.22120200 0.01399600
v -0.14200600 0.23794100 0.01447600
v -0.14405800 0.23767200 0.01399600
v -0.14361700 0.27054600 0.01447600
v -0.14567900 0.27057400 0.01399600
v -0.14544500 0.25414500 0.01399600
v -0.14338200 0.25426900 0.01447600
v -0.14752800 0.27060000 0.01332800
v -0.14729500 0.25403300 0.01332800
v -0.14907900 0.27062100 0.01247700
v -0.15024800 0.27063700 0.01144800
v -0.15001600 0.25386800 0.01144800
v -0.14884700 0.25393900 0.01247700
v -0.14212800 0.20358400 0.00071300
v -0.14280100 0.20340200 0.00186100
v -0.14667800 0.22016300 0.00186100
v -0.14599600 0.22029900 0.00071300
v -0.14313700 0.20331200 0.00316500
v -0.14702000 0.22009500 0.00316500
v -0.14930900 0.23698400 0.00186100
v -0.14861800 0.23707400 0.00071300
v -0.14965400 0.23693900 0.00316500
v -0.14324900 0.20328100 0.00457400
v -0.14324900 0.20328200 0.00603500
v -0.14713400 0.22007200 0.00603500
v -0.14713400 0.22007200 0.00457400
v -0.14976900 0.23692300 0.00603500
v -0.14976900 0.23692300 0.00457400
v -0.15141700 0.27065300 0.00603500
v -0.15141700 0.27065300 0.00457400
v -0.15118600 0.25379700 0.00457400
v -0.15118600 0.25379700 0.00603500
v -0.15130200 0.27065200 0.00316500
v -0.15107000 0.25380400 0.00316500
v -0.15095500 0.27064700 0.00186100
v -0.15026200 0.27063700 0.00071300
v -0.15003000 0.25386700 0.00071300
v -0.15072300 0.25382500 0.00186100
v -0.12633100 0.33089600 -0.00095700
v -0.12549500 0.33057800 0.00039100
v -0.12943700 0.31608300 0.00039100
v -0.13029900 0.31632100 -0.00095700
v -0.12507800 0.33041900 0.00214500
v -0.12900500 0.31596400 0.00214500
v -0.13234000 0.30116500 0.00039100
v -0.13322300 0.30132500 -0.00095700
v -0.13189900 0.30108500 0.00214500
v -0.12493900 0.33036600 0.00416800
v -0.12493900 0.33036600 0.00632600
v -0.12886100 0.31592400 0.00632600
v -0.12886100 0.31592400 0.00416800
v -0.13175200 0.30105900 0.00632600
v -0.13175200 0.30105800 0.00416800
v -0.13441500 0.27041800 0.00632600
v -0.13441500 0.27041800 0.00416800
v -0.13360500 0.28585900 0.00416800
v -0.13360500 0.28585900 0.00632600
v -0.13456500 0.27042000 0.00214500
v -0.13375400 0.28587300 0.00214500
v -0.13501600 0.27042700 0.00039100
v -0.13509600 0.28600000 -0.00095700
v -0.13420200 0.28591600 0.00039100
v -0.05545100 0.41853200 -0.00095700
v -0.06793500 0.41162000 -0.00095700
v -0.06863500 0.41292900 -0.00176700
v -0.05601500 0.41990700 -0.00176700
v -0.07953600 0.40326800 -0.00095700
v -0.08036600 0.40449700 -0.00176600
v -0.06952900 0.41460100 -0.00213200
v -0.05673600 0.42166400 -0.00213200
v -0.08142700 0.40606600 -0.00213200
v -0.09015300 0.39362300 -0.00095700
v -0.09968600 0.38283300 -0.00095700
v -0.10075300 0.38386400 -0.00176600
v -0.09110700 0.39475900 -0.00176600
v -0.10211600 0.38518000 -0.00213200
v -0.09232500 0.39620900 -0.00213200
v -0.10520200 0.38816100 -0.00191600
v -0.09508400 0.39949500 -0.00191600
v -0.09369000 0.39783400 -0.00215000
v -0.10364200 0.38665500 -0.00215000
v -0.08383100 0.40962100 -0.00191600
v -0.08261600 0.40782500 -0.00215000
v -0.07155500 0.41838800 -0.00191600
v -0.05836900 0.42564300 -0.00191600
v -0.05754400 0.42363200 -0.00215000
v -0.07053100 0.41647400 -0.00215000
v -0.10803500 0.37104400 -0.00095700
v -0.10920300 0.37195900 -0.00176600
v -0.11523400 0.35837800 -0.00095700
v -0.11649100 0.35916900 -0.00176600
v -0.11069400 0.37312700 -0.00213200
v -0.11809500 0.36017900 -0.00213200
v -0.12132100 0.34495500 -0.00095700
v -0.12772300 0.33142500 -0.00176600
v -0.12265200 0.34561600 -0.00176600
v -0.12950000 0.33210100 -0.00213200
v -0.12435200 0.34646100 -0.00213200
v -0.13352700 0.33363200 -0.00191600
v -0.12820400 0.34837400 -0.00191600
v -0.12625700 0.34740700 -0.00215000
v -0.13149200 0.33285800 -0.00215000
v -0.12173000 0.36246600 -0.00191600
v -0.11989300 0.36131000 -0.00215000
v -0.11407300 0.37577400 -0.00191600
v -0.11236600 0.37443600 -0.00215000
v -0.13173700 0.31671800 -0.00176600
v -0.13469300 0.30159200 -0.00176600
v -0.13357400 0.31722500 -0.00213200
v -0.13657100 0.30193300 -0.00213200
v -0.13658800 0.28614100 -0.00176600
v -0.13849200 0.28632000 -0.00213200
v -0.14280500 0.28672700 -0.00191600
v -0.14062500 0.28652200 -0.00215000
v -0.14082500 0.30270400 -0.00191600
v -0.13867500 0.30231400 -0.00215000
v -0.13773400 0.31837400 -0.00191600
v -0.13563100 0.31779300 -0.00215000
v -0.08983000 0.09904800 0.00071300
v -0.09663900 0.10867800 0.00071300
v -0.09535100 0.10924900 -0.00022500
v -0.08851100 0.09967400 -0.00022500
v -0.10346600 0.11871700 0.00071300
v -0.10224000 0.11926600 -0.00022500
v -0.09364500 0.11001800 -0.00096700
v -0.08677100 0.10052900 -0.00096700
v -0.10061100 0.12000000 -0.00096700
v -0.11032600 0.12960100 0.00071300
v -0.11723300 0.14176700 0.00071300
v -0.11613200 0.14229800 -0.00022500
v -0.10916900 0.13014300 -0.00022500
v -0.11466900 0.14300400 -0.00096700
v -0.10763100 0.13086500 -0.00096700
v -0.11096200 0.14479100 -0.00191600
v -0.10373400 0.13269200 -0.00191600
v -0.10579200 0.13172700 -0.00152600
v -0.11292000 0.14384700 -0.00152600
v -0.09649400 0.12187200 -0.00191600
v -0.09866600 0.12088000 -0.00152600
v -0.08936100 0.11202300 -0.00191600
v -0.08245800 0.10283800 -0.00191600
v -0.08471700 0.10159100 -0.00152600
v -0.09161600 0.11095300 -0.00152600
v -0.14100700 0.20388600 -0.00022500
v -0.13588500 0.18734200 -0.00022500
v -0.13698300 0.18696700 0.00071300
v -0.13951700 0.20428700 -0.00096700
v -0.13442400 0.18784100 -0.00096700
v -0.12981500 0.17129700 -0.00022500
v -0.13089600 0.17085600 0.00071300
v -0.12837700 0.17188400 -0.00096700
v -0.13773500 0.20476700 -0.00152600
v -0.13072400 0.18910500 -0.00191600
v -0.13267800 0.18843800 -0.00152600
v -0.12473500 0.17337100 -0.00191600
v -0.12665900 0.17258500 -0.00152600
v -0.11997400 0.15759400 -0.00152600
v -0.11805500 0.15847500 -0.00191600
v -0.12168800 0.15680700 -0.00096700
v -0.12420100 0.15565400 0.00071300
v -0.12312300 0.15614900 -0.00022500
v -0.05834800 0.42558900 0.01447600
v -0.05912300 0.42747900 0.01399600
v -0.07249000 0.42013500 0.01399600
v -0.07152800 0.41833700 0.01447600
v -0.05981900 0.42917300 0.01332800
v -0.07335200 0.42174800 0.01332800
v -0.08494000 0.41126100 0.01399600
v -0.08379900 0.40957300 0.01447600
v -0.08596300 0.41277500 0.01332800
v -0.06040200 0.43059500 0.01247700
v -0.06084200 0.43166600 0.01144800
v -0.07462200 0.42412000 0.01144800
v -0.07407600 0.42310100 0.01247700
v -0.08746900 0.41500200 0.01144800
v -0.08682200 0.41404500 0.01247700
v -0.10987400 0.39267400 0.01144800
v -0.10904300 0.39187200 0.01247700
v -0.09851800 0.40358300 0.01247700
v -0.09926000 0.40446700 0.01144800
v -0.10794100 0.39080700 0.01332800
v -0.09753200 0.40240900 0.01332800
v -0.10662600 0.38953700 0.01399600
v -0.10516100 0.38812100 0.01447600
v -0.09504700 0.39945000 0.01447600
v -0.09635700 0.40101000 0.01399600
v -0.11563200 0.37699500 0.01399600
v -0.11402800 0.37573800 0.01447600
v -0.11707100 0.37812100 0.01332800
v -0.12340600 0.36352200 0.01399600
v -0.12168100 0.36243600 0.01447600
v -0.12495400 0.36449600 0.01332800
v -0.11918800 0.37977900 0.01144800
v -0.11827800 0.37906700 0.01247700
v -0.12723100 0.36592900 0.01144800
v -0.12625300 0.36531300 0.01247700
v -0.13962300 0.33594900 0.01144800
v -0.13853900 0.33553700 0.01247700
v -0.13299600 0.35075500 0.01247700
v -0.13403300 0.35127000 0.01144800
v -0.13710000 0.33499000 0.01332800
v -0.13162000 0.35007100 0.01332800
v -0.13538500 0.33433800 0.01399600
v -0.13347300 0.33361100 0.01447600
v -0.12815200 0.34834800 0.01447600
v -0.12998000 0.34925700 0.01399600
v -0.14817300 0.28723300 0.01247700
v -0.14933400 0.28734300 0.01144800
v -0.14663200 0.28708800 0.01332800
v -0.14611900 0.30366400 0.01247700
v -0.14726400 0.30387200 0.01144800
v -0.14459900 0.30338900 0.01332800
v -0.14274700 0.28672200 0.01447600
v -0.14479500 0.28691500 0.01399600
v -0.14076800 0.30269400 0.01447600
v -0.14278800 0.30306000 0.01399600
v -0.13965300 0.31890300 0.01399600
v -0.13767800 0.31835800 0.01447600
v -0.14142400 0.31939200 0.01332800
v -0.14403000 0.32011200 0.01144800
v -0.14291000 0.31980300 0.01247700
v -0.08238900 0.10286800 0.01447600
v -0.08003500 0.10427600 0.01476500
v -0.08691500 0.11322200 0.01476500
v -0.08929500 0.11205100 0.01447600
v -0.07718200 0.10552600 0.01482700
v -0.08427100 0.11428100 0.01479800
v -0.09412400 0.12296300 0.01476500
v -0.09643100 0.12190000 0.01447600
v -0.09179200 0.12398000 0.01478000
v -0.07341800 0.10630700 0.01463100
v -0.06745200 0.10602700 0.01403300
v -0.07866300 0.11567800 0.01375400
v -0.08122100 0.11501800 0.01451500
v -0.08773800 0.12552300 0.01364500
v -0.08954100 0.12483400 0.01444200
v -0.10356100 0.14835900 0.01360800
v -0.10497800 0.14767600 0.01441800
v -0.09744400 0.13564300 0.01441800
v -0.09595500 0.13634100 0.01360800
v -0.10678900 0.14680300 0.01477400
v -0.09934700 0.13475000 0.01477400
v -0.10882200 0.14582300 0.01476500
v -0.11090700 0.14481800 0.01447600
v -0.10367600 0.13272000 0.01447600
v -0.10148500 0.13374700 0.01476500
v -0.12820300 0.20733600 0.01360800
v -0.12964600 0.20694800 0.01441800
v -0.12474900 0.19114500 0.01441800
v -0.12333500 0.19162800 0.01360800
v -0.13149000 0.20645100 0.01477400
v -0.12655700 0.19052800 0.01477400
v -0.11885600 0.17577000 0.01441800
v -0.11746400 0.17633800 0.01360800
v -0.12063500 0.17504400 0.01477400
v -0.13356200 0.20589200 0.01476500
v -0.13066800 0.18912400 0.01447600
v -0.12858800 0.18983500 0.01476500
v -0.12468100 0.17339300 0.01447600
v -0.12263300 0.17422900 0.01476500
v -0.11595800 0.15943700 0.01476500
v -0.11800100 0.15850000 0.01447600
v -0.11396500 0.16035200 0.01477400
v -0.11080200 0.16180400 0.01360800
v -0.11219000 0.16116700 0.01441800
v -0.10988400 0.39268400 0.00071300
v -0.11037700 0.39316000 0.00186100
v -0.09970900 0.40500200 0.00186100
v -0.09926900 0.40447800 0.00071300
v -0.11062300 0.39339800 0.00316500
v -0.09993000 0.40526400 0.00316500
v -0.08786000 0.41558000 0.00186100
v -0.08747600 0.41501300 0.00071300
v -0.08805100 0.41586400 0.00316500
v -0.11070500 0.39347700 0.00457400
v -0.11070500 0.39347700 0.00603500
v -0.10000300 0.40535200 0.00603500
v -0.10000300 0.40535200 0.00457400
v -0.08811500 0.41595900 0.00603500
v -0.08811500 0.41595900 0.00457400
v -0.06128100 0.43273700 0.00603500
v -0.06128100 0.43273700 0.00457400
v -0.07516700 0.42514000 0.00457400
v -0.07516700 0.42514000 0.00603500
v -0.06123800 0.43263100 0.00316500
v -0.07511300 0.42503900 0.00316500
v -0.06110800 0.43231400 0.00186100
v -0.06084700 0.43167800 0.00071300
v -0.07462800 0.42413200 0.00071300
v -0.07495100 0.42473600 0.00186100
v -0.13963500 0.33595300 0.00071300
v -0.14027800 0.33619800 0.00186100
v -0.13466000 0.35158100 0.00186100
v -0.13404500 0.35127600 0.00071300
v -0.14060000 0.33632000 0.00316500
v -0.13496700 0.35173400 0.00316500
v -0.12782300 0.36630100 0.00186100
v -0.12724200 0.36593600 0.00071300
v -0.12811300 0.36648400 0.00316500
v -0.14070700 0.33636100 0.00457400
v -0.14070700 0.33636100 0.00603500
v -0.13507000 0.35178500 0.00603500
v -0.13507000 0.35178500 0.00457400
v -0.12821000 0.36654500 0.00603500
v -0.12821000 0.36654500 0.00457400
v -0.12009800 0.38049200 0.00457400
v -0.12009800 0.38049200 0.00603500
v -0.12000800 0.38042100 0.00316500
v -0.11919800 0.37978800 0.00071300
v -0.11973800 0.38021000 0.00186100
v -0.15003600 0.28740900 0.00186100
v -0.14934700 0.28734400 0.00071300
v -0.15038000 0.28744200 0.00316500
v -0.14795700 0.30399800 0.00186100
v -0.14727700 0.30387400 0.00071300
v -0.14829600 0.30405900 0.00316500
v -0.15049500 0.28745200 0.00603500
v -0.15049500 0.28745200 0.00457400
v -0.14841000 0.30408000 0.00603500
v -0.14841000 0.30408000 0.00457400
v -0.14515000 0.32042100 0.00457400
v -0.14515000 0.32042100 0.00603500
v -0.14504000 0.32039000 0.00316500
v -0.14404300 0.32011500 0.00071300
v -0.14470700 0.32029900 0.00186100
v -0.11722000 0.14177400 0.01144800
v -0.11788800 0.14145200 0.01024600
v -0.11101400 0.12927800 0.01024600
v -0.11031300 0.12960700 0.01144800
v -0.11822200 0.14129100 0.00891500
v -0.11136500 0.12911300 0.00891500
v -0.10419600 0.11838900 0.01024600
v -0.10345200 0.11872300 0.01144800
v -0.10456800 0.11822200 0.00891500
v -0.11833300 0.14123700 0.00749700
v -0.11833300 0.14123700 0.00603500
v -0.11148200 0.12905800 0.00603500
v -0.11148200 0.12905800 0.00749700
v -0.10469200 0.11816700 0.00603500
v -0.10469200 0.11816700 0.00749700
v -0.09114900 0.09842300 0.00603500
v -0.09114900 0.09842300 0.00749700
v -0.09792600 0.10810700 0.00749700
v -0.09792600 0.10810700 0.00603500
v -0.09101600 0.09848600 0.00891500
v -0.09779600 0.10816500 0.00891500
v -0.09061500 0.09867600 0.01024600
v -0.08981500 0.09905600 0.01144800
v -0.09662400 0.10868500 0.01144800
v -0.09740500 0.10833800 0.01024600
v -0.14279500 0.20340400 0.01024600
v -0.13763800 0.18674400 0.01024600
v -0.13697100 0.18697200 0.01144800
v -0.14313500 0.20331200 0.00891500
v -0.13797100 0.18663000 0.00891500
v -0.13154000 0.17059300 0.01024600
v -0.13088400 0.17086100 0.01144800
v -0.13186800 0.17045900 0.00891500
v -0.14324900 0.20328100 0.00749700
v -0.13808200 0.18659200 0.00603500
v -0.13808200 0.18659200 0.00749700
v -0.13197700 0.17041500 0.00603500
v -0.13197700 0.17041500 0.00749700
v -0.12528000 0.15515900 0.00749700
v -0.12528000 0.15515900 0.00603500
v -0.12517100 0.15520900 0.00891500
v -0.12418900 0.15566000 0.01144800
v -0.12484300 0.15536000 0.01024600
v -0.10357400 0.14835300 -0.00095700
v -0.10271600 0.14876700 0.00039100
v -0.09506700 0.13675800 0.00039100
v -0.09596800 0.13633500 -0.00095700
v -0.10228800 0.14897300 0.00214500
v -0.09461600 0.13696900 0.00214500
v -0.08675400 0.12604200 0.00036700
v -0.08775200 0.12551700 -0.00099400
v -0.08631200 0.12637200 0.00213900
v -0.10214500 0.14904200 0.00416800
v -0.10214500 0.14904200 0.00632600
v -0.09446600 0.13704000 0.00632600
v -0.09446600 0.13704000 0.00416800
v -0.08616500 0.12648200 0.00632600
v -0.08616500 0.12648200 0.00416800
v -0.06684500 0.10990200 0.00632600
v -0.06684500 0.10990200 0.00416800
v -0.07702900 0.11742000 0.00416800
v -0.07702900 0.11742000 0.00632600
v -0.06690800 0.10957500 0.00210800
v -0.07714800 0.11719100 0.00212100
v -0.06709800 0.10859400 0.00024600
v -0.06747200 0.10602400 -0.00138200
v -0.07867900 0.11567300 -0.00110300
v -0.07750500 0.11650500 0.00029400
v -0.12734200 0.20756800 0.00039100
v -0.12249200 0.19191600 0.00039100
v -0.12334800 0.19162400 -0.00095700
v -0.12690600 0.20768600 0.00214500
v -0.12206400 0.19206200 0.00214500
v -0.11663400 0.17667700 0.00039100
v -0.11747700 0.17633300 -0.00095700
v -0.11621300 0.17684900 0.00214500
v -0.12676000 0.20772500 0.00416800
v -0.12676000 0.20772500 0.00632600
v -0.12192100 0.19211100 0.00632600
v -0.12192100 0.19211100 0.00416800
v -0.11607200 0.17690600 0.00632600
v -0.11607200 0.17690600 0.00416800
v -0.10941300 0.16244100 0.00416800
v -0.10941300 0.16244100 0.00632600
v -0.10955400 0.16237600 0.00214500
v -0.11081400 0.16179800 -0.00095700
v -0.10997400 0.16218400 0.00039100
v -0.13477700 0.25479000 0.00039100
v -0.13432600 0.25481700 0.00214500
v -0.13344500 0.23906300 0.00039100
v -0.13299700 0.23912200 0.00214500
v -0.13417600 0.25482600 0.00632600
v -0.13417600 0.25482600 0.00416800
v -0.13284700 0.23914100 0.00632600
v -0.13284700 0.23914100 0.00416800
v -0.13038900 0.22342100 0.00416800
v -0.13038900 0.22342100 0.00632600
v -0.13053600 0.22339200 0.00214500
v -0.13098000 0.22330300 0.00039100
v -0.09967700 0.38282400 0.01360800
v -0.09904200 0.38221100 0.01226000
v -0.08957700 0.39293800 0.01226000
v -0.09014500 0.39361300 0.01360800
v -0.09872500 0.38190400 0.01050700
v -0.08929400 0.39260000 0.01050700
v -0.07903400 0.40252700 0.01226000
v -0.07952800 0.40325700 0.01360800
v -0.07878700 0.40216100 0.01050700
v -0.09861900 0.38180200 0.00848400
v -0.09861900 0.38180200 0.00632600
v -0.08919900 0.39248800 0.00632600
v -0.08919900 0.39248800 0.00848400
v -0.07870500 0.40203900 0.00632600
v -0.07870500 0.40203900 0.00848400
v -0.05488600 0.41715600 0.00632600
v -0.05488600 0.41715600 0.00848400
v -0.06723400 0.41031100 0.00848400
v -0.06723400 0.41031100 0.00632600
v -0.05494200 0.41729300 0.01050700
v -0.06730400 0.41044100 0.01050700
v -0.05511000 0.41770200 0.01226000
v -0.05544600 0.41852000 0.01360800
v -0.06792900 0.41160900 0.01360800
v -0.06751200 0.41083000 0.01226000
v -0.12631800 0.33089100 0.01360800
v -0.12549000 0.33057600 0.01226000
v -0.12051700 0.34455500 0.01226000
v -0.12130900 0.34494900 0.01360800
v -0.12507700 0.33041900 0.01050700
v -0.12012200 0.34435900 0.01050700
v -0.11447600 0.35790000 0.01226000
v -0.11522300 0.35837100 0.01360800
v -0.11410200 0.35766500 0.01050700
v -0.12493900 0.33036600 0.00848400
v -0.11999000 0.34429300 0.00632600
v -0.11999000 0.34429300 0.00848400
v -0.11397800 0.35758700 0.00632600
v -0.11397800 0.35758700 0.00848400
v -0.10686700 0.37012900 0.00848400
v -0.10686700 0.37012900 0.00632600
v -0.10698200 0.37022000 0.01050700
v -0.10802400 0.37103600 0.01360800
v -0.10733000 0.37049200 0.01226000
v -0.04625500 0.43749500 0.00071300
v -0.04592700 0.43639600 -0.00022500
v -0.06041200 0.43061900 -0.00022500
v -0.03105600 0.44161200 0.00071300
v -0.03083700 0.44048500 -0.00022500
v -0.04549100 0.43493500 -0.00096700
v -0.05983400 0.42921100 -0.00096700
v -0.03054500 0.43898600 -0.00096700
v -0.01545200 0.44405800 0.00071300
v -0.01534200 0.44291400 -0.00022500
v -0.01519500 0.44139300 -0.00096700
v -0.01482500 0.43753900 -0.00191600
v -0.01502000 0.43957400 -0.00152600
v -0.02980500 0.43518900 -0.00191600
v -0.03019600 0.43719400 -0.00152600
v -0.04438600 0.43123400 -0.00191600
v -0.05914300 0.42752700 -0.00152600
v -0.04497000 0.43318900 -0.00152600
v -0.04218000 0.42384300 0.01360800
v -0.04260200 0.42525800 0.01441800
v -0.05600500 0.41988300 0.01441800
v -0.02832800 0.42760900 0.01360800
v -0.02861100 0.42906000 0.01441800
v -0.04314200 0.42706600 0.01477400
v -0.05672100 0.42162600 0.01477400
v -0.02897200 0.43091400 0.01477400
v -0.01408400 0.42984500 0.01360800
v -0.01422600 0.43131700 0.01441800
v -0.01440700 0.43320000 0.01477400
v -0.01481900 0.43748100 0.01447600
v -0.01461100 0.43531400 0.01476500
v -0.02979400 0.43513200 0.01447600
v -0.02937800 0.43299700 0.01476500
v -0.04437000 0.43117800 0.01447600
v -0.05752400 0.42358300 0.01476500
v -0.04374900 0.42909700 0.01476500
v -0.04625200 0.43748200 0.01144800
v -0.04645100 0.43814900 0.01024600
v -0.06110600 0.43230900 0.01024600
v -0.03105400 0.44159900 0.01144800
v -0.03118700 0.44228300 0.01024600
v -0.04655000 0.43848300 0.00891500
v -0.06123700 0.43263000 0.00891500
v -0.03125400 0.44262500 0.00891500
v -0.01545100 0.44404500 0.01144800
v -0.01551700 0.44473900 0.01024600
v -0.01555100 0.44508600 0.00891500
v -0.01556200 0.44520200 0.00603500
v -0.01556200 0.44520200 0.00749700
v -0.03127600 0.44273900 0.00603500
v -0.03127600 0.44273900 0.00749700
v -0.04658300 0.43859400 0.00603500
v -0.06128100 0.43273700 0.00749700
v -0.04658300 0.43859400 0.00749700
v -0.04218400 0.42385600 -0.00095700
v -0.04192800 0.42300000 0.00039100
v -0.05511200 0.41770700 0.00039100
v -0.02833000 0.42762200 -0.00095700
v -0.02815900 0.42674400 0.00039100
v -0.04180000 0.42257200 0.00214500
v -0.05494200 0.41729400 0.00214500
v -0.02807400 0.42630400 0.00214500
v -0.01408500 0.42985800 -0.00095700
v -0.01400000 0.42896700 0.00039100
v -0.01395700 0.42852100 0.00214500
v -0.01394200 0.42837200 0.00632600
v -0.01394200 0.42837200 0.00416800
v -0.02804500 0.42615800 0.00632600
v -0.02804500 0.42615800 0.00416800
v -0.04175800 0.42242900 0.00632600
v -0.05488600 0.41715600 0.00416800
v -0.04175800 0.42242900 0.00416800
v -0.06351000 0.06044000 0.00071300
v -0.06977800 0.07006600 0.00071300
v -0.06858600 0.07101500 -0.00022500
v -0.06236800 0.06142000 -0.00022500
v -0.07631200 0.07972300 0.00071300
v -0.07506100 0.08057600 -0.00022500
v -0.06696700 0.07235100 -0.00097400
v -0.06076200 0.06278000 -0.00097700
v -0.07341900 0.08177600 -0.00096800
v -0.08302500 0.08939000 0.00071300
v -0.08172500 0.09012300 -0.00022500
v -0.08002400 0.09114100 -0.00096700
v -0.07590500 0.09401100 -0.00191600
v -0.07804400 0.09244000 -0.00152600
v -0.06951300 0.08533200 -0.00192700
v -0.07149600 0.08332800 -0.00153300
v -0.06309100 0.07659100 -0.00195800
v -0.05582000 0.06677600 -0.00203900
v -0.05868600 0.06450400 -0.00156800
v -0.06497400 0.07408400 -0.00155400
v -0.04880100 0.08351100 0.01495700
v -0.05239800 0.08815000 0.01495700
v -0.05713400 0.08663100 0.01495700
v -0.05291700 0.08164200 0.01495700
v -0.05637900 0.09322200 0.01487500
v -0.06176800 0.09232500 0.01491400
v -0.06009800 0.08397400 0.01491800
v -0.05527900 0.07848100 0.01492800
v -0.06528800 0.09042300 0.01490000
v -0.06103000 0.09887400 0.01463100
v -0.06706400 0.09881300 0.01478400
v -0.07091800 0.09759000 0.01486600
v -0.07583600 0.09404500 0.01447600
v -0.07366200 0.09587600 0.01476500
v -0.06944500 0.08537100 0.01448900
v -0.06762200 0.08791400 0.01477300
v -0.06302600 0.07663500 0.01452800
v -0.05575800 0.06682500 0.01462800
v -0.05619800 0.07388700 0.01484100
v -0.06174100 0.08028000 0.01479900
v -0.08380000 0.08895400 0.01024600
v -0.08301000 0.08939900 0.01144800
v -0.08419500 0.08873200 0.00891500
v -0.07705800 0.07921500 0.01024600
v -0.07629800 0.07973300 0.01144800
v -0.07743800 0.07895600 0.00891500
v -0.08432600 0.08865800 0.00603500
v -0.08432600 0.08865800 0.00749700
v -0.07756400 0.07887000 0.00603500
v -0.07756400 0.07887000 0.00749700
v -0.06465300 0.05945900 0.00603500
v -0.06465300 0.05945900 0.00749700
v -0.07097100 0.06911800 0.00749700
v -0.07097100 0.06911800 0.00603500
v -0.06453700 0.05955800 0.00891500
v -0.07085000 0.06921400 0.00891500
v -0.06419000 0.05985600 0.01024600
v -0.06349700 0.06045100 0.01144800
v -0.06976500 0.07007700 0.01144800
v -0.07048800 0.06950200 0.01024600
v -0.04887600 0.08350700 -0.00230600
v -0.05246900 0.08814600 -0.00230600
v -0.04553300 0.08840100 -0.00230600
v -0.04271900 0.08419700 -0.00230600
v -0.05643700 0.09321700 -0.00222400
v -0.04851300 0.09269100 -0.00219500
v -0.03704000 0.08781800 -0.00230600
v -0.03505700 0.08407800 -0.00230600
v -0.03897800 0.09135400 -0.00217700
v -0.06107100 0.09886900 -0.00198000
v -0.05439100 0.10072900 -0.00110300
v -0.05179500 0.09708700 -0.00186400
v -0.04226900 0.09706000 -0.00099400
v -0.04082900 0.09455200 -0.00179100
v -0.01932600 0.09233300 -0.00095700
v -0.01897800 0.09067500 -0.00176600
v -0.02972200 0.09235600 -0.00176600
v -0.03046000 0.09427800 -0.00095700
v -0.01852100 0.08846900 -0.00217100
v -0.02875900 0.08981900 -0.00217100
v -0.01798500 0.08583400 -0.00230600
v -0.01740100 0.08288500 -0.00230600
v -0.02643500 0.08351800 -0.00230600
v -0.02764000 0.08682200 -0.00230600
v -0.04261900 0.08422600 0.01495700
v -0.04544100 0.08842700 0.01495700
v -0.03493000 0.08414500 0.01495700
v -0.03692400 0.08787900 0.01495700
v -0.04844000 0.09271200 0.01484600
v -0.03888800 0.09140100 0.01482800
v -0.02629400 0.08362900 0.01495700
v -0.01726900 0.08303500 0.01495700
v -0.01786500 0.08597000 0.01495700
v -0.02751100 0.08692200 0.01495700
v -0.01842800 0.08857500 0.01482200
v -0.02865900 0.08989700 0.01482200
v -0.01929600 0.09236800 0.01360800
v -0.03042800 0.09430300 0.01360800
v -0.02965800 0.09240600 0.01441800
v -0.01891800 0.09074300 0.01441800
v -0.04224000 0.09707600 0.01364500
v -0.04077100 0.09458300 0.01444200
v -0.05436700 0.10073700 0.01375400
v -0.05174700 0.09710100 0.01451500
v -0.03964400 0.05934100 -0.00095700
v -0.03734200 0.05290100 -0.00095700
v -0.03964600 0.05325700 -0.00176700
v -0.04211000 0.06008000 -0.00176700
v -0.03411800 0.04499000 -0.00095700
v -0.03622000 0.04503400 -0.00176600
v -0.04273700 0.05385300 -0.00213900
v -0.04553000 0.06132400 -0.00214800
v -0.03890700 0.04507600 -0.00213400
v -0.03014500 0.03612500 -0.00095700
v -0.02559500 0.02682600 -0.00095700
v -0.02735500 0.02636100 -0.00176600
v -0.03205000 0.03590500 -0.00176600
v -0.02958300 0.02576000 -0.00213200
v -0.03445000 0.03558000 -0.00213200
v -0.03449800 0.02434800 -0.00191600
v -0.03966500 0.03455300 -0.00191600
v -0.03707700 0.03513500 -0.00215000
v -0.03204300 0.02507200 -0.00215000
v -0.04486500 0.04483400 -0.00192700
v -0.04192700 0.04509300 -0.00215700
v -0.05011000 0.05524200 -0.00195800
v -0.04987300 0.06328300 -0.00221200
v -0.04648400 0.05479100 -0.00217800
v -0.03440300 0.02437000 0.01447600
v -0.03959300 0.03458400 0.01447600
v -0.04188100 0.03384600 0.01399600
v -0.03662600 0.02365800 0.01399600
v -0.04480500 0.04487300 0.01448900
v -0.04725100 0.04408200 0.01400400
v -0.04383300 0.03305000 0.01332800
v -0.03856300 0.02299600 0.01332800
v -0.04924600 0.04305300 0.01333000
v -0.05005200 0.05528900 0.01452800
v -0.05863200 0.06454900 0.01404800
v -0.05278900 0.05442500 0.01403000
v -0.06072100 0.06281500 0.01334100
v -0.05485100 0.05300600 0.01333600
v -0.05758200 0.05087400 0.01144800
v -0.05644700 0.05179500 0.01247700
v -0.06234100 0.06144300 0.01247700
v -0.05195800 0.04130000 0.01144800
v -0.05082100 0.04208300 0.01247700
v -0.04656200 0.03168700 0.01144800
v -0.04133200 0.02198900 0.01144800
v -0.04015200 0.02242600 0.01247700
v -0.04540800 0.03229700 0.01247700
v -0.05759500 0.05086300 0.00071300
v -0.05826900 0.05031600 0.00186100
v -0.06419600 0.05985200 0.00186100
v -0.05197200 0.04129100 0.00071300
v -0.05264600 0.04082700 0.00186100
v -0.05860600 0.05004300 0.00316500
v -0.06453800 0.05955700 0.00316500
v -0.05298400 0.04059500 0.00316500
v -0.04657900 0.03168000 0.00071300
v -0.04135300 0.02198400 0.00071300
v -0.04204800 0.02172500 0.00186100
v -0.04726200 0.03131800 0.00186100
v -0.04239500 0.02159500 0.00316500
v -0.04760300 0.03113700 0.00316500
v -0.04251100 0.02155200 0.00603500
v -0.04771700 0.03107700 0.00603500
v -0.04771700 0.03107700 0.00457400
v -0.04251100 0.02155200 0.00457400
v -0.05309600 0.04051700 0.00603500
v -0.05309600 0.04051700 0.00457400
v -0.05871800 0.04995200 0.00603500
v -0.06465300 0.05945900 0.00457400
v -0.05871800 0.04995200 0.00457400
v -0.02693500 0.01506000 -0.00215000
v -0.02935400 0.01416900 -0.00191600
v -0.02452600 0.01600700 -0.00213200
v -0.02173500 0.00538300 -0.00215700
v -0.02417000 0.00408400 -0.00192700
v -0.01936700 0.00682700 -0.00213400
v -0.02063800 0.01761000 -0.00095700
v -0.02235200 0.01689400 -0.00176600
v -0.01557200 0.00902400 -0.00095700
v -0.01724200 0.00807000 -0.00176600
v -0.01222600 0.00045400 -0.00176600
v -0.01069400 0.00161500 -0.00095700
v -0.01419400 -0.00127500 -0.00213900
v -0.01888700 -0.00583500 -0.00195800
v -0.01642300 -0.00367500 -0.00217800
v -0.02922200 0.01418400 0.01447600
v -0.02681600 0.01507400 0.01476500
v -0.03195700 0.02509200 0.01476500
v -0.02401900 0.00409400 0.01448900
v -0.02160400 0.00539200 0.01477300
v -0.02443400 0.01601800 0.01477400
v -0.02951700 0.02577500 0.01477400
v -0.01927000 0.00683300 0.01477600
v -0.01876400 -0.00583000 0.01452800
v -0.01289900 -0.01631300 0.01462800
v -0.01097100 -0.01081600 0.01484100
v -0.01633600 -0.00367000 0.01479900
v -0.00916700 -0.00753900 0.01479300
v -0.01414600 -0.00127200 0.01478300
v -0.00633700 -0.00406600 0.01360800
v -0.01068200 0.00161700 0.01360800
v -0.01220100 0.00045600 0.01441800
v -0.00757500 -0.00538900 0.01441800
v -0.01554100 0.00902600 0.01360800
v -0.01718100 0.00807500 0.01441800
v -0.02060800 0.01761300 0.01360800
v -0.02557300 0.02683100 0.01360800
v -0.02731200 0.02637100 0.01441800
v -0.02229200 0.01690100 0.01441800
v -0.03623400 0.01215900 0.00071300
v -0.03693800 0.01198200 0.00186100
v -0.03138200 0.00229300 0.00071300
v -0.03209400 0.00218100 0.00186100
v -0.03729100 0.01189400 0.00316500
v -0.03244900 0.00212400 0.00316500
v -0.02696000 -0.00752600 0.00071300
v -0.02312900 -0.01721100 0.00071300
v -0.02384100 -0.01724300 0.00186100
v -0.02767400 -0.00759100 0.00186100
v -0.02419800 -0.01726000 0.00316500
v -0.02803200 -0.00762400 0.00316500
v -0.02431600 -0.01726500 0.00603500
v -0.02815100 -0.00763500 0.00603500
v -0.02815100 -0.00763500 0.00457400
v -0.02431600 -0.01726500 0.00457400
v -0.03256800 0.00210600 0.00603500
v -0.03256800 0.00210500 0.00457400
v -0.03740800 0.01186500 0.00603500
v -0.03740800 0.01186500 0.00457400
v -0.02004900 -0.02667300 0.00071300
v -0.02075500 -0.02668600 0.00186100
v -0.01767300 -0.03540300 0.00070200
v -0.01836900 -0.03540600 0.00185100
v -0.02110800 -0.02669300 0.00316500
v -0.01871800 -0.03540800 0.00315800
v -0.01594800 -0.04289100 0.00066700
v -0.01482700 -0.04862800 0.00059800
v -0.01551900 -0.04862800 0.00176600
v -0.01663900 -0.04289100 0.00182300
v -0.01586500 -0.04862800 0.00309800
v -0.01698500 -0.04289100 0.00313800
v -0.01598100 -0.04862800 0.00603400
v -0.01710000 -0.04289100 0.00603500
v -0.01710000 -0.04289100 0.00456000
v -0.01598000 -0.04862800 0.00453900
v -0.01883400 -0.03540900 0.00603500
v -0.01883400 -0.03540900 0.00457000
v -0.02122500 -0.02669500 0.00603500
v -0.02122500 -0.02669500 0.00457400
v 0.01075300 -0.02665700 0.01452800
v 0.01456900 -0.02648300 0.01403000
v 0.00921100 -0.03539900 0.01450300
v 0.01259300 -0.03535600 0.01401800
v 0.01736700 -0.02659600 0.01333600
v 0.01516100 -0.03538400 0.01334300
v 0.00815700 -0.04289100 0.01453000
v 0.00749100 -0.04862800 0.01461000
v 0.01033600 -0.04862800 0.01412900
v 0.01121600 -0.04289100 0.01404900
v 0.01259500 -0.04862800 0.01345900
v 0.01360000 -0.04289100 0.01338000
v 0.01549800 -0.04862800 0.01156100
v 0.01659100 -0.04289100 0.01149300
v 0.01537100 -0.04289100 0.01252700
v 0.01430300 -0.04862800 0.01260200
v 0.01828500 -0.03540300 0.01145900
v 0.01702500 -0.03539800 0.01248900
v 0.02063800 -0.02667300 0.01144800
v 0.01933900 -0.02665100 0.01247700
v -0.01494600 -0.05528900 -0.00087400
v -0.01499700 -0.05570100 -0.00096800
v -0.01583000 -0.05570100 0.00046400
v -0.01577400 -0.05528900 0.00054400
v -0.01502300 -0.05621200 -0.00101500
v -0.01585900 -0.05621200 0.00042500
v -0.01624700 -0.05570100 0.00214000
v -0.01618800 -0.05528900 0.00219900
v -0.01627700 -0.05621200 0.00211000
v -0.01503200 -0.05679200 -0.00103100
v -0.01503200 -0.05740700 -0.00103100
v -0.01586800 -0.05740700 0.00041100
v -0.01586800 -0.05679200 0.00041100
v -0.01628700 -0.05740700 0.00209900
v -0.01628700 -0.05679200 0.00210000
v -0.01642600 -0.05740700 0.00588500
v -0.01642600 -0.05679200 0.00588500
v -0.01642600 -0.05679200 0.00395100
v -0.01642600 -0.05740700 0.00395100
v -0.01641600 -0.05621200 0.00588700
v -0.01641600 -0.05621200 0.00395800
v -0.01638600 -0.05570100 0.00589400
v -0.01632600 -0.05528900 0.00590700
v -0.01632600 -0.05528900 0.00401400
v -0.01638600 -0.05570100 0.00397600
v 0.00709600 -0.05740700 -0.00395600
v 0.00380900 -0.05740700 -0.00419000
v 0.00380900 -0.05679200 -0.00419000
v 0.00709600 -0.05679200 -0.00395600
v 0.00031600 -0.05740700 -0.00426800
v 0.00031600 -0.05679200 -0.00426800
v 0.00380800 -0.05621200 -0.00417100
v 0.00709400 -0.05621200 -0.00393700
v 0.00031600 -0.05621200 -0.00424900
v -0.00317500 -0.05740700 -0.00419000
v -0.00645400 -0.05740700 -0.00395600
v -0.00645400 -0.05679200 -0.00395600
v -0.00317400 -0.05679200 -0.00419000
v -0.00645200 -0.05621200 -0.00393700
v -0.00317400 -0.05621200 -0.00417100
v -0.00643700 -0.05528900 -0.00377300
v -0.00316800 -0.05528900 -0.00400700
v -0.00317200 -0.05570100 -0.00411600
v -0.00644700 -0.05570100 -0.00388200
v 0.00031500 -0.05528900 -0.00408500
v 0.00031600 -0.05570100 -0.00419500
v 0.00380100 -0.05528900 -0.00400700
v 0.00707800 -0.05528900 -0.00377300
v 0.00708900 -0.05570100 -0.00388200
v 0.00380600 -0.05570100 -0.00411600
v -0.00645400 -0.05740700 0.01621600
v -0.00317500 -0.05740700 0.01650500
v -0.00317400 -0.05679200 0.01650500
v -0.00645400 -0.05679200 0.01621600
v 0.00031600 -0.05740700 0.01660100
v 0.00031600 -0.05679200 0.01660100
v -0.00317400 -0.05621200 0.01649100
v -0.00645200 -0.05621200 0.01620200
v 0.00031600 -0.05621200 0.01658700
v 0.00380900 -0.05740700 0.01650500
v 0.00709600 -0.05740700 0.01621600
v 0.00709600 -0.05679200 0.01621600
v 0.00380900 -0.05679200 0.01650500
v 0.00709400 -0.05621200 0.01620200
v 0.00380800 -0.05621200 0.01649100
v 0.00707900 -0.05528900 0.01607800
v 0.00380100 -0.05528900 0.01636600
v 0.00380600 -0.05570100 0.01644900
v 0.00708900 -0.05570100 0.01616100
v 0.00031500 -0.05528900 0.01646300
v 0.00031600 -0.05570100 0.01654600
v -0.00316800 -0.05528900 0.01636600
v -0.00643800 -0.05528900 0.01607800
v -0.00644700 -0.05570100 0.01616100
v -0.00317200 -0.05570100 0.01644900
v -0.01565900 -0.20827200 -0.00132900
v -0.01624900 -0.21399100 -0.00161300
v -0.01713000 -0.21399100 -0.00002800
v -0.01650900 -0.20827200 0.00018600
v -0.01695900 -0.21844700 -0.00194900
v -0.01787700 -0.21844700 -0.00027900
v -0.01757100 -0.21399100 0.00176800
v -0.01693400 -0.20827200 0.00192800
v -0.01833600 -0.21844700 0.00158000
v -0.01767200 -0.22196200 -0.00227400
v -0.01827300 -0.22485700 -0.00252500
v -0.01926100 -0.22485700 -0.00070700
v -0.01862800 -0.22196200 -0.00052100
v -0.01975500 -0.22485700 0.00125900
v -0.01910600 -0.22196200 0.00139900
v -0.01991900 -0.22485700 0.00543600
v -0.01926500 -0.22196200 0.00551600
v -0.01926500 -0.22196200 0.00342900
v -0.01991900 -0.22485700 0.00332300
v -0.01848900 -0.21844700 0.00561300
v -0.01848900 -0.21844700 0.00356500
v -0.01771700 -0.21399100 0.00571000
v -0.01707600 -0.20827200 0.00579300
v -0.01707600 -0.20827200 0.00382200
v -0.01771700 -0.21399100 0.00370400
v 0.00869700 -0.22485700 -0.00761000
v 0.00466600 -0.22485700 -0.00804000
v 0.00452700 -0.22196200 -0.00735600
v 0.00842800 -0.22196200 -0.00696200
v 0.00035500 -0.22485700 -0.00817200
v 0.00035500 -0.22196200 -0.00747800
v 0.00436200 -0.21844700 -0.00650800
v 0.00810800 -0.21844700 -0.00615800
v 0.00035500 -0.21844700 -0.00661800
v -0.00395500 -0.22485700 -0.00799500
v -0.00798600 -0.22485700 -0.00749700
v -0.00771700 -0.22196200 -0.00687000
v -0.00381600 -0.22196200 -0.00731900
v -0.00739700 -0.21844700 -0.00609100
v -0.00365100 -0.21844700 -0.00648100
v -0.00681300 -0.20827200 -0.00463400
v -0.00334900 -0.20827200 -0.00491700
v -0.00348600 -0.21399100 -0.00563100
v -0.00707900 -0.21399100 -0.00529900
v 0.00035400 -0.20827200 -0.00501400
v 0.00035500 -0.21399100 -0.00574600
v 0.00405700 -0.20827200 -0.00492600
v 0.00752100 -0.20827200 -0.00465500
v 0.00778900 -0.21399100 -0.00534100
v 0.00419600 -0.21399100 -0.00564800
v -0.00798600 -0.22485700 0.01934700
v -0.00395500 -0.22485700 0.01995300
v -0.00381600 -0.22196200 0.01933600
v -0.00771700 -0.22196200 0.01878800
v 0.00035500 -0.22485700 0.02016600
v 0.00035500 -0.22196200 0.01952700
v -0.00365100 -0.21844700 0.01857200
v -0.00739700 -0.21844700 0.01809500
v 0.00035500 -0.21844700 0.01873700
v 0.00466600 -0.22485700 0.01999400
v 0.00869700 -0.22485700 0.01945000
v 0.00842800 -0.22196200 0.01887200
v 0.00452700 -0.22196200 0.01936900
v 0.00810800 -0.21844700 0.01815600
v 0.00436200 -0.21844700 0.01859700
v 0.00752100 -0.20827200 0.01681900
v 0.00405700 -0.20827200 0.01715500
v 0.00419600 -0.21399100 0.01781300
v 0.00778900 -0.21399100 0.01742900
v 0.00035400 -0.20827200 0.01726500
v 0.00035500 -0.21399100 0.01793700
v -0.00334900 -0.20827200 0.01714700
v -0.00681300 -0.20827200 0.01680000
v -0.00707900 -0.21399100 0.01739100
v -0.00348600 -0.21399100 0.01779700
v -0.03722600 0.06956000 0.01360800
v -0.03596600 0.06809000 0.01226000
v -0.03236300 0.06888800 0.01226000
v -0.03337600 0.07040700 0.01360800
v -0.03533600 0.06735500 0.01050700
v -0.03185600 0.06812900 0.01050700
v -0.02759900 0.06956100 0.01226000
v -0.02832700 0.07104000 0.01360800
v -0.02723500 0.06882100 0.01050700
v -0.03512600 0.06711000 0.00848400
v -0.03512600 0.06711000 0.00632600
v -0.03168700 0.06787600 0.00632600
v -0.03168700 0.06787600 0.00848400
v -0.02711400 0.06857400 0.00632600
v -0.02711400 0.06857400 0.00848400
v -0.01493000 0.06961800 0.00632600
v -0.01493000 0.06961800 0.00848400
v -0.02149800 0.06916800 0.00848400
v -0.02149800 0.06916800 0.00632600
v -0.01496700 0.06983700 0.01050700
v -0.02157200 0.06940000 0.01050700
v -0.01507500 0.07049200 0.01226000
v -0.01529300 0.07180200 0.01360800
v -0.02224300 0.07149400 0.01360800
v -0.02179600 0.07009800 0.01226000
v -0.02453000 0.02710700 0.01226000
v -0.02899600 0.03626000 0.01226000
v -0.03012900 0.03613200 0.01360800
v -0.02400800 0.02724500 0.01050700
v -0.02843000 0.03632400 0.01050700
v -0.03285200 0.04496600 0.01226000
v -0.03410500 0.04499800 0.01360800
v -0.03222600 0.04495000 0.01050700
v -0.02383400 0.02729100 0.00848400
v -0.02383400 0.02729100 0.00632600
v -0.02824100 0.03634600 0.00632600
v -0.02824100 0.03634600 0.00848400
v -0.03201700 0.04494500 0.00632600
v -0.03201700 0.04494500 0.00848400
v -0.03717800 0.05860300 0.00632600
v -0.03717800 0.05860300 0.00848400
v -0.03503800 0.05254500 0.00848400
v -0.03503800 0.05254500 0.00632600
v -0.03742400 0.05867800 0.01050700
v -0.03526700 0.05258200 0.01050700
v -0.03816000 0.05890200 0.01226000
v -0.03963200 0.05935000 0.01360800
v -0.03733000 0.05291000 0.01360800
v -0.03595500 0.05269100 0.01226000
v -0.03932400 0.06306400 0.01226000
v -0.04084200 0.06379900 0.01360800
v -0.03856500 0.06269700 0.01050700
v -0.03938600 0.06566100 0.01226000
v -0.04089000 0.06669200 0.01360800
v -0.03863500 0.06514500 0.01050700
v -0.03831200 0.06257400 0.00632600
v -0.03831200 0.06257400 0.00848400
v -0.03838400 0.06497300 0.00632600
v -0.03838400 0.06497300 0.00848400
v -0.03734000 0.06631300 0.00848400
v -0.03734000 0.06631300 0.00632600
v -0.03757700 0.06652900 0.01050700
v -0.03970700 0.06846800 0.01360800
v -0.03828700 0.06717500 0.01226000
v -0.00559400 -0.00327300 0.01226000
v -0.00977100 0.00231300 0.01226000
v -0.00522300 -0.00287600 0.01050700
v -0.00931500 0.00266100 0.01050700
v -0.01455800 0.00959600 0.01226000
v -0.01406600 0.00988200 0.01050700
v -0.00509900 -0.00274400 0.00848400
v -0.00509900 -0.00274400 0.00632600
v -0.00916300 0.00277700 0.00632600
v -0.00916300 0.00277700 0.00848400
v -0.01390200 0.00997700 0.00632600
v -0.01390200 0.00997700 0.00848400
v -0.01892400 0.01832500 0.00848400
v -0.01892400 0.01832500 0.00632600
v -0.01909200 0.01825300 0.01050700
v -0.01959700 0.01804000 0.01226000
v -0.02026200 -0.23296000 0.00532700
v -0.02026200 -0.23296000 0.00330900
v -0.01988200 -0.23387400 0.00333900
v -0.01988200 -0.23387400 0.00528400
v -0.02009500 -0.23296000 0.00132600
v -0.01971800 -0.23387400 0.00142800
v -0.01941800 -0.23441900 0.00337000
v -0.01941800 -0.23441900 0.00523100
v -0.01925800 -0.23441900 0.00153900
v -0.01959200 -0.23296000 -0.00058200
v -0.01858800 -0.23296000 -0.00238100
v -0.01823900 -0.23387400 -0.00215800
v -0.01922500 -0.23387400 -0.00041500
v -0.01781300 -0.23441900 -0.00190900
v -0.01877600 -0.23441900 -0.00023100
v -0.01702300 -0.23489100 -0.00145000
v -0.01794400 -0.23489100 0.00011000
v -0.01832300 -0.23471600 -0.00004900
v -0.01738200 -0.23471600 -0.00166400
v -0.01840500 -0.23489100 0.00174400
v -0.01879300 -0.23471600 0.00164800
v -0.01855900 -0.23489100 0.00342700
v -0.01855900 -0.23489100 0.00513500
v -0.01895000 -0.23471600 0.00517800
v -0.01895000 -0.23471600 0.00339900
v 0.00813700 -0.23489100 -0.00622200
v 0.00437700 -0.23489100 -0.00666400
v 0.00446000 -0.23471600 -0.00700800
v 0.00829800 -0.23471600 -0.00656200
v 0.00035500 -0.23489100 -0.00680300
v 0.00035500 -0.23471600 -0.00714700
v 0.00455900 -0.23441900 -0.00740800
v 0.00849100 -0.23441900 -0.00695700
v 0.00035500 -0.23441900 -0.00754800
v -0.00366600 -0.23489100 -0.00662900
v -0.00742700 -0.23489100 -0.00613600
v -0.00758800 -0.23471600 -0.00646700
v -0.00374900 -0.23471600 -0.00697000
v -0.00778000 -0.23441900 -0.00685100
v -0.00384900 -0.23441900 -0.00736600
v -0.00812700 -0.23296000 -0.00758000
v -0.00402800 -0.23296000 -0.00811700
v -0.00394700 -0.23387400 -0.00776500
v -0.00797100 -0.23387400 -0.00723800
v 0.00035500 -0.23296000 -0.00830800
v 0.00035500 -0.23387400 -0.00795300
v 0.00473900 -0.23296000 -0.00816700
v 0.00883800 -0.23296000 -0.00770500
v 0.00868200 -0.23387400 -0.00735500
v 0.00465800 -0.23387400 -0.00781200
v -0.00742700 -0.23489100 0.01791600
v -0.00366600 -0.23489100 0.01857700
v -0.00374900 -0.23471600 0.01891400
v -0.00758800 -0.23471600 0.01825200
v 0.00035500 -0.23489100 0.01881600
v 0.00035500 -0.23471600 0.01915200
v -0.00384900 -0.23441900 0.01930700
v -0.00778000 -0.23441900 0.01864400
v 0.00035500 -0.23441900 0.01954400
v 0.00437700 -0.23489100 0.01865100
v 0.00813700 -0.23489100 0.01810100
v 0.00829800 -0.23471600 0.01842500
v 0.00446000 -0.23471600 0.01898300
v 0.00849100 -0.23441900 0.01880300
v 0.00455900 -0.23441900 0.01937000
v 0.00883800 -0.23296000 0.01951800
v 0.00473900 -0.23296000 0.02010200
v 0.00465800 -0.23387400 0.01976100
v 0.00868200 -0.23387400 0.01918400
v 0.00035500 -0.23296000 0.02028300
v 0.00035500 -0.23387400 0.01993800
v -0.00402800 -0.23296000 0.02004900
v -0.00812700 -0.23296000 0.01938400
v -0.00797100 -0.23387400 0.01903900
v -0.00394700 -0.23387400 0.01970300
v -0.01858800 -0.23296000 0.01324900
v -0.01878500 -0.23155300 0.01345400
v -0.01980000 -0.23155300 0.01149400
v -0.01959200 -0.23296000 0.01132300
v -0.01881000 -0.22970100 0.01357600
v -0.01982700 -0.22970100 0.01160000
v -0.02030700 -0.23155300 0.00947700
v -0.02009500 -0.23296000 0.00935000
v -0.02033500 -0.22970100 0.00955800
v -0.01864600 -0.22745300 0.01361600
v -0.01827300 -0.22485700 0.01357900
v -0.01926100 -0.22485700 0.01165200
v -0.01965400 -0.22745300 0.01164900
v -0.01975500 -0.22485700 0.00963200
v -0.02015700 -0.22745300 0.00960600
v -0.02032500 -0.22745300 0.00539100
v -0.02032500 -0.22745300 0.00751100
v -0.01991900 -0.22485700 0.00754900
v -0.02050400 -0.22970100 0.00536700
v -0.02050400 -0.22970100 0.00747400
v -0.02047600 -0.23155300 0.00535100
v -0.02026200 -0.23296000 0.00734600
v -0.02047600 -0.23155300 0.00742300
v -0.00404100 -0.22745300 -0.00836000
v -0.00815300 -0.22745300 -0.00783200
v 0.00035500 -0.22745300 -0.00854800
v -0.00407900 -0.22970100 -0.00846600
v -0.00822700 -0.22970100 -0.00792600
v 0.00035500 -0.22970100 -0.00866000
v 0.00886400 -0.22745300 -0.00795900
v 0.00475200 -0.22745300 -0.00841000
v 0.00893800 -0.22970100 -0.00805700
v 0.00479000 -0.22970100 -0.00851900
v 0.00478400 -0.23155300 -0.00842000
v 0.00892600 -0.23155300 -0.00795600
v 0.00035500 -0.23155300 -0.00856200
v -0.00821500 -0.23155300 -0.00782500
v -0.00407400 -0.23155300 -0.00836800
v -0.00407400 -0.23155300 0.02029100
v -0.00821500 -0.23155300 0.01962600
v 0.00035500 -0.23155300 0.02052600
v -0.00407900 -0.22970100 0.02038600
v -0.00822700 -0.22970100 0.01972700
v 0.00035500 -0.22970100 0.02061800
v 0.00892600 -0.23155300 0.01975300
v 0.00478400 -0.23155300 0.02034200
v 0.00893800 -0.22970100 0.01984800
v 0.00479000 -0.22970100 0.02043500
v 0.00475200 -0.22745300 0.02033400
v 0.00886400 -0.22745300 0.01976100
v 0.00035500 -0.22745300 0.02051400
v -0.00815300 -0.22745300 0.01964700
v -0.00404100 -0.22745300 0.02028800
v -0.01761800 -0.23628400 0.00527700
v -0.01761800 -0.23628400 0.00375500
v -0.01706100 -0.23715400 0.00401100
v -0.01706100 -0.23715400 0.00545300
v -0.01747200 -0.23628400 0.00225000
v -0.01692000 -0.23715400 0.00258300
v -0.01627100 -0.23815300 0.00429700
v -0.01627100 -0.23815300 0.00566500
v -0.01614300 -0.23814500 0.00294900
v -0.01703400 -0.23628400 0.00078000
v -0.01615900 -0.23628400 -0.00063900
v -0.01564700 -0.23715400 -0.00016600
v -0.01649600 -0.23715400 0.00118600
v -0.01497700 -0.23810600 0.00038300
v -0.01576100 -0.23812200 0.00163700
v -0.01350200 -0.23947600 0.00132400
v -0.01373000 -0.23970700 0.00221000
v -0.01485000 -0.23900500 0.00203600
v -0.01419500 -0.23894200 0.00091800
v -0.01389500 -0.23987800 0.00341300
v -0.01514000 -0.23909900 0.00326000
v -0.01395000 -0.23993500 0.00471500
v -0.01395000 -0.23993500 0.00606500
v -0.01523700 -0.23913000 0.00588000
v -0.01523700 -0.23913000 0.00455300
v 0.00674100 -0.23993500 -0.00101400
v 0.00365500 -0.23993500 -0.00134600
v 0.00377400 -0.23913000 -0.00276700
v 0.00697100 -0.23913000 -0.00238700
v 0.00035500 -0.23993500 -0.00145700
v 0.00035500 -0.23913000 -0.00289200
v 0.00391600 -0.23815300 -0.00393000
v 0.00724600 -0.23815300 -0.00352200
v 0.00035500 -0.23815300 -0.00406300
v -0.00294400 -0.23993500 -0.00134600
v -0.00603000 -0.23993500 -0.00101200
v -0.00626000 -0.23913000 -0.00237600
v -0.00306300 -0.23913000 -0.00276200
v -0.00653500 -0.23815300 -0.00349400
v -0.00320500 -0.23815300 -0.00391800
v -0.00703900 -0.23628400 -0.00501600
v -0.00346600 -0.23628400 -0.00548300
v -0.00334700 -0.23715400 -0.00482200
v -0.00681000 -0.23715400 -0.00437200
v 0.00035500 -0.23628400 -0.00564500
v 0.00035500 -0.23715400 -0.00497700
v 0.00417700 -0.23628400 -0.00550800
v 0.00775000 -0.23628400 -0.00507700
v 0.00752100 -0.23715400 -0.00441800
v 0.00405800 -0.23715400 -0.00484100
v -0.00603000 -0.23993500 0.01353100
v -0.00294400 -0.23993500 0.01391200
v -0.00306300 -0.23913000 0.01522000
v -0.00626000 -0.23913000 0.01476200
v 0.00035500 -0.23993500 0.01403500
v 0.00035500 -0.23913000 0.01537300
v -0.00320500 -0.23815300 0.01624600
v -0.00653500 -0.23815300 0.01572100
v 0.00035500 -0.23815300 0.01642600
v 0.00365500 -0.23993500 0.01389800
v 0.00674100 -0.23993500 0.01349500
v 0.00697100 -0.23913000 0.01476600
v 0.00377400 -0.23913000 0.01522200
v 0.00724600 -0.23815300 0.01577600
v 0.00391600 -0.23815300 0.01626800
v 0.00775000 -0.23628400 0.01709900
v 0.00417700 -0.23628400 0.01762800
v 0.00405800 -0.23715400 0.01706100
v 0.00752100 -0.23715400 0.01654600
v 0.00035500 -0.23628400 0.01778900
v 0.00035500 -0.23715400 0.01722200
v -0.00346600 -0.23628400 0.01756700
v -0.00703900 -0.23628400 0.01694700
v -0.00681000 -0.23715400 0.01643900
v -0.00334700 -0.23715400 0.01701800
v -0.00505400 -0.02746300 -0.00217800
v -0.01040300 -0.02665800 -0.00195800
v 0.00101000 -0.02802300 -0.00224200
v -0.00422400 -0.03560100 -0.00217100
v -0.00876300 -0.03539900 -0.00194000
v 0.00084700 -0.03574100 -0.00224500
v 0.01228600 -0.02665800 -0.00195800
v 0.00704700 -0.02746300 -0.00217800
v 0.01033700 -0.03539900 -0.00194000
v 0.00588900 -0.03560100 -0.00217100
v 0.00784600 -0.04862800 -0.00205300
v 0.00433900 -0.04862800 -0.00228700
v 0.00498400 -0.04289100 -0.00220500
v 0.00886600 -0.04289100 -0.00197100
v 0.00048200 -0.04862800 -0.00236500
v 0.00065400 -0.04289100 -0.00228300
v -0.00338300 -0.04862800 -0.00228700
v -0.00691400 -0.04862800 -0.00205300
v -0.00763400 -0.04289100 -0.00197100
v -0.00369500 -0.04289100 -0.00220500
v -0.01952300 0.09334200 0.01226000
v -0.03089000 0.09544200 0.01226000
v -0.01963600 0.09383000 0.01050700
v -0.03112100 0.09601100 0.01050700
v -0.04296300 0.09853200 0.01228400
v -0.04322500 0.09923500 0.01051300
v -0.01967400 0.09399200 0.00848400
v -0.01967400 0.09399200 0.00632600
v -0.03119800 0.09620100 0.00632600
v -0.03119800 0.09620100 0.00848400
v -0.04331300 0.09947000 0.00632600
v -0.04331300 0.09947000 0.00848400
v -0.06684500 0.10990200 0.00848400
v -0.05540100 0.10397800 0.00848400
v -0.05540100 0.10397800 0.00632600
v -0.06690600 0.10957500 0.01054300
v -0.05537700 0.10367300 0.01053100
v -0.06709100 0.10859600 0.01240500
v -0.05530400 0.10276000 0.01235700
v 0.00305400 -0.00662400 0.01226000
v 0.00341300 -0.00747600 0.01360800
v 0.00287500 -0.00619900 0.01050700
v 0.00033200 -0.00774200 0.01226000
v 0.00029700 -0.00861300 0.01360800
v 0.00035000 -0.00730600 0.01050700
v 0.00281600 -0.00605700 0.00632600
v 0.00281600 -0.00605700 0.00848400
v 0.00035600 -0.00716100 0.00632600
v 0.00035600 -0.00716100 0.00848400
v -0.00210500 -0.00605700 0.00848400
v -0.00210500 -0.00605700 0.00632600
v -0.00217600 -0.00619900 0.01050700
v -0.00281500 -0.00747600 0.01360800
v -0.00238900 -0.00662400 0.01226000
v 0.00358400 -0.24041800 0.01227000
v 0.00660400 -0.24041800 0.01194200
v 0.00035500 -0.24041800 0.01238500
v 0.00354900 -0.24066000 0.01041400
v 0.00653500 -0.24066000 0.01017600
v 0.00035500 -0.24065900 0.01049900
v -0.00589300 -0.24041800 0.01199600
v -0.00287300 -0.24041800 0.01229100
v -0.00582400 -0.24066000 0.01023200
v -0.00283800 -0.24066000 0.01043700
v -0.00580100 -0.24074000 0.00632500
v -0.00282600 -0.24074000 0.00633700
v -0.00282600 -0.24074000 0.00842600
v -0.00580100 -0.24074000 0.00831700
v 0.00035500 -0.24074000 0.00633800
v 0.00035500 -0.24074000 0.00845800
v 0.00353700 -0.24074000 0.00632400
v 0.00651200 -0.24074000 0.00629200
v 0.00651200 -0.24074000 0.00827000
v 0.00353700 -0.24074000 0.00840700
v 0.01640600 -0.05461900 0.00600500
v 0.01640400 -0.05461900 0.00432200
v 0.01615100 -0.05453400 0.00439400
v 0.01615300 -0.05453400 0.00602000
v 0.01627300 -0.05461900 0.00270400
v 0.01602400 -0.05453400 0.00283100
v 0.01601400 -0.05388400 0.00445500
v 0.01601500 -0.05388400 0.00602800
v 0.01589100 -0.05388400 0.00294100
v 0.01588300 -0.05461900 0.00121900
v 0.01510500 -0.05461900 -0.00006700
v 0.01489100 -0.05453400 0.00014300
v 0.01564600 -0.05453400 0.00139300
v 0.01479800 -0.05388400 0.00032800
v 0.01552600 -0.05388400 0.00154600
v 0.01567600 -0.05210400 0.00167200
v 0.01497600 -0.05210400 0.00048200
v 0.01602600 -0.05210400 0.00303100
v 0.01614400 -0.05210400 0.00603200
v 0.01614300 -0.05210400 0.00450300
v 0.01693700 -0.05500700 0.00407600
v 0.01693800 -0.05500700 0.00592900
v 0.01679900 -0.05500700 0.00229900
v 0.01679800 -0.05482300 0.00415400
v 0.01679900 -0.05482300 0.00595600
v 0.01666100 -0.05482300 0.00242500
v 0.01555900 -0.05500700 -0.00071700
v 0.01638500 -0.05500700 0.00067600
v 0.01544000 -0.05482300 -0.00051700
v 0.01625400 -0.05482300 0.00084400
v 0.01608600 -0.05470500 0.00103100
v 0.01528800 -0.05470500 -0.00029300
v 0.01648600 -0.05470500 0.00256500
v 0.01662200 -0.05470500 0.00598200
v 0.01662000 -0.05470500 0.00423800
v -0.01569500 -0.05461900 0.00600500
v -0.01569700 -0.05461900 0.00768900
v -0.01544400 -0.05453400 0.00764600
v -0.01544200 -0.05453400 0.00602000
v -0.01557000 -0.05461900 0.00931500
v -0.01532100 -0.05453400 0.00921800
v -0.01530500 -0.05388400 0.00760200
v -0.01530400 -0.05388400 0.00602800
v -0.01518600 -0.05388400 0.00912500
v -0.01518700 -0.05461900 0.01082800
v -0.01441800 -0.05461900 0.01216800
v -0.01420400 -0.05453400 0.01198800
v -0.01494900 -0.05453400 0.01068300
v -0.01410300 -0.05388400 0.01181900
v -0.01482500 -0.05388400 0.01054700
v -0.01482100 -0.04862800 0.01156100
v -0.01551800 -0.04862800 0.01033800
v -0.01496500 -0.05210400 0.01042900
v -0.01426100 -0.05210400 0.01167300
v -0.01586500 -0.04862800 0.00897900
v -0.01531700 -0.05210400 0.00904300
v -0.01598100 -0.04862800 0.00752900
v -0.01543300 -0.05210400 0.00603200
v -0.01543400 -0.05210400 0.00756100
v 0.00402400 -0.04862800 0.01489800
v 0.00383200 -0.05210400 0.01503200
v 0.00711300 -0.05210400 0.01474400
v 0.00024900 -0.04862800 0.01499400
v 0.00028200 -0.05210400 0.01512800
v 0.00374800 -0.05388400 0.01520600
v 0.00695000 -0.05388400 0.01491800
v 0.00030000 -0.05388400 0.01530200
v -0.00351900 -0.04862800 0.01489800
v -0.00696500 -0.04862800 0.01461000
v -0.00653100 -0.05210400 0.01474400
v -0.00326400 -0.05210400 0.01503200
v -0.00633500 -0.05388400 0.01491800
v -0.00314500 -0.05388400 0.01520600
v -0.00633700 -0.05461900 0.01533600
v -0.00312900 -0.05461900 0.01562400
v -0.00311500 -0.05453400 0.01540800
v -0.00629800 -0.05453400 0.01511900
v 0.00031100 -0.05461900 0.01572100
v 0.00030800 -0.05453400 0.01550400
v 0.00375500 -0.05461900 0.01562400
v 0.00697100 -0.05461900 0.01533600
v 0.00692700 -0.05453400 0.01511900
v 0.00373500 -0.05453400 0.01540800
v -0.01632700 -0.05528900 0.00780100
v -0.01622800 -0.05500700 0.00778300
v -0.01622700 -0.05500700 0.00592900
v -0.01618900 -0.05528900 0.00962400
v -0.01609200 -0.05500700 0.00956800
v -0.01608900 -0.05482300 0.00775800
v -0.01608800 -0.05482300 0.00595600
v -0.01595600 -0.05482300 0.00949500
v -0.01577600 -0.05528900 0.01130700
v -0.01494800 -0.05528900 0.01277900
v -0.01486500 -0.05500700 0.01266600
v -0.01568300 -0.05500700 0.01121900
v -0.01474900 -0.05482300 0.01251900
v -0.01555400 -0.05482300 0.01110400
v -0.01538900 -0.05470500 0.01097100
v -0.01460000 -0.05470500 0.01234900
v -0.01578200 -0.05470500 0.00940900
v -0.01591100 -0.05470500 0.00598200
v -0.01591200 -0.05470500 0.00772600
v -0.00633200 -0.05461900 -0.00283500
v -0.00312600 -0.05461900 -0.00306900
v -0.00314000 -0.05470500 -0.00333300
v -0.00636800 -0.05470500 -0.00309900
v 0.00031300 -0.05461900 -0.00314700
v 0.00031400 -0.05470500 -0.00341100
v -0.00315200 -0.05482300 -0.00359300
v -0.00639700 -0.05482300 -0.00335900
v 0.00031400 -0.05482300 -0.00367100
v 0.00375500 -0.05461900 -0.00306900
v 0.00696900 -0.05461900 -0.00283500
v 0.00700600 -0.05470500 -0.00309900
v 0.00377000 -0.05470500 -0.00333300
v 0.00703700 -0.05482300 -0.00335900
v 0.00378300 -0.05482300 -0.00359300
v 0.00379400 -0.05500700 -0.00382500
v 0.00706100 -0.05500700 -0.00359100
v 0.00031500 -0.05500700 -0.00390300
v -0.00642000 -0.05500700 -0.00359100
v -0.00316100 -0.05500700 -0.00382500
v 0.00377100 -0.05470500 0.01584300
v 0.00700800 -0.05470500 0.01555400
v 0.00031300 -0.05470500 0.01593900
v 0.00378400 -0.05482300 0.01604900
v 0.00703900 -0.05482300 0.01576000
v 0.00031500 -0.05482300 0.01614500
v -0.00637100 -0.05470500 0.01555400
v -0.00314200 -0.05470500 0.01584300
v -0.00639900 -0.05482300 0.01576000
v -0.00315300 -0.05482300 0.01604900
v -0.00316100 -0.05500700 0.01622800
v -0.00642100 -0.05500700 0.01594000
v 0.00031500 -0.05500700 0.01632400
v 0.00706200 -0.05500700 0.01594000
v 0.00379400 -0.05500700 0.01622800
v -0.00320400 -0.05210400 -0.00242300
v -0.00650300 -0.05210400 -0.00218900
v 0.00037900 -0.05210400 -0.00250100
v -0.00312400 -0.05388400 -0.00260500
v -0.00632100 -0.05388400 -0.00237100
v 0.00032800 -0.05388400 -0.00268300
v 0.00725600 -0.05210400 -0.00218900
v 0.00396100 -0.05210400 -0.00242300
v 0.00698500 -0.05388400 -0.00237100
v 0.00378300 -0.05388400 -0.00260500
v 0.00373600 -0.05453400 -0.00282400
v 0.00692600 -0.05453400 -0.00259000
v 0.00031200 -0.05453400 -0.00290200
v -0.00629000 -0.05453400 -0.00259000
v -0.00310900 -0.05453400 -0.00282400
v 0.01714300 -0.17352200 0.00587700
v 0.01714300 -0.17352200 0.00781100
v 0.01714300 -0.18319900 0.00781000
v 0.01714300 -0.18319900 0.00587600
v 0.01700600 -0.17352200 0.00967300
v 0.01700600 -0.18319900 0.00967200
v 0.01720800 -0.19248100 0.00780800
v 0.01720800 -0.19248100 0.00586700
v 0.01707100 -0.19248100 0.00967700
v 0.01659300 -0.17352200 0.01138800
v 0.01576900 -0.17352200 0.01288600
v 0.01577200 -0.18319900 0.01288500
v 0.01659500 -0.18319900 0.01138800
v 0.01583400 -0.19248100 0.01290700
v 0.01665900 -0.19248100 0.01140000
v 0.01636900 -0.20827200 0.01310400
v 0.01721900 -0.20827200 0.01151700
v 0.01684600 -0.20097000 0.01143900
v 0.01601400 -0.20097000 0.01297200
v 0.01764400 -0.20827200 0.00972200
v 0.01726200 -0.20097000 0.00969100
v 0.01778600 -0.20827200 0.00778900
v 0.01740100 -0.20097000 0.00584000
v 0.01740100 -0.20097000 0.00780100
v -0.01643300 -0.17352200 0.00587700
v -0.01643300 -0.17352200 0.00394200
v -0.01643300 -0.18319900 0.00394200
v -0.01643300 -0.18319900 0.00587600
v -0.01629600 -0.17352200 0.00209000
v -0.01629600 -0.18319900 0.00208900
v -0.01649800 -0.19248100 0.00392900
v -0.01649800 -0.19248100 0.00586700
v -0.01636100 -0.19248100 0.00207300
v -0.01588400 -0.17352200 0.00040100
v -0.01506200 -0.17352200 -0.00104200
v -0.01506400 -0.18319900 -0.00104200
v -0.01588600 -0.18319900 0.00040100
v -0.01512500 -0.19248100 -0.00107200
v -0.01594900 -0.19248100 0.00037900
v -0.01613600 -0.20097000 0.00031400
v -0.01530400 -0.20097000 -0.00115800
v -0.01655200 -0.20097000 0.00202400
v -0.01669100 -0.20097000 0.00584200
v -0.01669100 -0.20097000 0.00389300
v 0.00709600 -0.05802800 -0.00395600
v 0.00380900 -0.05802800 -0.00419000
v 0.00709700 -0.05886600 -0.00395600
v 0.00381000 -0.05886600 -0.00419000
v 0.00031600 -0.05802800 -0.00426800
v 0.00031600 -0.05886600 -0.00426800
v 0.00709800 -0.06013000 -0.00395600
v 0.00710100 -0.06203400 -0.00395600
v 0.00381200 -0.06203400 -0.00419000
v 0.00381100 -0.06013000 -0.00419000
v 0.00031700 -0.06203400 -0.00426800
v 0.00031600 -0.06013000 -0.00426800
v -0.00645700 -0.06203400 -0.00395600
v -0.00645500 -0.06013000 -0.00395600
v -0.00317500 -0.06013000 -0.00419000
v -0.00317600 -0.06203400 -0.00419000
v -0.00645500 -0.05886600 -0.00395600
v -0.00317500 -0.05886600 -0.00419000
v -0.00645400 -0.05802800 -0.00395600
v -0.00317500 -0.05802800 -0.00419000
v -0.00645400 -0.05802800 0.01621600
v -0.00317500 -0.05802800 0.01650500
v -0.00645500 -0.05886600 0.01621600
v -0.00317500 -0.05886600 0.01650500
v 0.00031600 -0.05802800 0.01660100
v 0.00031600 -0.05886600 0.01660100
v -0.00645500 -0.06013000 0.01621600
v -0.00645700 -0.06203400 0.01621600
v -0.00317600 -0.06203400 0.01650400
v -0.00317500 -0.06013000 0.01650500
v 0.00031700 -0.06203400 0.01660100
v 0.00031600 -0.06013000 0.01660100
v 0.00710100 -0.06203400 0.01621600
v 0.00709800 -0.06013000 0.01621600
v 0.00381100 -0.06013000 0.01650500
v 0.00381200 -0.06203400 0.01650400
v 0.00709700 -0.05886600 0.01621600
v 0.00381000 -0.05886600 0.01650500
v 0.00709600 -0.05802800 0.01621600
v 0.00380900 -0.05802800 0.01650500
v 0.01927000 -0.23489100 0.00737600
v 0.01903600 -0.23506500 0.00734300
v 0.01903600 -0.23506500 0.00546600
v 0.01911600 -0.23489100 0.00927200
v 0.01888500 -0.23506500 0.00919300
v 0.01886500 -0.23530900 0.00731700
v 0.01886500 -0.23530900 0.00548500
v 0.01871500 -0.23530900 0.00912600
v 0.01865500 -0.23489100 0.01111000
v 0.01773400 -0.23489100 0.01286400
v 0.01751900 -0.23506500 0.01270800
v 0.01843000 -0.23506500 0.01099000
v 0.01736200 -0.23530900 0.01257300
v 0.01826400 -0.23530900 0.01088500
v 0.01686900 -0.23628400 0.01216300
v 0.01774500 -0.23628400 0.01057600
v 0.01806700 -0.23569200 0.01076000
v 0.01717500 -0.23569200 0.01240700
v 0.01818300 -0.23628400 0.00893600
v 0.01851300 -0.23569200 0.00904700
v 0.01832900 -0.23628400 0.00726000
v 0.01866100 -0.23569200 0.00551500
v 0.01866100 -0.23569200 0.00729200
v -0.01832500 -0.23506500 0.00345300
v -0.01832500 -0.23506500 0.00511000
v -0.01817400 -0.23506500 0.00181700
v -0.01815400 -0.23530900 0.00350000
v -0.01815400 -0.23530900 0.00511800
v -0.01800400 -0.23530900 0.00190200
v -0.01680900 -0.23506500 -0.00129700
v -0.01771900 -0.23506500 0.00022700
v -0.01665200 -0.23530900 -0.00114800
v -0.01755300 -0.23530900 0.00034600
v -0.01735600 -0.23569200 0.00051500
v -0.01646400 -0.23569200 -0.00094800
v -0.01780200 -0.23569200 0.00203500
v -0.01795000 -0.23569200 0.00516900
v -0.01795000 -0.23569200 0.00359300
v 0.00424700 -0.23569200 -0.00593700
v 0.00788700 -0.23569200 -0.00550200
v 0.00035500 -0.23569200 -0.00607400
v 0.00429100 -0.23530900 -0.00621500
v 0.00797100 -0.23530900 -0.00577800
v 0.00035500 -0.23530900 -0.00635300
v -0.00717600 -0.23569200 -0.00543100
v -0.00353700 -0.23569200 -0.00590800
v -0.00726000 -0.23530900 -0.00570100
v -0.00358000 -0.23530900 -0.00618400
v -0.00361700 -0.23506500 -0.00639600
v -0.00733100 -0.23506500 -0.00590800
v 0.00035500 -0.23506500 -0.00656700
v 0.00804100 -0.23506500 -0.00598900
v 0.00432700 -0.23506500 -0.00642800
v -0.00353700 -0.23569200 0.01792100
v -0.00717600 -0.23569200 0.01727700
v 0.00035500 -0.23569200 0.01815400
v -0.00358000 -0.23530900 0.01815700
v -0.00726000 -0.23530900 0.01750000
v 0.00035500 -0.23530900 0.01839500
v 0.00788700 -0.23569200 0.01745600
v 0.00424700 -0.23569200 0.01799300
v 0.00797100 -0.23530900 0.01769200
v 0.00429100 -0.23530900 0.01823300
v 0.00432700 -0.23506500 0.01842700
v 0.00804100 -0.23506500 0.01788200
v 0.00035500 -0.23506500 0.01859000
v -0.00733100 -0.23506500 0.01769000
v -0.00361700 -0.23506500 0.01835000
v 0.14213900 0.27051500 0.01476500
v 0.14190300 0.25440200 0.01476500
v 0.14000400 0.27048600 0.01477400
v 0.13976600 0.25453100 0.01477400
v 0.14053800 0.23822700 0.01476500
v 0.13841200 0.23850500 0.01477400
v 0.13810100 0.27045900 0.01441800
v 0.13661400 0.27043900 0.01360800
v 0.13637500 0.25473600 0.01360800
v 0.13786400 0.25464600 0.01441800
v 0.13503900 0.23894700 0.01360800
v 0.13651900 0.23875300 0.01441800
v 0.13403000 0.22283500 0.01441800
v 0.13256500 0.22312800 0.01360800
v 0.13590300 0.22246100 0.01477400
v 0.13800700 0.22204000 0.01476500
v 0.09436700 0.39779400 0.01476500
v 0.10431600 0.38661800 0.01476500
v 0.08329800 0.40778100 0.01476500
v 0.09301000 0.39617800 0.01477400
v 0.10279800 0.38515200 0.01477400
v 0.08211600 0.40603300 0.01477400
v 0.07121800 0.41642800 0.01476500
v 0.07022100 0.41456500 0.01477400
v 0.06933400 0.41290600 0.01441800
v 0.08106300 0.40447500 0.01441800
v 0.10144500 0.38384500 0.01441800
v 0.09180100 0.39473900 0.01441800
v 0.12692100 0.34738400 0.01476500
v 0.13215400 0.33283900 0.01476500
v 0.12055900 0.36128200 0.01476500
v 0.12502700 0.34644300 0.01477400
v 0.13017300 0.33208600 0.01477400
v 0.11877200 0.36015700 0.01477400
v 0.11303500 0.37440400 0.01476500
v 0.11137300 0.37310200 0.01477400
v 0.10989300 0.37194300 0.01441800
v 0.11717900 0.35915500 0.01441800
v 0.12840900 0.33141500 0.01441800
v 0.12334000 0.34560400 0.01441800
v 0.14128300 0.28651700 0.01476500
v 0.13933400 0.30230500 0.01476500
v 0.13916200 0.28631600 0.01477400
v 0.13724200 0.30192500 0.01477400
v 0.13629100 0.31777900 0.01476500
v 0.13424500 0.31721400 0.01477400
v 0.13099800 0.31631800 0.01360800
v 0.13242300 0.31671100 0.01441800
v 0.13392100 0.30132300 0.01360800
v 0.13537800 0.30158700 0.01441800
v 0.13579400 0.28599900 0.01360800
v 0.13727200 0.28613800 0.01441800
v 0.10645000 0.13175200 0.01399600
v 0.11358000 0.14387100 0.01399600
v 0.09936700 0.12097300 0.01399600
v 0.10830100 0.13088400 0.01332800
v 0.11534100 0.14302200 0.01332800
v 0.10132700 0.12008500 0.01332800
v 0.08582900 0.10229600 0.01399600
v 0.09245300 0.11125000 0.01399600
v 0.08792500 0.10120800 0.01332800
v 0.09450600 0.11030100 0.01332800
v 0.09623800 0.10951200 0.01247700
v 0.08970600 0.10031200 0.01247700
v 0.10297400 0.11934100 0.01247700
v 0.11681800 0.14231000 0.01247700
v 0.10985400 0.13015600 0.01247700
v 0.12063600 0.15761700 0.01399600
v 0.12236100 0.15682500 0.01332800
v 0.12732000 0.17260600 0.01399600
v 0.12905000 0.17190000 0.01332800
v 0.12380900 0.15616100 0.01247700
v 0.13050100 0.17130700 0.01247700
v 0.13657100 0.18735100 0.01247700
v 0.13509600 0.18785500 0.01332800
v 0.13333900 0.18845500 0.01399600
v 0.04566600 0.43313800 0.01399600
v 0.04619000 0.43489600 0.01332800
v 0.03089600 0.43714300 0.01399600
v 0.03124700 0.43894600 0.01332800
v 0.04663100 0.43637100 0.01247700
v 0.03154200 0.44045900 0.01247700
v 0.00035500 0.44368800 0.01247700
v 0.01605000 0.44288800 0.01247700
v 0.00035500 0.44214400 0.01332800
v 0.01590200 0.44135200 0.01332800
v 0.00035500 0.44030500 0.01399600
v 0.01572600 0.43952200 0.01399600
v 0.06749200 0.07689600 0.01403000
v 0.06960300 0.07502800 0.01333600
v 0.07358400 0.08548100 0.01400400
v 0.07560700 0.08384700 0.01333000
v 0.07132800 0.07353000 0.01247700
v 0.07733800 0.08252800 0.01247700
v 0.08343500 0.09138600 0.01247700
v 0.08167000 0.09248200 0.01332800
v 0.07961800 0.09382700 0.01399600
v 0.03830700 0.03619800 0.01476500
v 0.03289900 0.02561000 0.01476500
v 0.04354900 0.04676900 0.01477300
v 0.03552700 0.03636800 0.01477400
v 0.03038900 0.02615800 0.01477400
v 0.04026700 0.04630900 0.01477600
v 0.05206600 0.06588300 0.01484100
v 0.04845700 0.05704500 0.01479900
v 0.04730600 0.06321600 0.01479300
v 0.04434600 0.05549400 0.01478300
v 0.04091200 0.05428300 0.01441800
v 0.04348200 0.06126300 0.01441800
v 0.03733100 0.04581000 0.01441800
v 0.02812100 0.02661200 0.01441800
v 0.03298600 0.03640200 0.01441800
v -0.13729600 0.22204000 0.01476500
v -0.13519200 0.22246100 0.01477400
v -0.13982700 0.23822700 0.01476500
v -0.13770100 0.23850500 0.01477400
v -0.13185400 0.22312800 0.01360800
v -0.13331900 0.22283500 0.01441800
v -0.13432800 0.23894700 0.01360800
v -0.13580800 0.23875300 0.01441800
v -0.13590300 0.27043900 0.01360800
v -0.13739000 0.27045900 0.01441800
v -0.13715300 0.25464600 0.01441800
v -0.13566400 0.25473600 0.01360800
v -0.13929300 0.27048600 0.01477400
v -0.13905500 0.25453100 0.01477400
v -0.14142800 0.27051500 0.01476500
v -0.14119200 0.25440200 0.01476500
v -0.06862300 0.41290600 0.01441800
v -0.06951000 0.41456500 0.01477400
v -0.08035200 0.40447500 0.01441800
v -0.08140500 0.40603300 0.01477400
v -0.07050700 0.41642800 0.01476500
v -0.08258700 0.40778100 0.01476500
v -0.10360500 0.38661800 0.01476500
v -0.09365600 0.39779400 0.01476500
v -0.10208700 0.38515200 0.01477400
v -0.09229900 0.39617800 0.01477400
v -0.10073400 0.38384500 0.01441800
v -0.09109000 0.39473900 0.01441800
v -0.10918200 0.37194300 0.01441800
v -0.11066200 0.37310200 0.01477400
v -0.11646800 0.35915500 0.01441800
v -0.11806100 0.36015700 0.01477400
v -0.11232400 0.37440400 0.01476500
v -0.11984800 0.36128200 0.01476500
v -0.13144300 0.33283900 0.01476500
v -0.12621000 0.34738400 0.01476500
v -0.12946200 0.33208600 0.01477400
v -0.12431600 0.34644300 0.01477400
v -0.12769800 0.33141500 0.01441800
v -0.12262900 0.34560400 0.01441800
v -0.13171200 0.31671100 0.01441800
v -0.13028700 0.31631800 0.01360800
v -0.13353400 0.31721400 0.01477400
v -0.13466700 0.30158700 0.01441800
v -0.13321000 0.30132300 0.01360800
v -0.13653100 0.30192500 0.01477400
v -0.13558000 0.31777900 0.01476500
v -0.13862300 0.30230500 0.01476500
v -0.14057200 0.28651700 0.01476500
v -0.13845100 0.28631600 0.01477400
v -0.13508300 0.28599900 0.01360800
v -0.13656100 0.28613800 0.01441800
v -0.08848000 0.09968900 0.01247700
v -0.09532200 0.10926300 0.01247700
v -0.08672300 0.10055100 0.01332800
v -0.09359900 0.11003800 0.01332800
v -0.10221200 0.11927900 0.01247700
v -0.10056700 0.12001900 0.01332800
v -0.08465600 0.10161900 0.01399600
v -0.09155700 0.11097900 0.01399600
v -0.09861000 0.12090600 0.01399600
v -0.11286900 0.14387100 0.01399600
v -0.10573900 0.13175200 0.01399600
v -0.11463000 0.14302200 0.01332800
v -0.10759000 0.13088400 0.01332800
v -0.11610700 0.14231000 0.01247700
v -0.10914300 0.13015600 0.01247700
v -0.13262800 0.18845500 0.01399600
v -0.13438500 0.18785500 0.01332800
v -0.12660900 0.17260600 0.01399600
v -0.12833900 0.17190000 0.01332800
v -0.13586000 0.18735100 0.01247700
v -0.12979000 0.17130700 0.01247700
v -0.12309800 0.15616100 0.01247700
v -0.12165000 0.15682500 0.01332800
v -0.11992500 0.15761700 0.01399600
v -0.01501500 0.43952200 0.01399600
v -0.01519200 0.44135200 0.01332800
v -0.03018600 0.43714300 0.01399600
v -0.03053700 0.43894600 0.01332800
v -0.01533900 0.44288800 0.01247700
v -0.03083200 0.44045900 0.01247700
v -0.04592000 0.43637100 0.01247700
v -0.04548000 0.43489600 0.01332800
v -0.04495500 0.43313800 0.01399600
v -0.06855900 0.07103700 0.01247700
v -0.06692500 0.07238500 0.01333600
v -0.07503200 0.08059500 0.01247700
v -0.07337300 0.08180600 0.01333000
v -0.06491700 0.07412700 0.01403000
v -0.07143700 0.08336600 0.01400400
v -0.07798300 0.09247200 0.01399600
v -0.07997700 0.09116700 0.01332800
v -0.08169500 0.09014000 0.01247700
v -0.03701200 0.03516300 0.01476500
v -0.03439900 0.03560200 0.01477400
v -0.04187200 0.04512800 0.01477300
v -0.03886500 0.04510300 0.01477600
v -0.03201800 0.03591900 0.01441800
v -0.03619300 0.04505200 0.01441800
v -0.04208600 0.06009700 0.01441800
v -0.03962100 0.05327500 0.01441800
v -0.04549200 0.06135200 0.01479300
v -0.04269800 0.05388300 0.01478300
v -0.04982200 0.06332200 0.01484100
v -0.04643200 0.05483100 0.01479900
v -0.00931400 -0.05740700 -0.00356600
v -0.00931400 -0.05679200 -0.00356600
v -0.01172000 -0.05740700 -0.00297700
v -0.01172000 -0.05679200 -0.00297700
v -0.00931000 -0.05621200 -0.00354700
v -0.01171500 -0.05621200 -0.00295900
v -0.01363700 -0.05740700 -0.00214600
v -0.01363700 -0.05679200 -0.00214600
v -0.01363000 -0.05621200 -0.00212900
v -0.01356700 -0.05528900 -0.00197400
v -0.01360900 -0.05570100 -0.00207700
v -0.01166800 -0.05528900 -0.00279700
v -0.01169900 -0.05570100 -0.00290500
v -0.00928100 -0.05528900 -0.00338300
v -0.00930100 -0.05570100 -0.00349300
v 0.00993500 -0.05528900 -0.00338300
v 0.00995500 -0.05570100 -0.00349200
v 0.01233800 -0.05528900 -0.00279700
v 0.01236900 -0.05570100 -0.00290500
v 0.00996500 -0.05621200 -0.00354700
v 0.01238500 -0.05621200 -0.00295900
v 0.01425200 -0.05528900 -0.00197400
v 0.01429400 -0.05570100 -0.00207700
v 0.01431600 -0.05621200 -0.00212900
v 0.01432300 -0.05740700 -0.00214600
v 0.01432300 -0.05679200 -0.00214600
v 0.01239000 -0.05740700 -0.00297700
v 0.01239000 -0.05679200 -0.00297700
v 0.00996900 -0.05740700 -0.00356600
v 0.00996800 -0.05679200 -0.00356600
v 0.00996900 -0.05740700 0.01573500
v 0.00996800 -0.05679200 0.01573500
v 0.01239000 -0.05740700 0.01503800
v 0.01239000 -0.05679200 0.01503800
v 0.00996500 -0.05621200 0.01572200
v 0.01238500 -0.05621200 0.01502400
v 0.01432300 -0.05740700 0.01409800
v 0.01573000 -0.05740700 0.01289200
v 0.01573000 -0.05679200 0.01289200
v 0.01432300 -0.05679200 0.01409800
v 0.01572100 -0.05621200 0.01288100
v 0.01431600 -0.05621200 0.01408500
v 0.01564700 -0.05528900 0.01277900
v 0.01425400 -0.05528900 0.01397000
v 0.01429500 -0.05570100 0.01404700
v 0.01569600 -0.05570100 0.01284700
v 0.01234000 -0.05528900 0.01490200
v 0.01237000 -0.05570100 0.01498300
v 0.00993600 -0.05528900 0.01559700
v 0.00995500 -0.05570100 0.01568000
v -0.00928200 -0.05528900 0.01559700
v -0.00930100 -0.05570100 0.01568000
v -0.01167000 -0.05528900 0.01490200
v -0.01170000 -0.05570100 0.01498300
v -0.00931100 -0.05621200 0.01572200
v -0.01171500 -0.05621200 0.01502400
v -0.01356900 -0.05528900 0.01397000
v -0.01499800 -0.05570100 0.01284700
v -0.01361000 -0.05570100 0.01404700
v -0.01502300 -0.05621200 0.01288100
v -0.01363000 -0.05621200 0.01408500
v -0.01503200 -0.05740700 0.01289200
v -0.01363700 -0.05740700 0.01409800
v -0.01363700 -0.05679200 0.01409800
v -0.01503200 -0.05679200 0.01289200
v -0.01172000 -0.05740700 0.01503800
v -0.01172000 -0.05679200 0.01503800
v -0.00931400 -0.05740700 0.01573500
v -0.00931400 -0.05679200 0.01573500
v -0.01145800 -0.22485700 -0.00666700
v -0.01107700 -0.22196200 -0.00612200
v -0.01434700 -0.22485700 -0.00553900
v -0.01387300 -0.22196200 -0.00509300
v -0.01062500 -0.21844700 -0.00544100
v -0.01331000 -0.21844700 -0.00453200
v -0.01662700 -0.22485700 -0.00414800
v -0.01607900 -0.22196200 -0.00380400
v -0.01542900 -0.21844700 -0.00336700
v -0.01424300 -0.20827200 -0.00253900
v -0.01478200 -0.21399100 -0.00291800
v -0.01228200 -0.20827200 -0.00347400
v -0.01274900 -0.21399100 -0.00395800
v -0.00979800 -0.20827200 -0.00416300
v -0.01017400 -0.21399100 -0.00474700
v 0.01178800 -0.22196200 -0.00630700
v 0.01216900 -0.22485700 -0.00689400
v 0.01133500 -0.21844700 -0.00557500
v 0.01458300 -0.22196200 -0.00538100
v 0.01505800 -0.22485700 -0.00589200
v 0.01402000 -0.21844700 -0.00474100
v 0.01050600 -0.20827200 -0.00420500
v 0.01088400 -0.21399100 -0.00483100
v 0.01299100 -0.20827200 -0.00353900
v 0.01345900 -0.21399100 -0.00408800
v 0.01549200 -0.21399100 -0.00308700
v 0.01495200 -0.20827200 -0.00262300
v 0.01613900 -0.21844700 -0.00363800
v 0.01733800 -0.22485700 -0.00460400
v 0.01679000 -0.22196200 -0.00417600
v 0.01216900 -0.22485700 0.01854200
v 0.01178800 -0.22196200 0.01804400
v 0.01505800 -0.22485700 0.01731000
v 0.01458300 -0.22196200 0.01691000
v 0.01133500 -0.21844700 0.01742300
v 0.01402000 -0.21844700 0.01640800
v 0.01733700 -0.22485700 0.01579200
v 0.01838300 -0.22196200 0.01383400
v 0.01679000 -0.22196200 0.01549800
v 0.01766900 -0.21844700 0.01358400
v 0.01613900 -0.21844700 0.01512400
v 0.01495200 -0.20827200 0.01441500
v 0.01549200 -0.21399100 0.01473900
v 0.01696000 -0.21399100 0.01332400
v 0.01299100 -0.20827200 0.01546200
v 0.01345900 -0.21399100 0.01589400
v 0.01050600 -0.20827200 0.01625900
v 0.01088400 -0.21399100 0.01679000
v -0.01107700 -0.22196200 0.01787600
v -0.01145800 -0.22485700 0.01833600
v -0.01062500 -0.21844700 0.01730000
v -0.01387300 -0.22196200 0.01665100
v -0.01434700 -0.22485700 0.01699100
v -0.01331000 -0.21844700 0.01621900
v -0.00979800 -0.20827200 0.01622100
v -0.01017400 -0.21399100 0.01671400
v -0.01228200 -0.20827200 0.01540300
v -0.01274900 -0.21399100 0.01577600
v -0.01565900 -0.20827200 0.01302100
v -0.01624900 -0.21399100 0.01315800
v -0.01478200 -0.21399100 0.01458800
v -0.01424300 -0.20827200 0.01433900
v -0.01695900 -0.21844700 0.01331800
v -0.01542900 -0.21844700 0.01488100
v -0.01767200 -0.22196200 0.01346900
v -0.01662700 -0.22485700 0.01538200
v -0.01607900 -0.22196200 0.01516400
v -0.01143700 -0.23387400 -0.00636000
v -0.01165800 -0.23296000 -0.00668500
v -0.01116700 -0.23441900 -0.00599200
v -0.01432000 -0.23387400 -0.00518400
v -0.01459600 -0.23296000 -0.00548500
v -0.01398400 -0.23441900 -0.00484500
v -0.01066600 -0.23489100 -0.00531400
v -0.01089400 -0.23471600 -0.00562800
v -0.01336100 -0.23489100 -0.00422000
v -0.01364400 -0.23471600 -0.00451000
v -0.01581500 -0.23471600 -0.00317000
v -0.01548700 -0.23489100 -0.00291300
v -0.01620700 -0.23441900 -0.00346600
v -0.01691400 -0.23296000 -0.00403300
v -0.01659600 -0.23387400 -0.00376600
v 0.01619800 -0.23489100 -0.00323800
v 0.01652600 -0.23471600 -0.00353500
v 0.01407100 -0.23489100 -0.00448300
v 0.01435500 -0.23471600 -0.00480100
v 0.01691800 -0.23441900 -0.00387900
v 0.01469400 -0.23441900 -0.00517100
v 0.01137700 -0.23489100 -0.00548600
v 0.01160400 -0.23471600 -0.00581800
v 0.01187700 -0.23441900 -0.00620400
v 0.01236900 -0.23296000 -0.00693600
v 0.01214800 -0.23387400 -0.00659300
v 0.01530600 -0.23296000 -0.00587400
v 0.01503100 -0.23387400 -0.00554500
v 0.01762400 -0.23296000 -0.00453400
v 0.01730700 -0.23387400 -0.00422700
v 0.01214800 -0.23387400 0.01822300
v 0.01236900 -0.23296000 0.01854400
v 0.01187700 -0.23441900 0.01785800
v 0.01503100 -0.23387400 0.01693600
v 0.01530600 -0.23296000 0.01723600
v 0.01469400 -0.23441900 0.01659400
v 0.01137700 -0.23489100 0.01718400
v 0.01160400 -0.23471600 0.01749500
v 0.01407100 -0.23489100 0.01596400
v 0.01435500 -0.23471600 0.01625500
v 0.01809300 -0.23471600 0.01308800
v 0.01652600 -0.23471600 0.01476500
v 0.01619800 -0.23489100 0.01450200
v 0.01852300 -0.23441900 0.01334700
v 0.01691800 -0.23441900 0.01507000
v 0.01895000 -0.23387400 0.01361000
v 0.01762400 -0.23296000 0.01565000
v 0.01730700 -0.23387400 0.01537900
v -0.01702300 -0.23489100 0.01199900
v -0.01548700 -0.23489100 0.01374200
v -0.01581500 -0.23471600 0.01405600
v -0.01738200 -0.23471600 0.01228500
v -0.01336100 -0.23489100 0.01538500
v -0.01364400 -0.23471600 0.01571300
v -0.01620700 -0.23441900 0.01442200
v -0.01781300 -0.23441900 0.01261900
v -0.01398400 -0.23441900 0.01609700
v -0.01066600 -0.23489100 0.01681400
v -0.01089400 -0.23471600 0.01714800
v -0.01116700 -0.23441900 0.01753900
v -0.01165800 -0.23296000 0.01827700
v -0.01143700 -0.23387400 0.01793300
v -0.01459600 -0.23296000 0.01682100
v -0.01432000 -0.23387400 0.01648300
v -0.01691400 -0.23296000 0.01511400
v -0.01823900 -0.23387400 0.01295500
v -0.01659600 -0.23387400 0.01479100
v 0.01249400 -0.23155300 -0.00718200
v 0.01251000 -0.22970100 -0.00728700
v 0.01546200 -0.23155300 -0.00611200
v 0.01548200 -0.22970100 -0.00621900
v 0.01240600 -0.22745300 -0.00720600
v 0.01535200 -0.22745300 -0.00615900
v 0.01935700 -0.22745300 -0.00320300
v 0.01767800 -0.22745300 -0.00482200
v 0.01952100 -0.22970100 -0.00322700
v 0.01782700 -0.22970100 -0.00486300
v 0.01949500 -0.23155300 -0.00312800
v 0.01780400 -0.23155300 -0.00475600
v -0.01696700 -0.22745300 -0.00431500
v -0.01864600 -0.22745300 -0.00264200
v -0.01464100 -0.22745300 -0.00576700
v -0.01711700 -0.22970100 -0.00433400
v -0.01881000 -0.22970100 -0.00264300
v -0.01477100 -0.22970100 -0.00581100
v -0.01169500 -0.22745300 -0.00695400
v -0.01179900 -0.22970100 -0.00702400
v -0.01178300 -0.23155300 -0.00692000
v -0.01475100 -0.23155300 -0.00570500
v -0.01878500 -0.23155300 -0.00254900
v -0.01709300 -0.23155300 -0.00423100
v 0.01767800 -0.22745300 0.01593600
v 0.01535200 -0.22745300 0.01751500
v 0.01782700 -0.22970100 0.01594700
v 0.01548200 -0.22970100 0.01755300
v 0.01240600 -0.22745300 0.01880600
v 0.01251000 -0.22970100 0.01887100
v 0.01249400 -0.23155300 0.01877200
v 0.01546200 -0.23155300 0.01745100
v 0.01780400 -0.23155300 0.01584600
v -0.01178300 -0.23155300 0.01851800
v -0.01179900 -0.22970100 0.01862800
v -0.01475100 -0.23155300 0.01705900
v -0.01477100 -0.22970100 0.01717800
v -0.01169500 -0.22745300 0.01857700
v -0.01464100 -0.22745300 0.01716100
v -0.01696700 -0.22745300 0.01548000
v -0.01711700 -0.22970100 0.01546400
v -0.01709300 -0.23155300 0.01534000
v -0.00979300 -0.23715400 -0.00362100
v -0.01011800 -0.23628400 -0.00423700
v -0.00940300 -0.23815300 -0.00278600
v -0.01227400 -0.23715400 -0.00262900
v -0.01267800 -0.23628400 -0.00320800
v -0.01178300 -0.23814500 -0.00186400
v -0.00868800 -0.23993500 -0.00045600
v -0.00901300 -0.23913000 -0.00173100
v -0.01086600 -0.23987800 0.00020200
v -0.01127700 -0.23909900 -0.00092600
v -0.01300400 -0.23900500 -0.00005600
v -0.01251100 -0.23970700 0.00084400
v -0.01364600 -0.23812200 -0.00079600
v -0.01469900 -0.23628400 -0.00198800
v -0.01423300 -0.23715400 -0.00145800
v 0.01322200 -0.23970700 0.00081500
v 0.01371500 -0.23900500 -0.00011700
v 0.01157700 -0.23987800 0.00019200
v 0.01198800 -0.23909900 -0.00096600
v 0.01435700 -0.23812200 -0.00090600
v 0.01249400 -0.23814500 -0.00195000
v 0.00939900 -0.23993500 -0.00045900
v 0.00972400 -0.23913000 -0.00175500
v 0.01011400 -0.23815300 -0.00284200
v 0.01082800 -0.23628400 -0.00436100
v 0.01050400 -0.23715400 -0.00371300
v 0.01338900 -0.23628400 -0.00339500
v 0.01298500 -0.23715400 -0.00276900
v 0.01541000 -0.23628400 -0.00221700
v 0.01494400 -0.23715400 -0.00163000
v 0.01050400 -0.23715400 0.01568800
v 0.01082800 -0.23628400 0.01621800
v 0.01011400 -0.23815300 0.01495600
v 0.01298500 -0.23715400 0.01456000
v 0.01338900 -0.23628400 0.01505400
v 0.01249400 -0.23814500 0.01389500
v 0.00939900 -0.23993500 0.01282400
v 0.00972400 -0.23913000 0.01400600
v 0.01157700 -0.23987800 0.01202900
v 0.01198800 -0.23909900 0.01306300
v 0.01421300 -0.23947600 0.01066600
v 0.01490600 -0.23894200 0.01096600
v 0.01371500 -0.23900500 0.01205500
v 0.01322200 -0.23970700 0.01125200
v 0.01568800 -0.23810600 0.01136600
v 0.01435700 -0.23812200 0.01268100
v 0.01635800 -0.23715400 0.01179100
v 0.01541000 -0.23628400 0.01367900
v 0.01494400 -0.23715400 0.01323600
v -0.01350200 -0.23947600 0.01069500
v -0.01251100 -0.23970700 0.01132400
v -0.01300400 -0.23900500 0.01199500
v -0.01419500 -0.23894200 0.01088300
v -0.01086600 -0.23987800 0.01212200
v -0.01127700 -0.23909900 0.01304000
v -0.01364600 -0.23812200 0.01244500
v -0.01497700 -0.23810600 0.01109500
v -0.01178300 -0.23814500 0.01372100
v -0.00868800 -0.23993500 0.01289600
v -0.00901300 -0.23913000 0.01399900
v -0.00940300 -0.23815300 0.01484600
v -0.01011800 -0.23628400 0.01591300
v -0.00979300 -0.23715400 0.01547300
v -0.01267800 -0.23628400 0.01457800
v -0.01227400 -0.23715400 0.01422400
v -0.01469900 -0.23628400 0.01305300
v -0.01615900 -0.23628400 0.01144800
v -0.01564700 -0.23715400 0.01128700
v -0.01423300 -0.23715400 0.01279400
v -0.00836300 -0.24074000 0.00813500
v -0.00836300 -0.24074000 0.00630600
v -0.00839600 -0.24066000 0.00989100
v -0.01055100 -0.24066000 0.00790700
v -0.01055100 -0.24066000 0.00626500
v -0.01057700 -0.24058100 0.00947800
v -0.00849300 -0.24041800 0.01150300
v -0.01065800 -0.24034600 0.01090900
v -0.01373000 -0.23970700 0.00986300
v -0.01236800 -0.24013200 0.01031100
v -0.01389500 -0.23987800 0.00870300
v -0.01239200 -0.24034600 0.00905600
v -0.01395000 -0.23993500 0.00741600
v -0.01240000 -0.24041800 0.00618900
v -0.01240000 -0.24041800 0.00765800
v 0.00651200 -0.24074000 0.00431500
v 0.00907400 -0.24074000 0.00443900
v 0.00907400 -0.24074000 0.00624000
v 0.00653500 -0.24066000 0.00239800
v 0.00910700 -0.24066000 0.00268800
v 0.01126200 -0.24066000 0.00456700
v 0.01126200 -0.24066000 0.00616800
v 0.01128800 -0.24058100 0.00300800
v 0.00660400 -0.24041800 0.00060200
v 0.00920400 -0.24041800 0.00103900
v 0.01136900 -0.24034600 0.00153300
v 0.01307900 -0.24013200 0.00196700
v 0.01310300 -0.24034600 0.00326900
v 0.01311100 -0.24041800 0.00608100
v 0.01311100 -0.24041800 0.00465500
v 0.01374900 -0.05210400 0.01272700
v 0.01494800 -0.05210400 0.01167300
v 0.01205500 -0.05210400 0.01359000
v 0.01357400 -0.05388400 0.01289000
v 0.01479600 -0.05388400 0.01181900
v 0.01186000 -0.05388400 0.01376200
v 0.00984800 -0.05210400 0.01426300
v 0.00965300 -0.05388400 0.01443700
v 0.00973100 -0.05461900 0.01485500
v 0.00964800 -0.05453400 0.01463900
v 0.01201900 -0.05461900 0.01417300
v 0.01188900 -0.05453400 0.01396000
v 0.01381900 -0.05461900 0.01328000
v 0.01511500 -0.05461900 0.01216800
v 0.01490000 -0.05453400 0.01198800
v 0.01364200 -0.05453400 0.01307800
v 0.00972600 -0.05461900 -0.00244500
v 0.00979700 -0.05470500 -0.00270900
v 0.01201200 -0.05461900 -0.00187200
v 0.01212200 -0.05470500 -0.00213200
v 0.00985600 -0.05482300 -0.00296900
v 0.01221400 -0.05482300 -0.00238800
v 0.01380900 -0.05461900 -0.00108900
v 0.01396000 -0.05470500 -0.00133700
v 0.01408400 -0.05482300 -0.00158200
v 0.01418200 -0.05500700 -0.00180200
v 0.01228600 -0.05500700 -0.00261700
v 0.00990200 -0.05500700 -0.00320100
v -0.00914600 -0.05470500 -0.00270900
v -0.00907600 -0.05461900 -0.00244500
v -0.00920300 -0.05482300 -0.00296900
v -0.01145500 -0.05470500 -0.00213200
v -0.01134500 -0.05461900 -0.00187200
v -0.01154600 -0.05482300 -0.00238800
v -0.00924800 -0.05500700 -0.00320100
v -0.01161700 -0.05500700 -0.00261700
v -0.01486100 -0.05500700 -0.00071700
v -0.01349700 -0.05500700 -0.00180200
v -0.01474200 -0.05482300 -0.00051700
v -0.01340000 -0.05482300 -0.00158200
v -0.01459100 -0.05470500 -0.00029300
v -0.01440800 -0.05461900 -0.00006700
v -0.01312600 -0.05461900 -0.00108900
v -0.01327600 -0.05470500 -0.00133700
v -0.00908300 -0.05461900 0.01485500
v -0.00915000 -0.05470500 0.01507400
v -0.01135300 -0.05461900 0.01417300
v -0.01146100 -0.05470500 0.01438800
v -0.00920600 -0.05482300 0.01528000
v -0.01155000 -0.05482300 0.01459000
v -0.01313600 -0.05461900 0.01328000
v -0.01328400 -0.05470500 0.01348400
v -0.01340600 -0.05482300 0.01367500
v -0.01350100 -0.05500700 0.01384200
v -0.01162000 -0.05500700 0.01476600
v -0.00925000 -0.05500700 0.01545900
v 0.00980200 -0.05470500 0.01507400
v 0.00985900 -0.05482300 0.01528000
v 0.01212900 -0.05470500 0.01438800
v 0.01221900 -0.05482300 0.01459000
v 0.00990400 -0.05500700 0.01545900
v 0.01228900 -0.05500700 0.01476600
v 0.01556300 -0.05500700 0.01266600
v 0.01418600 -0.05500700 0.01384200
v 0.01544700 -0.05482300 0.01251900
v 0.01409100 -0.05482300 0.01367500
v 0.01529700 -0.05470500 0.01234900
v 0.01396800 -0.05470500 0.01348400
v 0.00964400 -0.05453400 -0.00220000
v 0.00968300 -0.05388400 -0.00198100
v 0.01188200 -0.05453400 -0.00163000
v 0.01188100 -0.05388400 -0.00141500
v 0.01066200 -0.04862800 -0.00166300
v 0.00997800 -0.05210400 -0.00179900
v 0.01284800 -0.04862800 -0.00110100
v 0.01215400 -0.05210400 -0.00123600
v 0.01381100 -0.05210400 -0.00048100
v 0.01446700 -0.04862800 -0.00035300
v 0.01358400 -0.05388400 -0.00065200
v 0.01363400 -0.05453400 -0.00085700
v -0.01367400 -0.04862800 -0.00035300
v -0.01308500 -0.05210400 -0.00048100
v -0.01425800 -0.05210400 0.00048200
v -0.01200700 -0.04862800 -0.00110100
v -0.01141900 -0.05210400 -0.00123600
v -0.01289100 -0.05388400 -0.00065200
v -0.01409600 -0.05388400 0.00032800
v -0.01119800 -0.05388400 -0.00141500
v -0.00977100 -0.04862800 -0.00166300
v -0.00923300 -0.05210400 -0.00179900
v -0.00901000 -0.05388400 -0.00198100
v -0.00899400 -0.05453400 -0.00220000
v -0.01121600 -0.05453400 -0.00163000
v -0.01419400 -0.05453400 0.00014300
v -0.01295100 -0.05453400 -0.00085700
v -0.00931400 -0.05802800 -0.00356600
v -0.00931500 -0.05886600 -0.00356600
v -0.01172000 -0.05802800 -0.00297700
v -0.01172100 -0.05886600 -0.00297700
v -0.00931700 -0.06203400 -0.00356600
v -0.00931600 -0.06013000 -0.00356600
v -0.01172300 -0.06203400 -0.00297800
v -0.01172100 -0.06013000 -0.00297700
v -0.01503300 -0.06203400 -0.00103200
v -0.01503200 -0.06013000 -0.00103200
v -0.01363800 -0.06013000 -0.00214700
v -0.01363900 -0.06203400 -0.00214700
v -0.01503200 -0.05886600 -0.00103200
v -0.01363800 -0.05886600 -0.00214700
v -0.01503200 -0.05802800 -0.00103100
v -0.01363800 -0.05802800 -0.00214700
v 0.00735600 -0.20097000 -0.00424300
v 0.01027500 -0.20097000 -0.00382900
v 0.00726800 -0.19248100 -0.00403700
v 0.01015400 -0.19248100 -0.00364100
v 0.01270600 -0.20097000 -0.00320900
v 0.01255900 -0.19248100 -0.00304400
v 0.00723200 -0.18319900 -0.00396700
v 0.00722200 -0.17352200 -0.00396600
v 0.01009600 -0.17352200 -0.00357700
v 0.01010700 -0.18319900 -0.00357700
v 0.01249600 -0.17352200 -0.00298800
v 0.01250400 -0.18319900 -0.00298800
v 0.01576900 -0.17352200 -0.00104200
v 0.01577200 -0.18319900 -0.00104200
v 0.01440100 -0.18319900 -0.00215800
v 0.01439500 -0.17352200 -0.00215700
v 0.01583400 -0.19248100 -0.00108100
v 0.01446000 -0.19248100 -0.00220500
v 0.01601400 -0.20097000 -0.00119500
v 0.01462600 -0.20097000 -0.00234500
v 0.00996900 -0.05802800 0.01573500
v 0.00997000 -0.05886600 0.01573500
v 0.01239000 -0.05802800 0.01503800
v 0.01239100 -0.05886600 0.01503800
v 0.00997300 -0.06203400 0.01573500
v 0.00997100 -0.06013000 0.01573500
v 0.01239400 -0.06203400 0.01503700
v 0.01239200 -0.06013000 0.01503800
v 0.01573100 -0.06203400 0.01289200
v 0.01573100 -0.06013000 0.01289200
v 0.01432400 -0.06013000 0.01409800
v 0.01432500 -0.06203400 0.01409800
v 0.01573000 -0.05886600 0.01289200
v 0.01432400 -0.05886600 0.01409800
v 0.01573000 -0.05802800 0.01289200
v 0.01432300 -0.05802800 0.01409800
v -0.00665100 -0.20097000 0.01644500
v -0.00956900 -0.20097000 0.01592500
v -0.00656600 -0.19248100 0.01626800
v -0.00945100 -0.19248100 0.01577800
v -0.01199900 -0.20097000 0.01518000
v -0.01185400 -0.19248100 0.01506800
v -0.00653400 -0.18319900 0.01621000
v -0.00652800 -0.17352200 0.01621000
v -0.00940000 -0.17352200 0.01572900
v -0.00940700 -0.18319900 0.01572900
v -0.01179500 -0.17352200 0.01503200
v -0.01180200 -0.18319900 0.01503100
v -0.01506200 -0.17352200 0.01288600
v -0.01506400 -0.18319900 0.01288500
v -0.01369500 -0.18319900 0.01409100
v -0.01369100 -0.17352200 0.01409200
v -0.01512500 -0.19248100 0.01289900
v -0.01375300 -0.19248100 0.01411600
v -0.01530400 -0.20097000 0.01293900
v -0.01391800 -0.20097000 0.01419000
v -0.01031100 -0.23569200 -0.00463600
v -0.01291900 -0.23569200 -0.00358400
v -0.01043000 -0.23530900 -0.00489600
v -0.01306700 -0.23530900 -0.00382900
v -0.01497800 -0.23569200 -0.00233400
v -0.01514900 -0.23530900 -0.00256000
v -0.01529200 -0.23506500 -0.00273100
v -0.01319100 -0.23506500 -0.00401700
v -0.01053000 -0.23506500 -0.00509600
v 0.01102200 -0.23569200 -0.00477900
v 0.01114100 -0.23530900 -0.00505000
v 0.01363000 -0.23569200 -0.00379900
v 0.01377800 -0.23530900 -0.00406100
v 0.01124100 -0.23506500 -0.00525800
v 0.01390200 -0.23506500 -0.00426300
v 0.01751900 -0.23506500 -0.00159800
v 0.01600300 -0.23506500 -0.00303300
v 0.01736200 -0.23530900 -0.00142900
v 0.01586000 -0.23530900 -0.00284400
v 0.01717500 -0.23569200 -0.00120700
v 0.01568900 -0.23569200 -0.00259700
v 0.01102200 -0.23569200 0.01656100
v 0.01363000 -0.23569200 0.01537600
v 0.01114100 -0.23530900 0.01678800
v 0.01377800 -0.23530900 0.01559000
v 0.01568900 -0.23569200 0.01396900
v 0.01586000 -0.23530900 0.01416300
v 0.01600300 -0.23506500 0.01432100
v 0.01390200 -0.23506500 0.01576400
v 0.01124100 -0.23506500 0.01697200
v -0.01031100 -0.23569200 0.01620300
v -0.01043000 -0.23530900 0.01640600
v -0.01291900 -0.23569200 0.01481500
v -0.01306700 -0.23530900 0.01499200
v -0.01053000 -0.23506500 0.01658800
v -0.01319100 -0.23506500 0.01516300
v -0.01680900 -0.23506500 0.01180700
v -0.01529200 -0.23506500 0.01353000
v -0.01665200 -0.23530900 0.01167400
v -0.01514900 -0.23530900 0.01337500
v -0.01646400 -0.23569200 0.01156600
v -0.01497800 -0.23569200 0.01323100
v 0.02749800 0.01528100 0.01476500
v 0.02511500 0.01617100 0.01477400
v 0.02209900 0.00544400 0.01477300
v 0.01981400 0.00687200 0.01477600
v 0.02298200 0.01699800 0.01441800
v 0.01778400 0.00809900 0.01441800
v 0.00808100 -0.00538900 0.01441800
v 0.01274500 0.00045600 0.01441800
v 0.00955500 -0.00753900 0.01479300
v 0.01459500 -0.00127200 0.01478300
v 0.01125200 -0.01081600 0.01484100
v 0.01670000 -0.00367000 0.01479900
v -0.00352600 -0.00889600 0.01441800
v -0.00443800 -0.01121200 0.01480700
v 0.00023800 -0.01006500 0.01441800
v 0.00017100 -0.01239900 0.01481400
v -0.00602200 -0.02000400 0.01484100
v -0.00546600 -0.01475100 0.01489500
v 0.00008400 -0.02099600 0.01489900
v 0.00011400 -0.01591500 0.01492600
v 0.00570500 -0.01475100 0.01489500
v 0.00620000 -0.02000400 0.01484100
v 0.00479100 -0.01121200 0.01480700
v 0.00400900 -0.00889600 0.01441800
v -0.00395300 -0.04289100 0.01481800
v -0.00772000 -0.04289100 0.01453000
v 0.00019800 -0.04289100 0.01491400
v -0.00460600 -0.03560100 0.01478700
v -0.00887200 -0.03539900 0.01450300
v 0.00014300 -0.03574100 0.01487900
v 0.00435900 -0.04289100 0.01481800
v 0.00490500 -0.03560100 0.01478700
v 0.00572600 -0.02746300 0.01479900
v 0.00009900 -0.02802300 0.01487800
v -0.01049800 -0.02665700 0.01452800
v -0.00551600 -0.02746300 0.01479900
v -0.02308200 -0.01721000 0.01144800
v -0.02184700 -0.01715500 0.01247700
v -0.02567900 -0.00741500 0.01247700
v -0.02691500 -0.00752500 0.01144800
v -0.01994300 -0.01703400 0.01334100
v -0.02387300 -0.00720600 0.01333600
v -0.03011900 0.00248500 0.01247700
v -0.03134400 0.00229500 0.01144800
v -0.02844400 0.00279800 0.01333000
v -0.01719500 -0.01680200 0.01404800
v -0.02142300 -0.00684300 0.01403000
v -0.02635500 0.00328200 0.01400400
v -0.03143700 0.01345900 0.01399600
v -0.03338700 0.01288900 0.01332800
v -0.03620400 0.01216200 0.01144800
v -0.03500000 0.01246000 0.01247700
v -0.01366100 -0.04862800 0.01260200
v -0.01476200 -0.04289100 0.01252700
v -0.01593100 -0.04289100 0.01149300
v -0.01199300 -0.04862800 0.01345900
v -0.01305200 -0.04289100 0.01338000
v -0.01645100 -0.03539800 0.01248900
v -0.01764300 -0.03540300 0.01145900
v -0.01467000 -0.03538400 0.01334300
v -0.00977600 -0.04862800 0.01412900
v -0.01072900 -0.04289100 0.01404900
v -0.01218500 -0.03535600 0.01401800
v -0.01422800 -0.02648300 0.01403000
v -0.01692100 -0.02659600 0.01333600
v -0.02000900 -0.02667300 0.01144800
v -0.01879200 -0.02665100 0.01247700
v -0.00900400 -0.05453400 0.01463900
v -0.00902100 -0.05388400 0.01443700
v -0.01122600 -0.05453400 0.01396000
v -0.01120700 -0.05388400 0.01376200
v -0.00924200 -0.05210400 0.01426300
v -0.01142000 -0.05210400 0.01359000
v -0.01308600 -0.05210400 0.01272700
v -0.01289900 -0.05388400 0.01289000
v -0.01296200 -0.05453400 0.01307800
v 0.01570100 -0.04289100 -0.00027600
v 0.01411000 -0.04289100 -0.00102000
v 0.01753800 -0.03539800 -0.00023700
v 0.01595800 -0.03538400 -0.00098200
v 0.01186900 -0.04289100 -0.00158100
v 0.01362600 -0.03535600 -0.00154700
v 0.01907600 -0.01680500 -0.00156800
v 0.01595600 -0.02648400 -0.00155400
v 0.02153300 -0.01703600 -0.00097700
v 0.01841000 -0.02659600 -0.00097400
v 0.02311600 -0.01715700 -0.00022500
v 0.02000200 -0.02665100 -0.00022500
v -0.01429700 -0.02648400 -0.00155400
v -0.01730600 -0.01680500 -0.00156800
v -0.01221300 -0.03535600 -0.00154700
v -0.01702400 -0.02659600 -0.00097400
v -0.02006900 -0.01703600 -0.00097700
v -0.01474000 -0.03538400 -0.00098200
v -0.01073400 -0.04289100 -0.00158100
v -0.01309000 -0.04289100 -0.00102000
v -0.01479700 -0.04289100 -0.00027600
v -0.01651100 -0.03539800 -0.00023700
v -0.02194100 -0.01715700 -0.00022500
v -0.01887400 -0.02665100 -0.00022500
v 0.14644300 0.27057500 -0.00152600
v 0.14620900 0.25414100 -0.00152600
v 0.14828000 0.27060000 -0.00096700
v 0.14804700 0.25403000 -0.00096700
v 0.14482100 0.23766500 -0.00152600
v 0.14665000 0.23742500 -0.00096700
v 0.14981700 0.27062100 -0.00022500
v 0.14958500 0.25393700 -0.00022500
v 0.14817900 0.23722500 -0.00022500
v 0.14556800 0.22052700 -0.00022500
v 0.14405500 0.22083000 -0.00096700
v 0.14224500 0.22119200 -0.00152600
v 0.10977300 0.39189000 -0.00022500
v 0.09924500 0.40360300 -0.00022500
v 0.10868100 0.39083500 -0.00096700
v 0.09826900 0.40244000 -0.00096700
v 0.08754700 0.41406700 -0.00022500
v 0.08669700 0.41280800 -0.00096700
v 0.10737500 0.38957300 -0.00152600
v 0.09710200 0.40105000 -0.00152600
v 0.08568000 0.41130400 -0.00152600
v 0.07322500 0.42018100 -0.00152600
v 0.07408200 0.42178400 -0.00096700
v 0.07479900 0.42312400 -0.00022500
v 0.13927400 0.33554600 -0.00022500
v 0.13373100 0.35076700 -0.00022500
v 0.13784900 0.33500400 -0.00096700
v 0.13236800 0.35009000 -0.00096700
v 0.12698600 0.36532700 -0.00022500
v 0.12570000 0.36451800 -0.00096700
v 0.13614500 0.33435700 -0.00152600
v 0.13073800 0.34928000 -0.00152600
v 0.12416200 0.36355000 -0.00152600
v 0.11638500 0.37702700 -0.00152600
v 0.11781400 0.37814700 -0.00096700
v 0.11901000 0.37908300 -0.00022500
v 0.14041500 0.31891700 -0.00152600
v 0.14217500 0.31940300 -0.00096700
v 0.14355100 0.30307000 -0.00152600
v 0.14535100 0.30339600 -0.00096700
v 0.14364700 0.31981000 -0.00022500
v 0.14685600 0.30366900 -0.00022500
v 0.14891000 0.28723600 -0.00022500
v 0.14738400 0.28709200 -0.00096700
v 0.14555900 0.28692000 -0.00152600
v 0.10571400 0.14766400 -0.00176600
v 0.09818100 0.13563100 -0.00176600
v 0.10753900 0.14678400 -0.00213200
v 0.10010000 0.13473100 -0.00213200
v 0.09030600 0.12486200 -0.00179100
v 0.09258100 0.12401600 -0.00213800
v 0.10958400 0.14579800 -0.00215000
v 0.10224900 0.13372200 -0.00215000
v 0.09493100 0.12300300 -0.00215000
v 0.08120500 0.10489500 -0.00215000
v 0.08784400 0.11345500 -0.00215000
v 0.07829100 0.10606200 -0.00218500
v 0.08516700 0.11448100 -0.00215600
v 0.07444400 0.10672500 -0.00198000
v 0.08206700 0.11516700 -0.00186400
v 0.11671900 0.15941500 -0.00215000
v 0.11471400 0.16033400 -0.00213200
v 0.12339400 0.17420800 -0.00215000
v 0.12138400 0.17502800 -0.00213200
v 0.11292600 0.16115500 -0.00176600
v 0.11959200 0.17576000 -0.00176600
v 0.12548600 0.19113600 -0.00176600
v 0.12730700 0.19051400 -0.00213200
v 0.12934900 0.18981700 -0.00215000
v 0.04447400 0.42914700 -0.00215000
v 0.04386500 0.42710500 -0.00213200
v 0.03009800 0.43304900 -0.00215000
v 0.02969000 0.43095500 -0.00213200
v 0.04332100 0.42528300 -0.00176700
v 0.02932600 0.42908600 -0.00176600
v 0.00035500 0.43208700 -0.00176700
v 0.01493900 0.43134400 -0.00176600
v 0.00035500 0.43399300 -0.00213200
v 0.01512100 0.43324100 -0.00213200
v 0.00035500 0.43613000 -0.00215000
v 0.01532600 0.43536700 -0.00215000
v 0.05913500 0.08849400 -0.00230600
v 0.05504200 0.08369300 -0.00230600
v 0.06348200 0.09375900 -0.00226300
v 0.06229000 0.08622900 -0.00227400
v 0.05760800 0.08096800 -0.00228200
v 0.06715600 0.09215600 -0.00225800
v 0.06841700 0.09971200 -0.00213300
v 0.07238900 0.09869400 -0.00222400
v 0.07522800 0.09713900 -0.00215000
v 0.06962700 0.08990000 -0.00215700
v 0.05871800 0.07677800 -0.00221200
v 0.06411300 0.08289300 -0.00217800
v 0.04363700 0.03517800 -0.00152600
v 0.03808300 0.02431800 -0.00152600
v 0.04944000 0.04618300 -0.00153300
v 0.04563800 0.03436900 -0.00096700
v 0.03999400 0.02365000 -0.00096700
v 0.05153400 0.04511000 -0.00096800
v 0.05540000 0.05721800 -0.00155400
v 0.05757100 0.05568300 -0.00097400
v 0.05924700 0.05431500 -0.00022500
v 0.05316900 0.04403400 -0.00022500
v 0.04152900 0.02305100 -0.00022500
v 0.04722600 0.03355300 -0.00022500
v -0.14153400 0.22119200 -0.00152600
v -0.14334400 0.22083000 -0.00096700
v -0.14411000 0.23766500 -0.00152600
v -0.14593900 0.23742500 -0.00096700
v -0.14485700 0.22052700 -0.00022500
v -0.14746800 0.23722500 -0.00022500
v -0.14910600 0.27062100 -0.00022500
v -0.14887400 0.25393700 -0.00022500
v -0.14756900 0.27060000 -0.00096700
v -0.14733600 0.25403000 -0.00096700
v -0.14573200 0.27057500 -0.00152600
v -0.14549800 0.25414100 -0.00152600
v -0.07251400 0.42018100 -0.00152600
v -0.08496900 0.41130400 -0.00152600
v -0.07337200 0.42178400 -0.00096700
v -0.08598600 0.41280800 -0.00096700
v -0.10666400 0.38957300 -0.00152600
v -0.09639100 0.40105000 -0.00152600
v -0.10797000 0.39083500 -0.00096700
v -0.09755800 0.40244000 -0.00096700
v -0.09853400 0.40360300 -0.00022500
v -0.10906200 0.39189000 -0.00022500
v -0.08683600 0.41406700 -0.00022500
v -0.07408900 0.42312400 -0.00022500
v -0.11567400 0.37702700 -0.00152600
v -0.12345100 0.36355000 -0.00152600
v -0.11710300 0.37814700 -0.00096700
v -0.12498900 0.36451800 -0.00096700
v -0.13543400 0.33435600 -0.00152600
v -0.13002700 0.34928000 -0.00152600
v -0.13713800 0.33500400 -0.00096700
v -0.13165700 0.35009000 -0.00096700
v -0.13302000 0.35076700 -0.00022500
v -0.13856300 0.33554600 -0.00022500
v -0.12627500 0.36532700 -0.00022500
v -0.11829900 0.37908300 -0.00022500
v -0.14484800 0.28692000 -0.00152600
v -0.14667300 0.28709200 -0.00096700
v -0.14284000 0.30307000 -0.00152600
v -0.14464000 0.30339600 -0.00096700
v -0.14819900 0.28723600 -0.00022500
v -0.14614500 0.30366900 -0.00022500
v -0.14293600 0.31981000 -0.00022500
v -0.14146400 0.31940300 -0.00096700
v -0.13970400 0.31891700 -0.00152600
v -0.08697500 0.11319700 -0.00215000
v -0.08009900 0.10425000 -0.00215000
v -0.09418000 0.12293800 -0.00215000
v -0.08431900 0.11426200 -0.00215600
v -0.07723300 0.10550900 -0.00218500
v -0.09183600 0.12396100 -0.00213800
v -0.10887300 0.14579800 -0.00215000
v -0.10153800 0.13372200 -0.00215000
v -0.10682800 0.14678400 -0.00213200
v -0.09938900 0.13473100 -0.00213200
v -0.09747000 0.13563100 -0.00176700
v -0.10500300 0.14766400 -0.00176700
v -0.08956900 0.12482200 -0.00179100
v -0.07345400 0.10629700 -0.00198000
v -0.08125200 0.11500700 -0.00186400
v -0.12863800 0.18981700 -0.00215000
v -0.12659600 0.19051400 -0.00213200
v -0.12268300 0.17420800 -0.00215000
v -0.12067300 0.17502800 -0.00213200
v -0.12477500 0.19113600 -0.00176700
v -0.11888100 0.17576000 -0.00176600
v -0.11221500 0.16115500 -0.00176600
v -0.11400300 0.16033400 -0.00213200
v -0.11600800 0.15941500 -0.00215000
v -0.01461600 0.43536700 -0.00215000
v -0.01441100 0.43324100 -0.00213200
v -0.02938800 0.43304900 -0.00215000
v -0.02898000 0.43095500 -0.00213200
v -0.01422800 0.43134400 -0.00176700
v -0.02861500 0.42908600 -0.00176600
v -0.04261000 0.42528300 -0.00176600
v -0.04315400 0.42710500 -0.00213200
v -0.04376300 0.42914700 -0.00215000
v -0.07372800 0.09584900 -0.00215000
v -0.07097500 0.09757400 -0.00222400
v -0.06768800 0.08788500 -0.00215700
v -0.06534900 0.09040800 -0.00225800
v -0.06711000 0.09880600 -0.00213300
v -0.06182400 0.09232100 -0.00226300
v -0.05298000 0.08164200 -0.00230600
v -0.05719600 0.08662900 -0.00230600
v -0.05533800 0.07846900 -0.00228200
v -0.06016000 0.08396000 -0.00227400
v -0.05625800 0.07385700 -0.00221200
v -0.06180600 0.08024900 -0.00217800
v -0.05647300 0.05177400 -0.00022500
v -0.05489200 0.05297300 -0.00097400
v -0.05084800 0.04206500 -0.00022500
v -0.04928900 0.04302500 -0.00096800
v -0.05284200 0.05438300 -0.00155400
v -0.04730700 0.04404600 -0.00153300
v -0.03671200 0.02363800 -0.00152600
v -0.04194600 0.03381800 -0.00152600
v -0.03863000 0.02298000 -0.00096700
v -0.04388400 0.03302800 -0.00096700
v -0.04019500 0.02241600 -0.00022500
v -0.04544000 0.03228300 -0.00022500
v 0.02690500 -0.00741800 -0.00022500
v 0.02539300 -0.00721000 -0.00097400
v 0.03128900 0.00254400 -0.00022500
v 0.02983800 0.00285800 -0.00096800
v 0.02320300 -0.00684800 -0.00155400
v 0.02793500 0.00334100 -0.00153300
v 0.03287300 0.01371800 -0.00152600
v 0.03471600 0.01314600 -0.00096700
v 0.03619000 0.01270700 -0.00022500
v -0.03155600 0.01344600 -0.00152600
v -0.02649900 0.00327300 -0.00153300
v -0.03347900 0.01287800 -0.00096700
v -0.02856100 0.00279100 -0.00096800
v -0.02156200 -0.00684800 -0.00155400
v -0.02400300 -0.00721000 -0.00097400
v -0.02576900 -0.00741800 -0.00022500
v -0.03019700 0.00248100 -0.00022500
v -0.03506000 0.01245300 -0.00022500
v 0.02623600 0.08068800 -0.00230600
v 0.01764300 0.08014600 -0.00230600
v 0.03431700 0.08113400 -0.00230600
v 0.02501100 0.07720900 -0.00217100
v 0.01703700 0.07697800 -0.00217100
v 0.03233500 0.07731700 -0.00217100
v 0.04709400 0.08063300 -0.00230600
v 0.04142300 0.08120700 -0.00230600
v 0.04362900 0.07641100 -0.00217100
v 0.03865800 0.07711300 -0.00217100
v 0.03820700 0.06992900 -0.00095700
v 0.03430400 0.07068700 -0.00095700
v 0.03621100 0.07349900 -0.00176700
v 0.04057800 0.07274800 -0.00176700
v 0.02920000 0.07124200 -0.00095700
v 0.03057500 0.07391000 -0.00176600
v 0.02306400 0.07162500 -0.00095700
v 0.01606800 0.07187000 -0.00095700
v 0.01649400 0.07412100 -0.00176700
v 0.02391900 0.07408300 -0.00176600
v -0.03724200 0.06956000 -0.00095700
v -0.03935800 0.07201000 -0.00176700
v -0.03511100 0.07292500 -0.00176600
v -0.03339900 0.07040000 -0.00095700
v -0.04213000 0.07526600 -0.00217100
v -0.03734500 0.07622300 -0.00217100
v -0.02959700 0.07347600 -0.00176600
v -0.02835500 0.07102500 -0.00095700
v -0.03121100 0.07664400 -0.00217100
v -0.04536600 0.07915700 -0.00230600
v -0.03993500 0.08005900 -0.00230600
v -0.03307300 0.08026500 -0.00230600
v -0.01679900 0.07974000 -0.00230600
v -0.02521500 0.08006300 -0.00230600
v -0.01622300 0.07666300 -0.00217100
v -0.02406000 0.07672500 -0.00217100
v -0.01571600 0.07391800 -0.00176700
v -0.01532300 0.07176800 -0.00095700
v -0.02227500 0.07146900 -0.00095700
v -0.02305300 0.07377100 -0.00176700
v 0.04342500 0.07155500 -0.00176600
v 0.04073800 0.06893400 -0.00095700
v 0.04689700 0.07502200 -0.00217100
v 0.04481900 0.06951700 -0.00176600
v 0.04195700 0.06724500 -0.00095700
v 0.04856400 0.07260700 -0.00216800
v 0.05086600 0.07913600 -0.00230600
v 0.05293000 0.07642600 -0.00229400
v 0.05347500 0.07221400 -0.00225600
v 0.04872900 0.06882500 -0.00215900
v 0.04192400 0.06440300 -0.00095700
v 0.04482600 0.06623200 -0.00176700
v -0.05122300 0.06962600 -0.00225600
v -0.05081400 0.07417100 -0.00229400
v -0.04687600 0.06689700 -0.00215900
v -0.04677700 0.07087900 -0.00216800
v -0.04892700 0.07727100 -0.00230600
v -0.04523500 0.07357700 -0.00217100
v -0.03972000 0.06846800 -0.00095700
v -0.04210000 0.07062200 -0.00176700
v -0.04090100 0.06669000 -0.00095700
v -0.04341800 0.06840800 -0.00176600
v -0.04085300 0.06379300 -0.00095700
v -0.04339400 0.06501200 -0.00176600
v 0.00837000 0.07204900 0.01360800
v 0.00827600 0.07075300 0.01226000
v 0.00035900 0.07207900 0.01360800
v 0.00035700 0.07081900 0.01226000
v 0.00822900 0.07010500 0.01050700
v 0.00035600 0.07018900 0.01050700
v -0.00764400 0.07199700 0.01360800
v -0.00755900 0.07073200 0.01226000
v -0.00751700 0.07010000 0.01050700
v -0.00750200 0.06988900 0.00632600
v -0.00750200 0.06988900 0.00848400
v 0.00035600 0.06997900 0.00632600
v 0.00035600 0.06997900 0.00848400
v 0.00821300 0.06988900 0.00632600
v 0.00821300 0.06988900 0.00848400
v 0.00924200 0.08276600 -0.00230600
v 0.00946500 0.08547800 -0.00230600
v 0.00035100 0.08250600 -0.00230600
v 0.00035100 0.08515900 -0.00230600
v 0.00966100 0.08784300 -0.00217100
v 0.00035200 0.08747900 -0.00217100
v -0.00850100 0.08254700 -0.00230600
v -0.00872700 0.08527900 -0.00230600
v -0.00893000 0.08768800 -0.00217100
v -0.00922900 0.09117600 -0.00095700
v -0.00910000 0.08968500 -0.00176600
v 0.00035400 0.09080700 -0.00095700
v 0.00035300 0.08938800 -0.00176600
v 0.00994700 0.09122600 -0.00095700
v 0.00982500 0.08978500 -0.00176600
v 0.00942100 0.08565000 0.01495700
v 0.00919400 0.08295500 0.01495700
v 0.00962800 0.08797600 0.01482200
v 0.00036900 0.08533200 0.01495700
v 0.00037000 0.08269600 0.01495700
v 0.00036600 0.08761300 0.01482200
v 0.00993600 0.09126900 0.01360800
v 0.00980300 0.08987000 0.01441800
v 0.00035900 0.09085000 0.01360800
v 0.00036200 0.08947400 0.01441800
v -0.00906200 0.08976500 0.01441800
v -0.00921000 0.09121600 0.01360800
v -0.00887000 0.08781300 0.01482200
v -0.00841600 0.08272400 0.01495700
v -0.00865000 0.08544000 0.01495700
v -0.00929800 0.09208700 0.01226000
v 0.00035700 0.09167500 0.01226000
v -0.00934300 0.09252200 0.01050700
v 0.00035600 0.09208800 0.01050700
v 0.01001500 0.09210800 0.01226000
v 0.01005500 0.09252700 0.01050700
v 0.01006900 0.09266700 0.00632600
v 0.01006900 0.09266700 0.00848400
v 0.00035600 0.09222600 0.00632600
v 0.00035600 0.09222600 0.00848400
v -0.00935800 0.09266700 0.00632600
v -0.00935800 0.09266700 0.00848400
v -0.00782500 0.07402500 -0.00176600
v -0.00766400 0.07195700 -0.00095700
v -0.00803100 0.07665500 -0.00217100
v 0.00035300 0.07409300 -0.00176600
v 0.00035400 0.07203600 -0.00095700
v 0.00035200 0.07670300 -0.00217100
v -0.00826300 0.07958400 -0.00230600
v 0.00035100 0.07959700 -0.00230600
v 0.00900100 0.07978400 -0.00230600
v 0.00876300 0.07681000 -0.00217100
v 0.00838100 0.07200700 -0.00095700
v 0.00854900 0.07412400 -0.00176700
v -0.02508600 0.08016400 0.01495700
v -0.01667900 0.07987700 0.01495700
v -0.03295700 0.08032600 0.01495700
v -0.02396000 0.07680300 0.01482200
v -0.01613000 0.07676900 0.01482200
v -0.03112200 0.07669100 0.01482200
v -0.04529900 0.07915900 0.01495700
v -0.03984400 0.08008500 0.01495700
v -0.04207800 0.07526800 0.01482200
v -0.03727400 0.07624300 0.01482200
v -0.03506600 0.07293800 0.01441800
v -0.03932500 0.07201100 0.01441800
v -0.02954000 0.07350600 0.01441800
v -0.01565700 0.07398600 0.01441800
v -0.02298900 0.07382100 0.01441800
v 0.01644900 0.07419800 0.01441800
v 0.00852700 0.07421000 0.01441800
v 0.01696800 0.07709700 0.01482200
v 0.00872900 0.07694300 0.01482200
v 0.00036200 0.07418000 0.01441800
v 0.00036600 0.07683800 0.01482200
v 0.01755400 0.08030000 0.01495700
v 0.00895700 0.07995500 0.01495700
v 0.00036900 0.07977100 0.01495700
v -0.00818600 0.07974500 0.01495700
v -0.00797100 0.07678000 0.01482200
v -0.00778600 0.07410500 0.01441800
v 0.04054800 0.07274100 0.01441800
v 0.03617200 0.07351300 0.01441800
v 0.04358200 0.07640000 0.01482200
v 0.03859700 0.07713500 0.01482200
v 0.03052700 0.07394800 0.01441800
v 0.03226100 0.07737500 0.01482200
v 0.04703300 0.08062000 0.01495700
v 0.04134500 0.08123600 0.01495700
v 0.03422100 0.08120900 0.01495700
v 0.02613300 0.08080800 0.01495700
v 0.02493200 0.07730200 0.01482200
v 0.02386800 0.07414300 0.01441800
v 0.05341600 0.07214100 0.01489500
v 0.05287500 0.07636300 0.01494200
v 0.04868600 0.06877000 0.01480700
v 0.04852400 0.07255900 0.01481800
v 0.05081200 0.07909200 0.01495700
v 0.04685700 0.07498900 0.01482200
v 0.04339900 0.07153300 0.01441800
v 0.04479400 0.06948600 0.01441800
v 0.04479900 0.06619700 0.01441800
v -0.04207400 0.07062200 0.01441800
v -0.04519400 0.07357600 0.01482200
v -0.04339500 0.06841200 0.01441800
v -0.04674100 0.07088600 0.01481800
v -0.04887300 0.07727000 0.01495700
v -0.05076500 0.07418000 0.01494200
v -0.05117300 0.06965100 0.01489500
v -0.04684000 0.06691500 0.01480700
v -0.04337200 0.06502300 0.01441800
v 0.15212800 0.27065300 0.00749700
v 0.15189700 0.25379700 0.00749700
v 0.15201100 0.27065200 0.00891500
v 0.15178000 0.25380400 0.00891500
v 0.15048000 0.23692300 0.00749700
v 0.15036300 0.23693900 0.00891500
v 0.15166100 0.27064700 0.01024600
v 0.15142900 0.25382500 0.01024600
v 0.15001400 0.23698400 0.01024600
v 0.14738400 0.22016400 0.01024600
v 0.14773000 0.22009500 0.00891500
v 0.14784500 0.22007200 0.00749700
v 0.13512600 0.27041800 0.00848400
v 0.13431600 0.28585900 0.00848400
v 0.13527500 0.27042000 0.01050700
v 0.13446400 0.28587300 0.01050700
v 0.13246300 0.30105800 0.00848400
v 0.13260900 0.30108500 0.01050700
v 0.13572100 0.27042700 0.01226000
v 0.13490700 0.28591500 0.01226000
v 0.13304600 0.30116400 0.01226000
v 0.13014200 0.31608200 0.01226000
v 0.12971500 0.31596400 0.01050700
v 0.12957200 0.31592400 0.00848400
v 0.07587800 0.42514000 0.00749700
v 0.07582300 0.42503800 0.00891500
v 0.08882600 0.41595900 0.00749700
v 0.08876200 0.41586300 0.00891500
v 0.07566000 0.42473200 0.01024600
v 0.08856800 0.41557600 0.01024600
v 0.11108400 0.39315600 0.01024600
v 0.10041700 0.40499800 0.01024600
v 0.11133300 0.39339700 0.00891500
v 0.10064000 0.40526300 0.00891500
v 0.11141600 0.39347700 0.00749700
v 0.10071400 0.40535200 0.00749700
v 0.12080900 0.38049200 0.00749700
v 0.12071800 0.38042100 0.00891500
v 0.12892100 0.36654500 0.00749700
v 0.12882300 0.36648300 0.00891500
v 0.12044500 0.38020700 0.01024600
v 0.12852900 0.36629900 0.01024600
v 0.14098400 0.33619600 0.01024600
v 0.13536600 0.35157900 0.01024600
v 0.14131000 0.33632000 0.00891500
v 0.13567700 0.35173400 0.00891500
v 0.14141800 0.33636100 0.00749700
v 0.13578100 0.35178500 0.00749700
v 0.14586100 0.32042100 0.00749700
v 0.14574900 0.32039000 0.00891500
v 0.14912100 0.30408000 0.00749700
v 0.14900600 0.30405900 0.00891500
v 0.14541300 0.32029700 0.01024600
v 0.14866300 0.30399700 0.01024600
v 0.15074200 0.28740900 0.01024600
v 0.15109000 0.28744100 0.00891500
v 0.15120600 0.28745200 0.00749700
v 0.09241000 0.09897800 0.00457400
v 0.09885700 0.10832900 0.00457400
v 0.09227700 0.09904500 0.00316500
v 0.09872800 0.10838800 0.00316500
v 0.10545800 0.11822200 0.00457400
v 0.10533500 0.11827800 0.00316500
v 0.09187600 0.09924400 0.00186100
v 0.09833900 0.10856400 0.00186100
v 0.10496700 0.11844400 0.00186100
v 0.11860400 0.14144900 0.00186100
v 0.11173100 0.12927500 0.00186100
v 0.11893400 0.14129000 0.00316500
v 0.11207800 0.12911200 0.00316500
v 0.11904400 0.14123700 0.00457400
v 0.11219300 0.12905800 0.00457400
v 0.12599100 0.15515900 0.00457400
v 0.12588300 0.15520900 0.00316500
v 0.13268800 0.17041500 0.00457400
v 0.13258000 0.17045900 0.00316500
v 0.12555900 0.15535700 0.00186100
v 0.13225600 0.17059100 0.00186100
v 0.13835400 0.18674200 0.00186100
v 0.13868300 0.18663000 0.00316500
v 0.13879300 0.18659200 0.00457400
v 0.07774000 0.11742000 0.00848400
v 0.07786500 0.11720300 0.01053100
v 0.08687600 0.12648200 0.00848400
v 0.08702400 0.12637600 0.01051300
v 0.07824200 0.11655300 0.01235700
v 0.08746700 0.12605600 0.01228400
v 0.10342200 0.14876900 0.01226000
v 0.09577300 0.13676000 0.01226000
v 0.10299700 0.14897400 0.01050700
v 0.09532600 0.13697000 0.01050700
v 0.10285600 0.14904200 0.00848400
v 0.09517700 0.13704000 0.00848400
v 0.11012400 0.16244100 0.00848400
v 0.11026300 0.16237700 0.01050700
v 0.11678300 0.17690600 0.00848400
v 0.11692300 0.17685000 0.01050700
v 0.11068000 0.16218600 0.01226000
v 0.11734000 0.17667900 0.01226000
v 0.12804800 0.20757000 0.01226000
v 0.12319800 0.19191800 0.01226000
v 0.12761500 0.20768600 0.01050700
v 0.12277400 0.19206200 0.01050700
v 0.12747100 0.20772500 0.00848400
v 0.12263200 0.19211100 0.00848400
v 0.13110000 0.22342100 0.00848400
v 0.13124600 0.22339200 0.01050700
v 0.13355800 0.23914100 0.00848400
v 0.13370600 0.23912200 0.01050700
v 0.13168600 0.22330400 0.01226000
v 0.13415000 0.23906400 0.01226000
v 0.13548200 0.25479000 0.01226000
v 0.13503600 0.25481700 0.01050700
v 0.13488700 0.25482600 0.00848400
v 0.06794500 0.41031100 0.00416800
v 0.06801500 0.41044200 0.00214500
v 0.07941600 0.40203900 0.00416800
v 0.07949900 0.40216200 0.00214500
v 0.06822500 0.41083500 0.00039100
v 0.07974800 0.40253100 0.00039100
v 0.09975700 0.38221500 0.00039100
v 0.09029200 0.39294200 0.00039100
v 0.09943700 0.38190500 0.00214500
v 0.09000600 0.39260100 0.00214500
v 0.09933000 0.38180200 0.00416800
v 0.08991000 0.39248800 0.00416800
v 0.10757800 0.37012900 0.00416800
v 0.10769400 0.37022100 0.00214500
v 0.11468900 0.35758700 0.00416800
v 0.11481400 0.35766600 0.00214500
v 0.10804500 0.37049500 0.00039100
v 0.11519100 0.35790300 0.00039100
v 0.12123300 0.34455800 0.00039100
v 0.12083400 0.34435900 0.00214500
v 0.12070100 0.34429300 0.00416800
v 0.04729400 0.43859400 0.00457400
v 0.04726100 0.43848400 0.00316500
v 0.03198600 0.44273900 0.00457400
v 0.03196400 0.44262600 0.00316500
v 0.04716300 0.43815400 0.00186100
v 0.03189900 0.44228800 0.00186100
v 0.00035500 0.44555300 0.00186100
v 0.01622800 0.44474400 0.00186100
v 0.00035500 0.44589800 0.00316500
v 0.01626100 0.44508800 0.00316500
v 0.00035500 0.44601300 0.00457400
v 0.01627200 0.44520200 0.00457400
v 0.04246900 0.42242900 0.00848400
v 0.04251100 0.42257100 0.01050700
v 0.02875600 0.42615800 0.00848400
v 0.02878400 0.42630300 0.01050700
v 0.04263700 0.42299500 0.01226000
v 0.02886900 0.42673800 0.01226000
v 0.00035500 0.42969300 0.01226000
v 0.01471000 0.42896100 0.01226000
v 0.00035500 0.42924900 0.01050700
v 0.01466700 0.42852000 0.01050700
v 0.00035500 0.42910100 0.00848400
v 0.01465300 0.42837200 0.00848400
v 0.07388200 0.07134100 0.00457400
v 0.07375600 0.07145100 0.00316500
v 0.07998100 0.08059300 0.00457400
v 0.07985000 0.08069000 0.00316500
v 0.07337800 0.07178400 0.00186100
v 0.07945900 0.08098300 0.00186100
v 0.08560300 0.09009400 0.00186100
v 0.08600400 0.08985000 0.00316500
v 0.08613800 0.08976900 0.00457400
v 0.06162900 0.05217400 0.00749700
v 0.06150900 0.05228000 0.00891500
v 0.05551200 0.04224000 0.00749700
v 0.05539300 0.04232800 0.00891500
v 0.06114700 0.05259700 0.01024600
v 0.05503500 0.04259500 0.01024600
v 0.04328600 0.02229600 0.01024600
v 0.04904900 0.03245900 0.01024600
v 0.04365100 0.02215500 0.00891500
v 0.04940900 0.03225600 0.00891500
v 0.04377200 0.02210800 0.00749700
v 0.04952800 0.03218800 0.00749700
v 0.03833900 0.01208700 0.00749700
v 0.03821400 0.01211800 0.00891500
v 0.03333400 0.00216100 0.00749700
v 0.03320500 0.00218000 0.00891500
v 0.03784000 0.01221100 0.01024600
v 0.03282000 0.00223800 0.01024600
v 0.02449900 -0.01724300 0.01024600
v 0.02833700 -0.00759100 0.01024600
v 0.02489500 -0.01726000 0.00891500
v 0.02873000 -0.00762400 0.00891500
v 0.02502700 -0.01726500 0.00749700
v 0.02886200 -0.00763500 0.00749700
v 0.02193600 -0.02669500 0.00749700
v 0.02180600 -0.02669300 0.00891500
v 0.01954500 -0.03540900 0.00750000
v 0.01941900 -0.03540800 0.00892100
v 0.02141700 -0.02668600 0.01024600
v 0.01904100 -0.03540600 0.01025600
v 0.01621500 -0.04862800 0.01033800
v 0.01732400 -0.04289100 0.01028300
v 0.01657300 -0.04862800 0.00897900
v 0.01769000 -0.04289100 0.00894000
v 0.01669200 -0.04862800 0.00752900
v 0.01781100 -0.04289100 0.00750900
v 0.01703800 -0.05528900 0.00780100
v 0.01709700 -0.05570100 0.00781200
v 0.01689900 -0.05528900 0.00962400
v 0.01695700 -0.05570100 0.00965700
v 0.01712700 -0.05621200 0.00781700
v 0.01698700 -0.05621200 0.00967400
v 0.01648200 -0.05528900 0.01130700
v 0.01653700 -0.05570100 0.01136000
v 0.01656500 -0.05621200 0.01138600
v 0.01657400 -0.05740700 0.01139500
v 0.01657400 -0.05679200 0.01139500
v 0.01699600 -0.05740700 0.00968000
v 0.01699600 -0.05679200 0.00968000
v 0.01713700 -0.05740700 0.00781900
v 0.01713700 -0.05679200 0.00781900
v 0.01997600 -0.22196200 0.00771500
v 0.01920000 -0.21844700 0.00774300
v 0.01981600 -0.22196200 0.00988700
v 0.01904700 -0.21844700 0.00983200
v 0.01842800 -0.21399100 0.00776800
v 0.01828100 -0.21399100 0.00977300
v 0.01784000 -0.21399100 0.01164700
v 0.01858800 -0.21844700 0.01180000
v 0.01933800 -0.22196200 0.01194500
v 0.01903400 -0.23471600 0.01128300
v 0.01950400 -0.23471600 0.00938500
v 0.01948600 -0.23441900 0.01148400
v 0.01996800 -0.23441900 0.00951500
v 0.01966100 -0.23471600 0.00742200
v 0.02012900 -0.23441900 0.00747600
v 0.02059300 -0.23387400 0.00753100
v 0.02042900 -0.23387400 0.00964700
v 0.01993600 -0.23387400 0.01168600
v 0.02103600 -0.22745300 0.00304100
v 0.02121500 -0.22970100 0.00302600
v 0.02086800 -0.22745300 0.00079800
v 0.02104500 -0.22970100 0.00078400
v 0.02118700 -0.23155300 0.00305800
v 0.02101700 -0.23155300 0.00084400
v 0.02051000 -0.23155300 -0.00124000
v 0.02053700 -0.22970100 -0.00132200
v 0.02036400 -0.22745300 -0.00130600
v 0.01444100 -0.23970700 0.00978100
v 0.01556100 -0.23900500 0.00978000
v 0.01460600 -0.23987800 0.00858400
v 0.01585100 -0.23909900 0.00851900
v 0.01647200 -0.23812200 0.01000500
v 0.01685400 -0.23814500 0.00860800
v 0.01466100 -0.23993500 0.00730300
v 0.01594800 -0.23913000 0.00720600
v 0.01698200 -0.23815300 0.00718700
v 0.01777200 -0.23715400 0.00721500
v 0.01763100 -0.23715400 0.00876800
v 0.01720700 -0.23715400 0.01029700
v 0.05611200 0.10397800 0.00416800
v 0.05610500 0.10369500 0.00212100
v 0.04402400 0.09947000 0.00416800
v 0.04395100 0.09925400 0.00213900
v 0.05608400 0.10284600 0.00029400
v 0.04373400 0.09860600 0.00036700
v 0.02025900 0.09336900 0.00039100
v 0.03164500 0.09549400 0.00039100
v 0.02035400 0.09383700 0.00214500
v 0.03184300 0.09602400 0.00214500
v 0.02038500 0.09399200 0.00416800
v 0.03190900 0.09620100 0.00416800
v -0.14713400 0.22007200 0.00749700
v -0.14701900 0.22009500 0.00891500
v -0.14976900 0.23692300 0.00749700
v -0.14965200 0.23693900 0.00891500
v -0.14667300 0.22016400 0.01024600
v -0.14930300 0.23698400 0.01024600
v -0.15095000 0.27064700 0.01024600
v -0.15071800 0.25382500 0.01024600
v -0.15130000 0.27065200 0.00891500
v -0.15106900 0.25380400 0.00891500
v -0.15141700 0.27065300 0.00749700
v -0.15118600 0.25379700 0.00749700
v -0.12886100 0.31592400 0.00848400
v -0.12900400 0.31596400 0.01050700
v -0.13175200 0.30105800 0.00848400
v -0.13189800 0.30108500 0.01050700
v -0.12943100 0.31608200 0.01226000
v -0.13233500 0.30116400 0.01226000
v -0.13501000 0.27042700 0.01226000
v -0.13419700 0.28591500 0.01226000
v -0.13456400 0.27042000 0.01050700
v -0.13375300 0.28587300 0.01050700
v -0.13441500 0.27041800 0.00848400
v -0.13360500 0.28585900 0.00848400
v -0.11070500 0.39347700 0.00749700
v -0.10000300 0.40535200 0.00749700
v -0.11062200 0.39339700 0.00891500
v -0.09992900 0.40526300 0.00891500
v -0.08811500 0.41595900 0.00749700
v -0.08805100 0.41586300 0.00891500
v -0.11037300 0.39315600 0.01024600
v -0.09970600 0.40499800 0.01024600
v -0.08785700 0.41557600 0.01024600
v -0.07494900 0.42473200 0.01024600
v -0.07511200 0.42503800 0.00891500
v -0.07516700 0.42514000 0.00749700
v -0.14070700 0.33636100 0.00749700
v -0.13507000 0.35178500 0.00749700
v -0.14059900 0.33632000 0.00891500
v -0.13496600 0.35173400 0.00891500
v -0.12821000 0.36654500 0.00749700
v -0.12811200 0.36648300 0.00891500
v -0.14027300 0.33619600 0.01024600
v -0.13465500 0.35157900 0.01024600
v -0.12781800 0.36629900 0.01024600
v -0.11973400 0.38020700 0.01024600
v -0.12000700 0.38042100 0.00891500
v -0.12009800 0.38049200 0.00749700
v -0.15049500 0.28745200 0.00749700
v -0.15037900 0.28744100 0.00891500
v -0.14841000 0.30408000 0.00749700
v -0.14829500 0.30405900 0.00891500
v -0.15003100 0.28740900 0.01024600
v -0.14795200 0.30399700 0.01024600
v -0.14470200 0.32029700 0.01024600
v -0.14503800 0.32039000 0.00891500
v -0.14515000 0.32042100 0.00749700
v -0.11833300 0.14123700 0.00457400
v -0.11148200 0.12905800 0.00457400
v -0.11822300 0.14129000 0.00316500
v -0.11136700 0.12911200 0.00316500
v -0.10469200 0.11816700 0.00457400
v -0.10456900 0.11822200 0.00316500
v -0.11789300 0.14144900 0.00186100
v -0.11102000 0.12927500 0.00186100
v -0.10420100 0.11838700 0.00186100
v -0.09062200 0.09867300 0.00186100
v -0.09741100 0.10833500 0.00186100
v -0.09101700 0.09848500 0.00316500
v -0.09779700 0.10816400 0.00316500
v -0.09114900 0.09842300 0.00457400
v -0.09792600 0.10810700 0.00457400
v -0.13808200 0.18659200 0.00457400
v -0.13797200 0.18663000 0.00316500
v -0.13197700 0.17041500 0.00457400
v -0.13186900 0.17045900 0.00316500
v -0.13764300 0.18674200 0.00186100
v -0.13154500 0.17059100 0.00186100
v -0.12484800 0.15535700 0.00186100
v -0.12517200 0.15520900 0.00316500
v -0.12528000 0.15515900 0.00457400
v -0.10214500 0.14904200 0.00848400
v -0.09446600 0.13704000 0.00848400
v -0.10228600 0.14897400 0.01050700
v -0.09461500 0.13697000 0.01050700
v -0.08616500 0.12648200 0.00848400
v -0.08631100 0.12637300 0.01051300
v -0.10271100 0.14876900 0.01226000
v -0.09506200 0.13676000 0.01226000
v -0.08674800 0.12604500 0.01228400
v -0.07749800 0.11650700 0.01235700
v -0.07714600 0.11719200 0.01053100
v -0.07702900 0.11742000 0.00848400
v -0.12676000 0.20772500 0.00848400
v -0.12192100 0.19211100 0.00848400
v -0.12690400 0.20768600 0.01050700
v -0.12206300 0.19206200 0.01050700
v -0.11607200 0.17690600 0.00848400
v -0.11621200 0.17685000 0.01050700
v -0.12733700 0.20757000 0.01226000
v -0.12248700 0.19191800 0.01226000
v -0.11662900 0.17667900 0.01226000
v -0.10996900 0.16218600 0.01226000
v -0.10955200 0.16237700 0.01050700
v -0.10941300 0.16244100 0.00848400
v -0.13417600 0.25482600 0.00848400
v -0.13432500 0.25481700 0.01050700
v -0.13284700 0.23914100 0.00848400
v -0.13299500 0.23912200 0.01050700
v -0.13477100 0.25479000 0.01226000
v -0.13343900 0.23906400 0.01226000
v -0.13097500 0.22330400 0.01226000
v -0.13053500 0.22339200 0.01050700
v -0.13038900 0.22342100 0.00848400
v -0.09861900 0.38180200 0.00416800
v -0.08919900 0.39248800 0.00416800
v -0.09872600 0.38190500 0.00214500
v -0.08929500 0.39260100 0.00214500
v -0.07870500 0.40203900 0.00416800
v -0.07878800 0.40216200 0.00214500
v -0.09904600 0.38221500 0.00039100
v -0.08958100 0.39294200 0.00039100
v -0.07903700 0.40253100 0.00039100
v -0.06751400 0.41083500 0.00039100
v -0.06730400 0.41044200 0.00214500
v -0.06723400 0.41031100 0.00416800
v -0.11999000 0.34429300 0.00416800
v -0.12012300 0.34435900 0.00214500
v -0.11397800 0.35758700 0.00416800
v -0.11410300 0.35766600 0.00214500
v -0.12052200 0.34455800 0.00039100
v -0.11448000 0.35790300 0.00039100
v -0.10733400 0.37049500 0.00039100
v -0.10698300 0.37022100 0.00214500
v -0.10686700 0.37012900 0.00416800
v -0.01556200 0.44520200 0.00457400
v -0.01555100 0.44508800 0.00316500
v -0.03127600 0.44273900 0.00457400
v -0.03125400 0.44262600 0.00316500
v -0.01551800 0.44474400 0.00186100
v -0.03118800 0.44228800 0.00186100
v -0.04645200 0.43815400 0.00186100
v -0.04655100 0.43848400 0.00316500
v -0.04658300 0.43859400 0.00457400
v -0.01394200 0.42837200 0.00848400
v -0.01395700 0.42852000 0.01050700
v -0.02804500 0.42615800 0.00848400
v -0.02807300 0.42630300 0.01050700
v -0.01399900 0.42896100 0.01226000
v -0.02815800 0.42673800 0.01226000
v -0.04192700 0.42299500 0.01226000
v -0.04180000 0.42257100 0.01050700
v -0.04175800 0.42242900 0.00848400
v -0.08432600 0.08865800 0.00457400
v -0.08419600 0.08873100 0.00316500
v -0.07756400 0.07887000 0.00457400
v -0.07743900 0.07895500 0.00316500
v -0.08380600 0.08895100 0.00186100
v -0.07706300 0.07921100 0.00186100
v -0.07049400 0.06949700 0.00186100
v -0.07085100 0.06921300 0.00316500
v -0.07097100 0.06911800 0.00457400
v -0.04251100 0.02155200 0.00749700
v -0.04771700 0.03107700 0.00749700
v -0.04239300 0.02159600 0.00891500
v -0.04760200 0.03113800 0.00891500
v -0.05309600 0.04051700 0.00749700
v -0.05298200 0.04059500 0.00891500
v -0.04203900 0.02172700 0.01024600
v -0.04725500 0.03132100 0.01024600
v -0.05264100 0.04083000 0.01024600
v -0.05826400 0.05032100 0.01024600
v -0.05860400 0.05004400 0.00891500
v -0.05871800 0.04995200 0.00749700
v -0.02431600 -0.01726500 0.00749700
v -0.02815100 -0.00763500 0.00749700
v -0.02419300 -0.01726000 0.00891500
v -0.02802700 -0.00762400 0.00891500
v -0.03256800 0.00210500 0.00749700
v -0.03244600 0.00212400 0.00891500
v -0.02382300 -0.01724300 0.01024600
v -0.02765600 -0.00759100 0.01024600
v -0.03207800 0.00218100 0.01024600
v -0.03692700 0.01198400 0.01024600
v -0.03728800 0.01189500 0.00891500
v -0.03740800 0.01186500 0.00749700
v -0.01710000 -0.04289100 0.00750900
v -0.01698400 -0.04289100 0.00894000
v -0.01883400 -0.03540900 0.00750000
v -0.01871500 -0.03540800 0.00892100
v -0.01663300 -0.04289100 0.01028300
v -0.01835800 -0.03540600 0.01025600
v -0.02073900 -0.02668600 0.01024600
v -0.02110400 -0.02669300 0.00891500
v -0.02122500 -0.02669500 0.00749700
v -0.01642600 -0.05740700 0.00781900
v -0.01642600 -0.05679200 0.00781900
v -0.01628700 -0.05740700 0.00968000
v -0.01628700 -0.05679200 0.00968000
v -0.01641600 -0.05621200 0.00781700
v -0.01627700 -0.05621200 0.00967400
v -0.01586800 -0.05740700 0.01139500
v -0.01586800 -0.05679200 0.01139500
v -0.01585900 -0.05621200 0.01138600
v -0.01583100 -0.05570100 0.01136000
v -0.01624800 -0.05570100 0.00965700
v -0.01638600 -0.05570100 0.00781200
v -0.01926500 -0.22196200 0.00760200
v -0.01910600 -0.22196200 0.00964900
v -0.01848900 -0.21844700 0.00766000
v -0.01833600 -0.21844700 0.00965900
v -0.01862800 -0.22196200 0.01161800
v -0.01787700 -0.21844700 0.01156200
v -0.01650900 -0.20827200 0.01144300
v -0.01713000 -0.21399100 0.01149800
v -0.01693400 -0.20827200 0.00966800
v -0.01757100 -0.21399100 0.00966500
v -0.01707600 -0.20827200 0.00776300
v -0.01771700 -0.21399100 0.00771700
v -0.01988200 -0.23387400 0.00723000
v -0.01941800 -0.23441900 0.00709300
v -0.01971800 -0.23387400 0.00916400
v -0.01925800 -0.23441900 0.00894900
v -0.01855900 -0.23489100 0.00684200
v -0.01895000 -0.23471600 0.00695700
v -0.01840500 -0.23489100 0.00855300
v -0.01879300 -0.23471600 0.00873500
v -0.01832300 -0.23471600 0.01051100
v -0.01794400 -0.23489100 0.01027100
v -0.01877600 -0.23441900 0.01079300
v -0.01922500 -0.23387400 0.01107600
v -0.01980000 -0.23155300 -0.00071100
v -0.02030700 -0.23155300 0.00124400
v -0.01982700 -0.22970100 -0.00078600
v -0.02033500 -0.22970100 0.00119600
v -0.02047600 -0.23155300 0.00327800
v -0.02050400 -0.22970100 0.00326100
v -0.02032500 -0.22745300 0.00327100
v -0.02015700 -0.22745300 0.00119600
v -0.01965400 -0.22745300 -0.00079000
v -0.01703400 -0.23628400 0.00987700
v -0.01649600 -0.23715400 0.00980600
v -0.01747200 -0.23628400 0.00833000
v -0.01692000 -0.23715400 0.00834400
v -0.01576100 -0.23812200 0.00974600
v -0.01614300 -0.23814500 0.00839400
v -0.01761800 -0.23628400 0.00679900
v -0.01706100 -0.23715400 0.00689500
v -0.01627100 -0.23815300 0.00703200
v -0.01523700 -0.23913000 0.00720600
v -0.01514000 -0.23909900 0.00849800
v -0.01485000 -0.23900500 0.00972000
v -0.01967400 0.09399200 0.00416800
v -0.03119800 0.09620100 0.00416800
v -0.01963900 0.09382600 0.00214500
v -0.03112500 0.09600800 0.00214500
v -0.04331300 0.09947000 0.00416800
v -0.04322800 0.09923400 0.00213900
v -0.01953500 0.09332900 0.00039100
v -0.03090300 0.09543200 0.00039100
v -0.04297500 0.09852600 0.00036700
v -0.05531400 0.10275700 0.00029400
v -0.05537900 0.10367300 0.00212100
v -0.05540100 0.10397800 0.00416800
v -0.00580100 -0.24074000 0.00433400
v -0.00282600 -0.24074000 0.00424800
v -0.00582400 -0.24066000 0.00240500
v -0.00283800 -0.24066000 0.00222700
v 0.00035500 -0.24074000 0.00421800
v 0.00035500 -0.24066000 0.00216600
v -0.00589300 -0.24041800 0.00060200
v -0.00287300 -0.24041800 0.00034000
v 0.00035500 -0.24041800 0.00025200
v 0.00358400 -0.24041800 0.00033900
v 0.00354900 -0.24066000 0.00222400
v 0.00353700 -0.24074000 0.00424100
v 0.01615500 -0.05453400 0.00764600
v 0.01640800 -0.05461900 0.00768900
v 0.01601600 -0.05388400 0.00760200
v 0.01603000 -0.05453400 0.00921800
v 0.01628000 -0.05461900 0.00931500
v 0.01589500 -0.05388400 0.00912500
v 0.01614500 -0.05210400 0.00756100
v 0.01602500 -0.05210400 0.00904300
v 0.01566600 -0.05210400 0.01042900
v 0.01552900 -0.05388400 0.01054700
v 0.01589200 -0.05461900 0.01082800
v 0.01565400 -0.05453400 0.01068300
v 0.01693900 -0.05500700 0.00778300
v 0.01680000 -0.05482300 0.00775800
v 0.01680200 -0.05500700 0.00956800
v 0.01666600 -0.05482300 0.00949500
v 0.01662300 -0.05470500 0.00772600
v 0.01649200 -0.05470500 0.00940900
v 0.01609400 -0.05470500 0.01097100
v 0.01626000 -0.05482300 0.01110400
v 0.01638900 -0.05500700 0.01121900
v -0.01544100 -0.05453400 0.00439400
v -0.01569400 -0.05461900 0.00432200
v -0.01530300 -0.05388400 0.00445500
v -0.01531500 -0.05453400 0.00283100
v -0.01556400 -0.05461900 0.00270400
v -0.01518100 -0.05388400 0.00294100
v -0.01543200 -0.05210400 0.00450300
v -0.01531400 -0.05210400 0.00303100
v -0.01496200 -0.05210400 0.00167200
v -0.01481900 -0.05388400 0.00154600
v -0.01517800 -0.05461900 0.00121900
v -0.01494100 -0.05453400 0.00139300
v -0.01622600 -0.05500700 0.00407600
v -0.01608700 -0.05482300 0.00415400
v -0.01608900 -0.05500700 0.00229900
v -0.01595200 -0.05482300 0.00242500
v -0.01590900 -0.05470500 0.00423800
v -0.01577600 -0.05470500 0.00256500
v -0.01538100 -0.05470500 0.00103100
v -0.01554800 -0.05482300 0.00084400
v -0.01567900 -0.05500700 0.00067600
v 0.01713700 -0.05802800 0.00588500
v 0.01713700 -0.05802800 0.00395100
v 0.01713700 -0.05886600 0.00588500
v 0.01713700 -0.05886600 0.00395100
v 0.01699600 -0.05802800 0.00209900
v 0.01699600 -0.05886600 0.00209900
v 0.01713700 -0.06013000 0.00588500
v 0.01713700 -0.06203400 0.00588500
v 0.01713700 -0.06203400 0.00395100
v 0.01713700 -0.06013000 0.00395100
v 0.01699700 -0.06203400 0.00209900
v 0.01699600 -0.06013000 0.00209900
v 0.01573100 -0.06203400 -0.00103200
v 0.01573100 -0.06013000 -0.00103200
v 0.01657500 -0.06013000 0.00041100
v 0.01657500 -0.06203400 0.00041100
v 0.01573000 -0.05886600 -0.00103200
v 0.01657400 -0.05886600 0.00041100
v 0.01573000 -0.05802800 -0.00103100
v 0.01657400 -0.05802800 0.00041100
v -0.01642600 -0.05802800 0.00588500
v -0.01642600 -0.05802800 0.00781900
v -0.01642600 -0.05886600 0.00588500
v -0.01642600 -0.05886600 0.00781900
v -0.01628700 -0.05802800 0.00968000
v -0.01628700 -0.05886600 0.00968000
v -0.01642600 -0.06013000 0.00588500
v -0.01642600 -0.06203400 0.00588500
v -0.01642600 -0.06203400 0.00781800
v -0.01642600 -0.06013000 0.00781900
v -0.01628700 -0.06203400 0.00967900
v -0.01628700 -0.06013000 0.00968000
v -0.01503300 -0.06203400 0.01289200
v -0.01503200 -0.06013000 0.01289200
v -0.01586900 -0.06013000 0.01139500
v -0.01586900 -0.06203400 0.01139500
v -0.01503200 -0.05886600 0.01289200
v -0.01586800 -0.05886600 0.01139500
v -0.01503200 -0.05802800 0.01289200
v -0.01586800 -0.05802800 0.01139500
v 0.01903600 -0.23506500 0.00359000
v 0.01886500 -0.23530900 0.00365200
v 0.01888500 -0.23506500 0.00175800
v 0.01871500 -0.23530900 0.00186100
v 0.01866100 -0.23569200 0.00373800
v 0.01851300 -0.23569200 0.00199900
v 0.01806700 -0.23569200 0.00033800
v 0.01826400 -0.23530900 0.00015400
v 0.01843000 -0.23506500 0.00001400
v -0.01832500 -0.23506500 0.00676800
v -0.01815400 -0.23530900 0.00673600
v -0.01817400 -0.23506500 0.00843300
v -0.01800400 -0.23530900 0.00836300
v -0.01795000 -0.23569200 0.00674600
v -0.01780200 -0.23569200 0.00833200
v -0.01735600 -0.23569200 0.00993600
v -0.01755300 -0.23530900 0.01000600
v -0.01771900 -0.23506500 0.01011000
v -0.00836300 -0.24074000 0.00447700
v -0.01055100 -0.24066000 0.00462300
v -0.00839600 -0.24066000 0.00270300
v -0.01057700 -0.24058100 0.00303200
v -0.01240000 -0.24041800 0.00472100
v -0.01239200 -0.24034600 0.00330300
v -0.01236800 -0.24013200 0.00198700
v -0.01065800 -0.24034600 0.00154000
v -0.00849300 -0.24041800 0.00104000
v 0.00907400 -0.24074000 0.00804100
v 0.01126200 -0.24066000 0.00777000
v 0.00910700 -0.24066000 0.00978000
v 0.01128800 -0.24058100 0.00931800
v 0.01311100 -0.24041800 0.00750700
v 0.01310300 -0.24034600 0.00888400
v 0.01307900 -0.24013200 0.01016400
v 0.01136900 -0.24034600 0.01075900
v 0.00920400 -0.24041800 0.01139500
v 0.01006900 0.09266700 0.00416800
v 0.01005600 0.09252300 0.00214500
v 0.00035600 0.09222600 0.00416800
v 0.00035500 0.09208400 0.00214500
v 0.01002000 0.09209100 0.00039100
v 0.00035500 0.09165800 0.00039100
v -0.00930600 0.09207100 0.00039100
v -0.00934500 0.09251800 0.00214500
v -0.00935800 0.09266700 0.00416800
v 0.01564100 0.06961800 0.00416800
v 0.02220900 0.06916800 0.00416800
v 0.01568400 0.06984300 0.00214500
v 0.02229400 0.06941400 0.00214500
v 0.02782500 0.06857400 0.00416800
v 0.02796200 0.06884100 0.00214500
v 0.01581200 0.07051900 0.00039100
v 0.02255100 0.07015100 0.00039100
v 0.02837500 0.06964200 0.00039100
v 0.03678500 0.06823700 0.00039100
v 0.03316000 0.06900000 0.00039100
v 0.03607400 0.06739200 0.00214500
v 0.03258900 0.06815700 0.00214500
v 0.03583700 0.06711000 0.00416800
v 0.03239800 0.06787600 0.00416800
v 0.03788900 0.05860300 0.00416800
v 0.03574900 0.05254500 0.00416800
v 0.03817100 0.05873800 0.00214500
v 0.03600900 0.05263400 0.00214500
v 0.03272800 0.04494500 0.00416800
v 0.03296100 0.04498900 0.00214500
v 0.03901400 0.05914200 0.00039100
v 0.03678800 0.05289800 0.00039100
v 0.03365800 0.04512200 0.00039100
v 0.02529800 0.02715600 0.00039100
v 0.02977700 0.03635900 0.00039100
v 0.02473400 0.02725700 0.00214500
v 0.02915800 0.03634900 0.00214500
v 0.02454500 0.02729100 0.00416800
v 0.02895200 0.03634600 0.00416800
v 0.03805100 0.06631300 0.00416800
v 0.03832000 0.06657500 0.00214500
v 0.03909500 0.06497300 0.00416800
v 0.03938100 0.06520000 0.00214500
v 0.03912600 0.06736200 0.00039100
v 0.04024000 0.06588200 0.00039100
v 0.04018400 0.06330600 0.00039100
v 0.03931300 0.06275700 0.00214500
v 0.03902300 0.06257400 0.00416800
v 0.01963500 0.01832500 0.00416800
v 0.01982000 0.01825800 0.00214500
v 0.01461300 0.00997700 0.00416800
v 0.01479800 0.00988300 0.00214500
v 0.02037400 0.01805900 0.00039100
v 0.01535200 0.00960000 0.00039100
v 0.00640700 -0.00327300 0.00039100
v 0.01058000 0.00231200 0.00039100
v 0.00595900 -0.00287600 0.00214500
v 0.01005100 0.00266100 0.00214500
v 0.00581000 -0.00274400 0.00416800
v 0.00987400 0.00277700 0.00416800
v -0.03512600 0.06711000 0.00416800
v -0.03168700 0.06787600 0.00416800
v -0.03533800 0.06735500 0.00214500
v -0.03185800 0.06812800 0.00214500
v -0.02711400 0.06857400 0.00416800
v -0.02723800 0.06881900 0.00214500
v -0.03597300 0.06809000 0.00039100
v -0.03237200 0.06888600 0.00039100
v -0.02761000 0.06955500 0.00039100
v -0.01508700 0.07047800 0.00039100
v -0.02180900 0.07008800 0.00039100
v -0.01497000 0.06983300 0.00214500
v -0.02157500 0.06939800 0.00214500
v -0.01493000 0.06961800 0.00416800
v -0.02149800 0.06916800 0.00416800
v -0.02383400 0.02729100 0.00416800
v -0.02824100 0.03634600 0.00416800
v -0.02401000 0.02724400 0.00214500
v -0.02843100 0.03632400 0.00214500
v -0.03201700 0.04494500 0.00416800
v -0.03222700 0.04494900 0.00214500
v -0.02453800 0.02710500 0.00039100
v -0.02900300 0.03625700 0.00039100
v -0.03285800 0.04496300 0.00039100
v -0.03816500 0.05889800 0.00039100
v -0.03596000 0.05268800 0.00039100
v -0.03742500 0.05867700 0.00214500
v -0.03526900 0.05258100 0.00214500
v -0.03717800 0.05860300 0.00416800
v -0.03503800 0.05254500 0.00416800
v -0.03831200 0.06257400 0.00416800
v -0.03856600 0.06269600 0.00214500
v -0.03838400 0.06497300 0.00416800
v -0.03863600 0.06514500 0.00214500
v -0.03932800 0.06306200 0.00039100
v -0.03939100 0.06566000 0.00039100
v -0.03829200 0.06717500 0.00039100
v -0.03757800 0.06652900 0.00214500
v -0.03734000 0.06631300 0.00416800
v -0.00509900 -0.00274400 0.00416800
v -0.00916300 0.00277700 0.00416800
v -0.00522000 -0.00287600 0.00214500
v -0.00931600 0.00266100 0.00214500
v -0.01390200 0.00997700 0.00416800
v -0.01406900 0.00988100 0.00214500
v -0.00558000 -0.00327300 0.00039100
v -0.00977500 0.00231200 0.00039100
v -0.01457000 0.00959500 0.00039100
v -0.01960900 0.01803900 0.00039100
v -0.01909500 0.01825300 0.00214500
v -0.01892400 0.01832500 0.00416800
v 0.00281600 -0.00605700 0.00416800
v 0.00290600 -0.00619900 0.00214500
v 0.00035600 -0.00716100 0.00416800
v 0.00037200 -0.00730600 0.00214500
v 0.00317900 -0.00662500 0.00039100
v 0.00042200 -0.00774200 0.00039100
v -0.00234000 -0.00662500 0.00039100
v -0.00216300 -0.00619900 0.00214500
v -0.00210500 -0.00605700 0.00416800
v -0.00750200 0.06988900 0.00416800
v -0.00751900 0.07009600 0.00214500
v 0.00035600 0.06997900 0.00416800
v 0.00035500 0.07018500 0.00214500
v -0.00756700 0.07071600 0.00039100
v 0.00035500 0.07080200 0.00039100
v 0.00828100 0.07073600 0.00039100
v 0.00823000 0.07010100 0.00214500
v 0.00821300 0.06988900 0.00416800
v 0.01713900 -0.09901300 0.00588200
v 0.01713900 -0.09901300 0.00781600
v 0.01714000 -0.10694500 0.00781500
v 0.01714000 -0.10694500 0.00588100
v 0.01700000 -0.09901300 0.00967700
v 0.01700000 -0.10694500 0.00967700
v 0.01714000 -0.11574900 0.00781500
v 0.01714000 -0.11574900 0.00588100
v 0.01700100 -0.11574900 0.00967600
v 0.01658100 -0.09901300 0.01139300
v 0.01574400 -0.09901300 0.01289000
v 0.01574600 -0.10694500 0.01288900
v 0.01658200 -0.10694500 0.01139200
v 0.01574900 -0.11574900 0.01288900
v 0.01658400 -0.11574900 0.01139200
v 0.01575600 -0.13481300 0.01288800
v 0.01658700 -0.13481300 0.01139100
v 0.01658500 -0.12513500 0.01139100
v 0.01575300 -0.12513500 0.01288800
v 0.01700200 -0.13481300 0.00967500
v 0.01700200 -0.12513500 0.00967600
v 0.01714100 -0.13481300 0.00781400
v 0.01714100 -0.13481300 0.00587900
v 0.01714100 -0.12513600 0.00588000
v 0.01714100 -0.12513600 0.00781400
v -0.01642800 -0.09901300 0.00588200
v -0.01642800 -0.09901300 0.00394800
v -0.01642900 -0.10694500 0.00394700
v -0.01642900 -0.10694500 0.00588100
v -0.01629000 -0.09901300 0.00209600
v -0.01629000 -0.10694500 0.00209500
v -0.01642900 -0.11574900 0.00394700
v -0.01642900 -0.11574900 0.00588100
v -0.01629100 -0.11574900 0.00209500
v -0.01587400 -0.09901300 0.00040800
v -0.01504200 -0.09901300 -0.00103500
v -0.01504400 -0.10694500 -0.00103600
v -0.01587500 -0.10694500 0.00040700
v -0.01504700 -0.11574900 -0.00103700
v -0.01587600 -0.11574900 0.00040600
v -0.01505200 -0.13481300 -0.00103800
v -0.01587900 -0.13481300 0.00040500
v -0.01587800 -0.12513500 0.00040500
v -0.01504900 -0.12513500 -0.00103700
v -0.01629300 -0.13481300 0.00209300
v -0.01629200 -0.12513500 0.00209400
v -0.01643100 -0.13481300 0.00394500
v -0.01643100 -0.13481300 0.00587900
v -0.01643000 -0.12513600 0.00588000
v -0.01643000 -0.12513600 0.00394600
v 0.00389600 -0.17352200 -0.00420000
v 0.00388900 -0.16384500 -0.00420000
v 0.00721100 -0.16384500 -0.00396600
v 0.00034600 -0.17352200 -0.00427900
v 0.00034300 -0.16384500 -0.00427800
v 0.00388200 -0.15416700 -0.00419900
v 0.00720100 -0.15416700 -0.00396500
v 0.00034100 -0.15416800 -0.00427700
v -0.00320400 -0.17352200 -0.00420000
v -0.00652800 -0.17352200 -0.00396600
v -0.00652200 -0.16384500 -0.00396600
v -0.00320200 -0.16384500 -0.00420000
v -0.00651600 -0.15416700 -0.00396500
v -0.00319900 -0.15416700 -0.00419900
v -0.00650300 -0.13481300 -0.00396300
v -0.00319400 -0.13481300 -0.00419700
v -0.00319700 -0.14449000 -0.00419800
v -0.00650900 -0.14449000 -0.00396400
v 0.00033600 -0.13481300 -0.00427500
v 0.00033800 -0.14449000 -0.00427600
v 0.00386700 -0.13481300 -0.00419700
v 0.00718000 -0.13481300 -0.00396300
v 0.00719000 -0.14449000 -0.00396400
v 0.00387400 -0.14449000 -0.00419800
v -0.00320400 -0.17352200 0.01649900
v -0.00320200 -0.16384500 0.01649900
v -0.00652200 -0.16384500 0.01621100
v 0.00034600 -0.17352200 0.01659500
v 0.00034300 -0.16384500 0.01659500
v -0.00319900 -0.15416700 0.01650000
v -0.00651600 -0.15416700 0.01621100
v 0.00034100 -0.15416700 0.01659600
v 0.00389600 -0.17352200 0.01649900
v 0.00722200 -0.17352200 0.01621000
v 0.00721100 -0.16384500 0.01621100
v 0.00388900 -0.16384500 0.01649900
v 0.00720100 -0.15416700 0.01621100
v 0.00388200 -0.15416700 0.01650000
v 0.00718000 -0.13481200 0.01621200
v 0.00386700 -0.13481200 0.01650100
v 0.00387400 -0.14449000 0.01650000
v 0.00719000 -0.14449000 0.01621200
v 0.00033600 -0.13481300 0.01659700
v 0.00033800 -0.14449000 0.01659600
v -0.00319400 -0.13481300 0.01650100
v -0.00650300 -0.13481300 0.01621200
v -0.00650900 -0.14449000 0.01621200
v -0.00319700 -0.14449000 0.01650000
v -0.00940000 -0.17352200 -0.00357700
v -0.00939300 -0.16384500 -0.00357600
v -0.01179500 -0.17352200 -0.00298800
v -0.01178900 -0.16384500 -0.00298700
v -0.00938500 -0.15416700 -0.00357500
v -0.01178300 -0.15416800 -0.00298600
v -0.01369100 -0.17352200 -0.00215700
v -0.01505900 -0.16384500 -0.00104100
v -0.01368600 -0.16384500 -0.00215600
v -0.01505700 -0.15416700 -0.00104000
v -0.01368200 -0.15416700 -0.00215500
v -0.01367300 -0.13481300 -0.00215300
v -0.01367700 -0.14449000 -0.00215400
v -0.01505400 -0.14449000 -0.00103900
v -0.01177000 -0.13481300 -0.00298400
v -0.01177600 -0.14449000 -0.00298500
v -0.00937100 -0.13481300 -0.00357300
v -0.00937800 -0.14449000 -0.00357400
v 0.00714100 -0.09901300 -0.00396000
v 0.01001400 -0.09901300 -0.00357000
v 0.01002300 -0.10694500 -0.00357000
v 0.00714900 -0.10694500 -0.00396000
v 0.01242800 -0.09901300 -0.00298100
v 0.01243500 -0.10694500 -0.00298200
v 0.01003300 -0.11574900 -0.00357100
v 0.00715900 -0.11574900 -0.00396100
v 0.01244300 -0.11574900 -0.00298200
v 0.01434800 -0.09901300 -0.00215000
v 0.01574400 -0.09901300 -0.00103500
v 0.01574600 -0.10694500 -0.00103600
v 0.01435300 -0.10694500 -0.00215100
v 0.01574900 -0.11574900 -0.00103700
v 0.01435900 -0.11574900 -0.00215200
v 0.01575600 -0.13481300 -0.00103800
v 0.01437100 -0.13481300 -0.00215300
v 0.01436500 -0.12513600 -0.00215300
v 0.01575300 -0.12513600 -0.00103700
v 0.01246000 -0.13481300 -0.00298400
v 0.01245200 -0.12513600 -0.00298300
v 0.01005400 -0.13481300 -0.00357300
v 0.00716900 -0.12513600 -0.00396200
v 0.01004300 -0.12513600 -0.00357200
v 0.01009600 -0.17352200 0.01572900
v 0.01008600 -0.16384500 0.01573000
v 0.01249600 -0.17352200 0.01503200
v 0.01248700 -0.16384500 0.01503200
v 0.01007500 -0.15416700 0.01573000
v 0.01247800 -0.15416700 0.01503300
v 0.01439500 -0.17352200 0.01409200
v 0.01576600 -0.16384500 0.01288600
v 0.01438900 -0.16384500 0.01409200
v 0.01576200 -0.15416700 0.01288700
v 0.01438300 -0.15416700 0.01409300
v 0.01437100 -0.13481300 0.01409400
v 0.01437700 -0.14449000 0.01409400
v 0.01575900 -0.14449000 0.01288700
v 0.01246000 -0.13481300 0.01503400
v 0.01246900 -0.14449000 0.01503300
v 0.01005400 -0.13481200 0.01573100
v 0.01006400 -0.14449000 0.01573100
v -0.00648000 -0.09901300 0.01621400
v -0.00934500 -0.09901300 0.01573300
v -0.00935000 -0.10694500 0.01573300
v -0.00648500 -0.10694500 0.01621400
v -0.01174700 -0.09901300 0.01503500
v -0.01175200 -0.10694500 0.01503500
v -0.00935700 -0.11574900 0.01573200
v -0.00649100 -0.11574900 0.01621300
v -0.01175800 -0.11574900 0.01503500
v -0.01365600 -0.09901300 0.01409600
v -0.01504200 -0.09901300 0.01289000
v -0.01504400 -0.10694500 0.01288900
v -0.01366000 -0.10694500 0.01409600
v -0.01504700 -0.11574900 0.01288900
v -0.01366400 -0.11574900 0.01409500
v -0.01505200 -0.13481300 0.01288800
v -0.01367300 -0.13481300 0.01409400
v -0.01366800 -0.12513600 0.01409500
v -0.01504900 -0.12513600 0.01288800
v -0.01177000 -0.13481300 0.01503400
v -0.01176400 -0.12513500 0.01503400
v -0.00937100 -0.13481300 0.01573100
v -0.00649700 -0.12513500 0.01621300
v -0.00936400 -0.12513500 0.01573200
v 0.01714300 -0.17352200 0.00394200
v 0.01714200 -0.16384500 0.00394300
v 0.01714200 -0.16384500 0.00587700
v 0.01700600 -0.17352200 0.00209000
v 0.01700500 -0.16384500 0.00209100
v 0.01714200 -0.15416700 0.00394400
v 0.01714200 -0.15416700 0.00587800
v 0.01700400 -0.15416800 0.00209200
v 0.01659300 -0.17352200 0.00040100
v 0.01576600 -0.16384500 -0.00104100
v 0.01659200 -0.16384500 0.00040200
v 0.01576200 -0.15416700 -0.00104000
v 0.01659000 -0.15416700 0.00040300
v 0.01658700 -0.13481300 0.00040500
v 0.01658900 -0.14449000 0.00040400
v 0.01575900 -0.14449000 -0.00103900
v 0.01700200 -0.13481300 0.00209300
v 0.01700300 -0.14449000 0.00209200
v 0.01714100 -0.13481300 0.00394500
v 0.01714100 -0.14449000 0.00587900
v 0.01714100 -0.14449000 0.00394500
v -0.01643300 -0.17352200 0.00781100
v -0.01643200 -0.16384500 0.00781200
v -0.01643200 -0.16384500 0.00587700
v -0.01629600 -0.17352200 0.00967300
v -0.01629500 -0.16384500 0.00967300
v -0.01643200 -0.15416700 0.00781200
v -0.01643200 -0.15416700 0.00587800
v -0.01629400 -0.15416800 0.00967400
v -0.01588400 -0.17352200 0.01138800
v -0.01505900 -0.16384500 0.01288600
v -0.01588300 -0.16384500 0.01138900
v -0.01505700 -0.15416700 0.01288700
v -0.01588200 -0.15416700 0.01139000
v -0.01587900 -0.13481300 0.01139100
v -0.01588000 -0.14449000 0.01139000
v -0.01505400 -0.14449000 0.01288700
v -0.01629300 -0.13481300 0.00967500
v -0.01629300 -0.14449000 0.00967400
v -0.01643100 -0.13481300 0.00781400
v -0.01643100 -0.14449000 0.00587900
v -0.01643100 -0.14449000 0.00781300
v 0.01714100 -0.14449000 0.00781300
v 0.01700300 -0.14449000 0.00967400
v 0.01714200 -0.15416700 0.00781200
v 0.01700400 -0.15416700 0.00967400
v 0.01658900 -0.14449000 0.01139000
v 0.01659000 -0.15416700 0.01139000
v 0.01659200 -0.16384500 0.01138900
v 0.01700500 -0.16384500 0.00967300
v 0.01714200 -0.16384500 0.00781200
v -0.01643100 -0.14449000 0.00394500
v -0.01629300 -0.14449000 0.00209200
v -0.01643200 -0.15416700 0.00394400
v -0.01629400 -0.15416700 0.00209200
v -0.01588000 -0.14449000 0.00040400
v -0.01588200 -0.15416700 0.00040300
v -0.01588300 -0.16384500 0.00040200
v -0.01629500 -0.16384500 0.00209100
v -0.01643200 -0.16384500 0.00394300
v 0.01006400 -0.14449000 -0.00357400
v 0.01246900 -0.14449000 -0.00298500
v 0.01007500 -0.15416700 -0.00357500
v 0.01247800 -0.15416700 -0.00298600
v 0.01437700 -0.14449000 -0.00215400
v 0.01438300 -0.15416700 -0.00215500
v 0.01438900 -0.16384500 -0.00215600
v 0.01248700 -0.16384500 -0.00298700
v 0.01008600 -0.16384500 -0.00357600
v -0.00937800 -0.14449000 0.01573100
v -0.01177600 -0.14449000 0.01503300
v -0.00938500 -0.15416700 0.01573000
v -0.01178300 -0.15416700 0.01503300
v -0.01367700 -0.14449000 0.01409400
v -0.01368200 -0.15416700 0.01409300
v -0.01368600 -0.16384500 0.01409200
v -0.01178900 -0.16384500 0.01503200
v -0.00939300 -0.16384500 0.01573000
v 0.00397100 -0.20097000 -0.00449200
v 0.00035200 -0.20097000 -0.00457400
v 0.00392400 -0.19248100 -0.00427400
v 0.00035000 -0.19248100 -0.00435300
v -0.00665100 -0.20097000 -0.00423500
v -0.00326600 -0.20097000 -0.00448800
v -0.00656600 -0.19248100 -0.00403500
v -0.00322300 -0.19248100 -0.00427400
v -0.00320700 -0.18319900 -0.00420100
v -0.00653400 -0.18319900 -0.00396700
v 0.00034800 -0.18319900 -0.00427900
v 0.00390300 -0.18319900 -0.00420100
v -0.00326600 -0.20097000 0.01675700
v 0.00035200 -0.20097000 0.01686200
v -0.00322300 -0.19248100 0.01656300
v 0.00035000 -0.19248100 0.01666100
v 0.00735600 -0.20097000 0.01645300
v 0.00397100 -0.20097000 0.01676000
v 0.00726800 -0.19248100 0.01627000
v 0.00392400 -0.19248100 0.01656400
v 0.00390300 -0.18319900 0.01649800
v 0.00723200 -0.18319900 0.01621000
v 0.00034800 -0.18319900 0.01659400
v -0.00320700 -0.18319900 0.01649800
v -0.00956900 -0.20097000 -0.00381200
v -0.01199900 -0.20097000 -0.00318300
v -0.00945100 -0.19248100 -0.00363700
v -0.01185400 -0.19248100 -0.00303800
v -0.01391800 -0.20097000 -0.00231100
v -0.01375300 -0.19248100 -0.00219600
v -0.01369500 -0.18319900 -0.00215800
v -0.01180200 -0.18319900 -0.00298800
v -0.00940700 -0.18319900 -0.00357700
v 0.01027500 -0.20097000 0.01594100
v 0.01270600 -0.20097000 0.01520300
v 0.01015400 -0.19248100 0.01578200
v 0.01255900 -0.19248100 0.01507400
v 0.01462600 -0.20097000 0.01422000
v 0.01446000 -0.19248100 0.01412300
v 0.01440100 -0.18319900 0.01409100
v 0.01250400 -0.18319900 0.01503100
v 0.01010700 -0.18319900 0.01572900
v 0.01740100 -0.20097000 0.00387800
v 0.01726200 -0.20097000 0.00199800
v 0.01720800 -0.19248100 0.00392500
v 0.01707100 -0.19248100 0.00206600
v 0.01684600 -0.20097000 0.00028000
v 0.01665900 -0.19248100 0.00037000
v 0.01659500 -0.18319900 0.00040100
v 0.01700600 -0.18319900 0.00208900
v 0.01714300 -0.18319900 0.00394200
v -0.01669100 -0.20097000 0.00779100
v -0.01655200 -0.20097000 0.00967000
v -0.01649800 -0.19248100 0.00780500
v -0.01636100 -0.19248100 0.00967100
v -0.01613600 -0.20097000 0.01140900
v -0.01594900 -0.19248100 0.01139300
v -0.01588600 -0.18319900 0.01138800
v -0.01629600 -0.18319900 0.00967200
v -0.01643300 -0.18319900 0.00781000
v 0.00386000 -0.12513600 -0.00419600
v 0.00033300 -0.12513600 -0.00427400
v 0.00385300 -0.11574900 -0.00419500
v 0.00033100 -0.11574900 -0.00427300
v -0.00649700 -0.12513500 -0.00396200
v -0.00319200 -0.12513600 -0.00419600
v -0.00649100 -0.11574900 -0.00396100
v -0.00318900 -0.11574900 -0.00419500
v -0.00648000 -0.09901300 -0.00396000
v -0.00318500 -0.09901300 -0.00419400
v -0.00318700 -0.10694500 -0.00419400
v -0.00648500 -0.10694500 -0.00396000
v 0.00032600 -0.09901300 -0.00427200
v 0.00032800 -0.10694500 -0.00427200
v 0.00384000 -0.09901300 -0.00419400
v 0.00384600 -0.10694500 -0.00419400
v -0.00319200 -0.12513500 0.01650100
v 0.00033300 -0.12513500 0.01659700
v -0.00318900 -0.11574900 0.01650200
v 0.00033100 -0.11574900 0.01659800
v 0.00716900 -0.12513500 0.01621300
v 0.00386000 -0.12513500 0.01650100
v 0.00715900 -0.11574900 0.01621300
v 0.00385300 -0.11574900 0.01650200
v 0.00714100 -0.09901300 0.01621400
v 0.00384000 -0.09901300 0.01650300
v 0.00384600 -0.10694400 0.01650200
v 0.00714900 -0.10694400 0.01621400
v 0.00032600 -0.09901300 0.01659900
v 0.00032800 -0.10694400 0.01659800
v -0.00318500 -0.09901300 0.01650300
v -0.00318700 -0.10694400 0.01650200
v -0.00936400 -0.12513500 -0.00357200
v -0.01176400 -0.12513500 -0.00298300
v -0.00935700 -0.11574900 -0.00357100
v -0.01175800 -0.11574900 -0.00298200
v -0.01366800 -0.12513600 -0.00215300
v -0.01366400 -0.11574900 -0.00215200
v -0.01365600 -0.09901300 -0.00215000
v -0.01366000 -0.10694500 -0.00215100
v -0.01174700 -0.09901300 -0.00298100
v -0.01175200 -0.10694500 -0.00298200
v -0.00934500 -0.09901300 -0.00357000
v -0.00935000 -0.10694500 -0.00357000
v 0.01004300 -0.12513500 0.01573200
v 0.01245200 -0.12513500 0.01503400
v 0.01003300 -0.11574900 0.01573200
v 0.01244300 -0.11574900 0.01503500
v 0.01436500 -0.12513500 0.01409500
v 0.01435900 -0.11574900 0.01409500
v 0.01434800 -0.09901300 0.01409600
v 0.01435300 -0.10694400 0.01409600
v 0.01242800 -0.09901300 0.01503500
v 0.01243500 -0.10694400 0.01503500
v 0.01001400 -0.09901300 0.01573300
v 0.01002300 -0.10694400 0.01573300
v 0.01714100 -0.12513600 0.00394600
v 0.01700200 -0.12513500 0.00209400
v 0.01714000 -0.11574900 0.00394700
v 0.01700100 -0.11574900 0.00209500
v 0.01658500 -0.12513600 0.00040500
v 0.01658400 -0.11574900 0.00040600
v 0.01658100 -0.09901300 0.00040800
v 0.01658200 -0.10694500 0.00040700
v 0.01700000 -0.09901300 0.00209600
v 0.01700000 -0.10694500 0.00209500
v 0.01713900 -0.09901300 0.00394800
v 0.01714000 -0.10694500 0.00394700
v -0.01643000 -0.12513600 0.00781400
v -0.01629200 -0.12513500 0.00967600
v -0.01642900 -0.11574900 0.00781500
v -0.01629100 -0.11574900 0.00967600
v -0.01587800 -0.12513600 0.01139100
v -0.01587600 -0.11574900 0.01139200
v -0.01587400 -0.09901300 0.01139300
v -0.01587500 -0.10694500 0.01139200
v -0.01629000 -0.09901300 0.00967700
v -0.01629000 -0.10694500 0.00967700
v -0.01642800 -0.09901300 0.00781600
v -0.01642900 -0.10694500 0.00781500
v 0.01713700 -0.06203400 0.00781800
v 0.01713700 -0.06478600 0.00781800
v 0.01713700 -0.06478600 0.00588400
v 0.01699700 -0.06203400 0.00967900
v 0.01699700 -0.06478600 0.00967900
v 0.01713800 -0.06823800 0.00781800
v 0.01713800 -0.06823800 0.00588400
v 0.01699700 -0.06823800 0.00967900
v 0.01657500 -0.06203400 0.01139500
v 0.01573200 -0.06478600 0.01289200
v 0.01657500 -0.06478600 0.01139500
v 0.01573300 -0.06823800 0.01289200
v 0.01657600 -0.06823800 0.01139500
v 0.01573600 -0.07663800 0.01289100
v 0.01657700 -0.07663800 0.01139400
v 0.01657700 -0.07223800 0.01139400
v 0.01573500 -0.07223800 0.01289100
v 0.01699800 -0.07663800 0.00967900
v 0.01699700 -0.07223800 0.00967900
v 0.01713800 -0.07663800 0.00781700
v 0.01713800 -0.07663800 0.00588400
v 0.01713800 -0.07223800 0.00588400
v 0.01713800 -0.07223800 0.00781800
v -0.01642600 -0.06203400 0.00395100
v -0.01642600 -0.06478600 0.00395100
v -0.01642600 -0.06478600 0.00588400
v -0.01628700 -0.06203400 0.00209900
v -0.01628700 -0.06478600 0.00209900
v -0.01642700 -0.06823800 0.00395000
v -0.01642700 -0.06823800 0.00588400
v -0.01628700 -0.06823800 0.00209800
v -0.01586900 -0.06203400 0.00041100
v -0.01503400 -0.06478600 -0.00103200
v -0.01586900 -0.06478600 0.00041100
v -0.01503400 -0.06823800 -0.00103200
v -0.01587000 -0.06823800 0.00041000
v -0.01503700 -0.07663800 -0.00103300
v -0.01587100 -0.07663800 0.00041000
v -0.01587000 -0.07223800 0.00041000
v -0.01503500 -0.07223800 -0.00103300
v -0.01628800 -0.07663800 0.00209800
v -0.01628800 -0.07223800 0.00209800
v -0.01642700 -0.07663800 0.00395000
v -0.01642700 -0.07663800 0.00588400
v -0.01642700 -0.07223800 0.00588400
v -0.01642700 -0.07223800 0.00395000
v 0.00997300 -0.06203400 -0.00356600
v 0.00997600 -0.06478600 -0.00356700
v 0.00710400 -0.06478600 -0.00395700
v 0.01239400 -0.06203400 -0.00297800
v 0.01239600 -0.06478600 -0.00297800
v 0.00998000 -0.06823800 -0.00356700
v 0.00710700 -0.06823800 -0.00395700
v 0.01240000 -0.06823800 -0.00297800
v 0.01432500 -0.06203400 -0.00214700
v 0.01573200 -0.06478600 -0.00103200
v 0.01432700 -0.06478600 -0.00214700
v 0.01573300 -0.06823800 -0.00103200
v 0.01432900 -0.06823800 -0.00214800
v 0.01573600 -0.07663800 -0.00103300
v 0.01433500 -0.07663800 -0.00214800
v 0.01433200 -0.07223800 -0.00214800
v 0.01573500 -0.07223800 -0.00103300
v 0.01240700 -0.07663800 -0.00297900
v 0.01240300 -0.07223800 -0.00297800
v 0.00999000 -0.07663800 -0.00356800
v 0.00711600 -0.07663800 -0.00395800
v 0.00711200 -0.07223800 -0.00395700
v 0.00998500 -0.07223800 -0.00356700
v -0.00931700 -0.06203400 0.01573500
v -0.00931900 -0.06478600 0.01573500
v -0.00645800 -0.06478600 0.01621600
v -0.01172300 -0.06203400 0.01503700
v -0.01172500 -0.06478600 0.01503700
v -0.00932200 -0.06823800 0.01573500
v -0.00646100 -0.06823800 0.01621600
v -0.01172700 -0.06823800 0.01503700
v -0.01363900 -0.06203400 0.01409800
v -0.01503400 -0.06478600 0.01289200
v -0.01364100 -0.06478600 0.01409800
v -0.01503400 -0.06823800 0.01289200
v -0.01364200 -0.06823800 0.01409800
v -0.01503700 -0.07663800 0.01289100
v -0.01364600 -0.07663800 0.01409700
v -0.01364400 -0.07223800 0.01409700
v -0.01503500 -0.07223800 0.01289100
v -0.01173200 -0.07663800 0.01503700
v -0.01172900 -0.07223800 0.01503700
v -0.00932800 -0.07663800 0.01573400
v -0.00646600 -0.07663800 0.01621500
v -0.00646300 -0.07223800 0.01621500
v -0.00932500 -0.07223800 0.01573500
v 0.00383500 -0.09224500 -0.00419300
v 0.00713300 -0.09224500 -0.00395900
v 0.00032500 -0.09224500 -0.00427100
v 0.00383000 -0.08641300 -0.00419300
v 0.00712700 -0.08641300 -0.00395900
v 0.00032300 -0.08641300 -0.00427100
v -0.00647600 -0.09224500 -0.00395900
v -0.00318300 -0.09224500 -0.00419300
v -0.00647200 -0.08641300 -0.00395900
v -0.00318200 -0.08641300 -0.00419300
v -0.00646600 -0.07663800 -0.00395800
v -0.00317900 -0.07663800 -0.00419200
v -0.00318100 -0.08128700 -0.00419200
v -0.00646900 -0.08128700 -0.00395800
v 0.00032100 -0.07663800 -0.00427000
v 0.00032200 -0.08128700 -0.00427000
v 0.00382300 -0.07663800 -0.00419200
v 0.00712100 -0.08128700 -0.00395800
v 0.00382700 -0.08128700 -0.00419200
v -0.00318300 -0.09224500 0.01650300
v -0.00647600 -0.09224500 0.01621400
v 0.00032500 -0.09224500 0.01659900
v -0.00318200 -0.08641300 0.01650300
v -0.00647200 -0.08641300 0.01621500
v 0.00032300 -0.08641300 0.01659900
v 0.00713300 -0.09224500 0.01621400
v 0.00383500 -0.09224500 0.01650300
v 0.00712700 -0.08641300 0.01621500
v 0.00383000 -0.08641300 0.01650300
v 0.00711600 -0.07663800 0.01621500
v 0.00382300 -0.07663800 0.01650400
v 0.00382700 -0.08128700 0.01650300
v 0.00712100 -0.08128700 0.01621500
v 0.00032100 -0.07663800 0.01660000
v 0.00032200 -0.08128700 0.01660000
v -0.00317900 -0.07663800 0.01650400
v -0.00646900 -0.08128700 0.01621500
v -0.00318100 -0.08128700 0.01650300
v -0.00934000 -0.09224500 -0.00356900
v -0.01174200 -0.09224500 -0.00298000
v -0.00933500 -0.08641300 -0.00356900
v -0.01173900 -0.08641300 -0.00298000
v -0.01504100 -0.09224500 -0.00103400
v -0.01365300 -0.09224500 -0.00215000
v -0.01503900 -0.08641300 -0.00103400
v -0.01365100 -0.08641300 -0.00214900
v -0.01364600 -0.07663800 -0.00214800
v -0.01364800 -0.08128700 -0.00214900
v -0.01503800 -0.08128700 -0.00103300
v -0.01173200 -0.07663800 -0.00297900
v -0.01173500 -0.08128700 -0.00297900
v -0.00932800 -0.07663800 -0.00356800
v -0.00933100 -0.08128700 -0.00356800
v 0.01000700 -0.09224500 0.01573400
v 0.01242200 -0.09224500 0.01503600
v 0.01000000 -0.08641300 0.01573400
v 0.01241600 -0.08641300 0.01503600
v 0.01574200 -0.09224500 0.01289000
v 0.01434400 -0.09224500 0.01409600
v 0.01574000 -0.08641300 0.01289100
v 0.01434100 -0.08641300 0.01409700
v 0.01433500 -0.07663800 0.01409700
v 0.01433700 -0.08128700 0.01409700
v 0.01573800 -0.08128700 0.01289100
v 0.01240700 -0.07663800 0.01503700
v 0.01241200 -0.08128700 0.01503600
v 0.00999000 -0.07663800 0.01573400
v 0.00999500 -0.08128700 0.01573400
v 0.01713900 -0.09224500 0.00394900
v 0.01713900 -0.09224500 0.00588300
v 0.01699900 -0.09224500 0.00209700
v 0.01713800 -0.08641300 0.00394900
v 0.01713800 -0.08641300 0.00588300
v 0.01699900 -0.08641300 0.00209700
v 0.01574200 -0.09224500 -0.00103400
v 0.01658000 -0.09224500 0.00040800
v 0.01574000 -0.08641300 -0.00103400
v 0.01657900 -0.08641300 0.00040900
v 0.01657700 -0.07663800 0.00041000
v 0.01657800 -0.08128700 0.00040900
v 0.01573800 -0.08128700 -0.00103300
v 0.01699800 -0.07663800 0.00209800
v 0.01699800 -0.08128700 0.00209700
v 0.01713800 -0.07663800 0.00395000
v 0.01713800 -0.08128700 0.00588300
v 0.01713800 -0.08128700 0.00394900
v -0.01642800 -0.09224500 0.00781600
v -0.01642800 -0.09224500 0.00588300
v -0.01628900 -0.09224500 0.00967800
v -0.01642800 -0.08641300 0.00781700
v -0.01642800 -0.08641300 0.00588300
v -0.01628900 -0.08641300 0.00967800
v -0.01504100 -0.09224500 0.01289000
v -0.01587300 -0.09224500 0.01139300
v -0.01503900 -0.08641300 0.01289100
v -0.01587200 -0.08641300 0.01139300
v -0.01587100 -0.07663800 0.01139400
v -0.01587200 -0.08128700 0.01139400
v -0.01503800 -0.08128700 0.01289100
v -0.01628800 -0.07663800 0.00967900
v -0.01628800 -0.08128700 0.00967800
v -0.01642700 -0.07663800 0.00781700
v -0.01642700 -0.08128700 0.00588300
v -0.01642700 -0.08128700 0.00781700
v 0.01713700 -0.05802800 0.00781900
v 0.01699600 -0.05802800 0.00968000
v 0.01713700 -0.05886600 0.00781900
v 0.01699600 -0.05886600 0.00968000
v 0.01657400 -0.05802800 0.01139500
v 0.01657400 -0.05886600 0.01139500
v 0.01657500 -0.06013000 0.01139500
v 0.01699600 -0.06013000 0.00968000
v 0.01713700 -0.06013000 0.00781900
v -0.01642600 -0.05802800 0.00395100
v -0.01628700 -0.05802800 0.00209900
v -0.01642600 -0.05886600 0.00395100
v -0.01628700 -0.05886600 0.00209900
v -0.01586800 -0.05802800 0.00041100
v -0.01586800 -0.05886600 0.00041100
v -0.01586900 -0.06013000 0.00041100
v -0.01628700 -0.06013000 0.00209900
v -0.01642600 -0.06013000 0.00395100
v 0.00996900 -0.05802800 -0.00356600
v 0.01239000 -0.05802800 -0.00297700
v 0.00997000 -0.05886600 -0.00356600
v 0.01239100 -0.05886600 -0.00297700
v 0.01432300 -0.05802800 -0.00214700
v 0.01432400 -0.05886600 -0.00214700
v 0.01432400 -0.06013000 -0.00214700
v 0.01239200 -0.06013000 -0.00297700
v 0.00997100 -0.06013000 -0.00356600
v -0.00931400 -0.05802800 0.01573500
v -0.01172000 -0.05802800 0.01503800
v -0.00931500 -0.05886600 0.01573500
v -0.01172100 -0.05886600 0.01503800
v -0.01363800 -0.05802800 0.01409800
v -0.01363800 -0.05886600 0.01409800
v -0.01363800 -0.06013000 0.01409800
v -0.01172100 -0.06013000 0.01503800
v -0.00931600 -0.06013000 0.01573500
v 0.01657800 -0.08128700 0.01139400
v 0.01657900 -0.08641300 0.01139300
v 0.01699800 -0.08128700 0.00967800
v 0.01699900 -0.08641300 0.00967800
v 0.01658000 -0.09224500 0.01139300
v 0.01699900 -0.09224500 0.00967800
v 0.01713900 -0.09224500 0.00781600
v 0.01713800 -0.08641300 0.00781700
v 0.01713800 -0.08128700 0.00781700
v -0.01587200 -0.08128700 0.00040900
v -0.01587200 -0.08641300 0.00040900
v -0.01628800 -0.08128700 0.00209700
v -0.01628900 -0.08641300 0.00209700
v -0.01587300 -0.09224500 0.00040800
v -0.01628900 -0.09224500 0.00209700
v -0.01642800 -0.09224500 0.00394900
v -0.01642800 -0.08641300 0.00394900
v -0.01642700 -0.08128700 0.00394900
v 0.01433700 -0.08128700 -0.00214900
v 0.01434100 -0.08641300 -0.00214900
v 0.01241200 -0.08128700 -0.00297900
v 0.01241600 -0.08641300 -0.00298000
v 0.01434400 -0.09224500 -0.00215000
v 0.01242200 -0.09224500 -0.00298000
v 0.01000700 -0.09224500 -0.00356900
v 0.01000000 -0.08641300 -0.00356900
v 0.00999500 -0.08128700 -0.00356800
v -0.01364800 -0.08128700 0.01409700
v -0.01365100 -0.08641300 0.01409700
v -0.01173500 -0.08128700 0.01503600
v -0.01173900 -0.08641300 0.01503600
v -0.01365300 -0.09224500 0.01409600
v -0.01174200 -0.09224500 0.01503600
v -0.00934000 -0.09224500 0.01573400
v -0.00933500 -0.08641300 0.01573400
v -0.00933100 -0.08128700 0.01573400
v -0.00646300 -0.07223800 -0.00395700
v -0.00317800 -0.07223800 -0.00419100
v -0.00646100 -0.06823800 -0.00395700
v -0.00317700 -0.06823800 -0.00419100
v 0.00032000 -0.07223800 -0.00426900
v 0.00031900 -0.06823800 -0.00426900
v -0.00645800 -0.06478600 -0.00395700
v -0.00317600 -0.06478600 -0.00419100
v 0.00031800 -0.06478600 -0.00426900
v 0.00381400 -0.06478600 -0.00419100
v 0.00381700 -0.06823800 -0.00419100
v 0.00382000 -0.07223800 -0.00419100
v 0.00711200 -0.07223800 0.01621500
v 0.00382000 -0.07223800 0.01650400
v 0.00710700 -0.06823800 0.01621600
v 0.00381700 -0.06823800 0.01650400
v 0.00032000 -0.07223800 0.01660000
v 0.00031900 -0.06823800 0.01660000
v 0.00710400 -0.06478600 0.01621600
v 0.00381400 -0.06478600 0.01650400
v 0.00031800 -0.06478600 0.01660000
v -0.00317600 -0.06478600 0.01650400
v -0.00317700 -0.06823800 0.01650400
v -0.00317800 -0.07223800 0.01650400
v -0.01364400 -0.07223800 -0.00214800
v -0.01364200 -0.06823800 -0.00214800
v -0.01172900 -0.07223800 -0.00297800
v -0.01172700 -0.06823800 -0.00297800
v -0.01364100 -0.06478600 -0.00214700
v -0.01172500 -0.06478600 -0.00297800
v -0.00931900 -0.06478600 -0.00356700
v -0.00932200 -0.06823800 -0.00356700
v -0.00932500 -0.07223800 -0.00356700
v 0.01433200 -0.07223800 0.01409700
v 0.01432900 -0.06823800 0.01409800
v 0.01240300 -0.07223800 0.01503700
v 0.01240000 -0.06823800 0.01503700
v 0.01432700 -0.06478600 0.01409800
v 0.01239600 -0.06478600 0.01503700
v 0.00997600 -0.06478600 0.01573500
v 0.00998000 -0.06823800 0.01573500
v 0.00998500 -0.07223800 0.01573500
v 0.01657700 -0.07223800 0.00041000
v 0.01657600 -0.06823800 0.00041000
v 0.01699700 -0.07223800 0.00209800
v 0.01699700 -0.06823800 0.00209800
v 0.01657500 -0.06478600 0.00041100
v 0.01699700 -0.06478600 0.00209900
v 0.01713700 -0.06478600 0.00395100
v 0.01713800 -0.06823800 0.00395000
v 0.01713800 -0.07223800 0.00395000
v -0.01587000 -0.07223800 0.01139400
v -0.01587000 -0.06823800 0.01139500
v -0.01628800 -0.07223800 0.00967900
v -0.01628700 -0.06823800 0.00967900
v -0.01586900 -0.06478600 0.01139500
v -0.01628700 -0.06478600 0.00967900
v -0.01642600 -0.06478600 0.00781800
v -0.01642700 -0.06823800 0.00781800
v -0.01642700 -0.07223800 0.00781800
v 0.09871100 0.24451600 0.00596500
v 0.05431600 0.24447800 0.00596500
v 0.05431600 0.24435700 0.00624500
v 0.09871100 0.24439400 0.00624500
v 0.00107100 0.24443400 0.00596500
v 0.00107100 0.24431200 0.00624500
v 0.05431600 0.24408400 0.00647300
v 0.09871100 0.24412100 0.00647300
v 0.00107100 0.24403900 0.00647300
v -0.05217400 0.24438900 0.00596500
v -0.09656900 0.24435200 0.00596500
v -0.09656800 0.24423100 0.00624500
v -0.05217400 0.24426800 0.00624500
v -0.09656800 0.24395800 0.00647300
v -0.05217300 0.24399500 0.00647300
v -0.09656800 0.24332000 0.00656000
v -0.05217300 0.24335700 0.00656000
v -0.05217300 0.24366100 0.00659500
v -0.09656800 0.24362400 0.00659500
v 0.00107200 0.24340200 0.00656000
v 0.00107200 0.24370600 0.00659500
v 0.05431700 0.24344700 0.00656000
v 0.09871100 0.24348400 0.00656000
v 0.09871100 0.24378700 0.00659500
v 0.05431600 0.24375000 0.00659500
v 0.05431700 0.24326500 0.00631500
v 0.09871200 0.24330200 0.00631500
v 0.00107200 0.24322000 0.00631500
v 0.05431700 0.24320400 0.00596500
v 0.09871200 0.24324100 0.00596500
v 0.00107200 0.24315900 0.00596500
v -0.09656800 0.24313800 0.00631500
v -0.05217300 0.24317500 0.00631500
v -0.09656800 0.24307800 0.00596500
v -0.05217300 0.24311500 0.00596500
v -0.09656800 0.24332000 0.00536900
v -0.05217300 0.24335700 0.00536900
v -0.05217300 0.24317500 0.00561400
v -0.09656800 0.24313800 0.00561400
v 0.00107200 0.24340200 0.00536900
v 0.00107200 0.24322000 0.00561400
v 0.05431700 0.24344700 0.00536900
v 0.09871100 0.24348400 0.00536900
v 0.09871200 0.24330200 0.00561400
v 0.05431700 0.24326500 0.00561400
v 0.05431600 0.24375000 0.00533400
v 0.09871100 0.24378700 0.00533400
v 0.00107200 0.24370600 0.00533400
v 0.05431600 0.24408400 0.00545700
v 0.09871100 0.24412100 0.00545700
v 0.00107100 0.24403900 0.00545700
v -0.09656800 0.24362400 0.00533400
v -0.05217300 0.24366100 0.00533400
v -0.09656800 0.24395800 0.00545700
v -0.05217300 0.24399500 0.00545700
v -0.05217400 0.24426800 0.00568400
v -0.09656800 0.24423100 0.00568400
v 0.00107100 0.24431200 0.00568400
v 0.09871100 0.24439400 0.00568400
v 0.05431600 0.24435700 0.00568400
v 0.14339900 0.24364400 0.00634900
v 0.14342500 0.24353800 0.00619800
v 0.14347300 0.24374200 0.00617900
v 0.14342500 0.24382700 0.00636500
v 0.14343800 0.24347900 0.00596500
v 0.14348900 0.24368200 0.00596500
v 0.14348900 0.24395700 0.00612300
v 0.14343700 0.24405800 0.00629900
v 0.14349400 0.24386500 0.00596500
v 0.14342500 0.24353800 0.00573100
v 0.14339900 0.24364400 0.00558100
v 0.14342500 0.24382700 0.00556500
v 0.14347300 0.24374200 0.00575100
v 0.14343700 0.24405800 0.00563000
v 0.14348900 0.24395700 0.00580600
v 0.14339800 0.24430900 0.00596500
v 0.14342400 0.24423100 0.00613100
v 0.14347200 0.24411300 0.00596500
v 0.14342400 0.24423100 0.00579800
v -0.14125500 0.24340500 0.00558100
v -0.14128100 0.24330000 0.00573100
v -0.14132900 0.24350300 0.00575100
v -0.14128200 0.24358800 0.00556500
v -0.14129400 0.24324100 0.00596500
v -0.14134500 0.24344300 0.00596500
v -0.14134600 0.24371800 0.00580600
v -0.14129500 0.24382000 0.00563000
v -0.14135100 0.24362700 0.00596500
v -0.14128100 0.24330000 0.00619800
v -0.14125500 0.24340500 0.00634900
v -0.14128200 0.24358800 0.00636500
v -0.14132900 0.24350300 0.00617900
v -0.14129500 0.24382000 0.00629900
v -0.14134600 0.24371800 0.00612300
v -0.14125600 0.24407000 0.00596500
v -0.14128200 0.24399300 0.00579800
v -0.14133000 0.24387400 0.00596500
v -0.14128200 0.24399300 0.00613100
v -0.00773800 0.44050700 0.00596500
v -0.00785600 0.44032200 0.00596500
v -0.00776300 0.44034400 0.00621000
v -0.00766100 0.44058700 0.00613100
v -0.00790000 0.43451700 0.00596500
v -0.00778600 0.43452400 0.00623600
v -0.00754600 0.44036800 0.00640400
v -0.00748800 0.44062800 0.00629900
v -0.00752700 0.43453100 0.00645600
v -0.00778900 0.41764100 0.00596500
v -0.00750800 0.38424600 0.00596500
v -0.00738600 0.38424700 0.00624500
v -0.00766800 0.41764200 0.00624500
v -0.00711300 0.38424900 0.00647300
v -0.00739500 0.41764500 0.00647300
v -0.00647600 0.38425500 0.00656000
v -0.00675800 0.41765000 0.00656000
v -0.00706100 0.41764700 0.00659500
v -0.00678000 0.38425200 0.00659500
v -0.00691500 0.43452600 0.00653300
v -0.00720800 0.43452800 0.00657000
v -0.00701100 0.44032900 0.00645200
v -0.00707200 0.44051200 0.00634900
v -0.00725600 0.44059100 0.00636500
v -0.00727000 0.44034800 0.00649400
v -0.00684600 0.44035200 0.00624900
v -0.00696800 0.44059300 0.00619800
v -0.00673700 0.43453200 0.00629900
v -0.00678600 0.44037400 0.00596500
v -0.00690900 0.44063300 0.00596500
v -0.00667700 0.43453800 0.00596500
v -0.00629400 0.38425600 0.00631500
v -0.00657600 0.41765200 0.00631500
v -0.00623300 0.38425700 0.00596500
v -0.00651500 0.41765200 0.00596500
v -0.00647600 0.38425500 0.00536900
v -0.00675800 0.41765000 0.00536900
v -0.00657600 0.41765200 0.00561400
v -0.00629400 0.38425600 0.00561400
v -0.00691500 0.43452600 0.00539600
v -0.00673700 0.43453200 0.00563100
v -0.00701100 0.44032900 0.00547700
v -0.00707200 0.44051200 0.00558100
v -0.00696800 0.44059300 0.00573100
v -0.00684600 0.44035200 0.00568100
v -0.00727000 0.44034800 0.00543500
v -0.00725600 0.44059100 0.00556500
v -0.00720800 0.43452800 0.00535900
v -0.00754600 0.44036800 0.00552600
v -0.00748800 0.44062800 0.00563000
v -0.00752700 0.43453100 0.00547400
v -0.00678000 0.38425200 0.00533400
v -0.00706100 0.41764700 0.00533400
v -0.00711300 0.38424900 0.00545700
v -0.00739500 0.41764500 0.00545700
v -0.00766800 0.41764200 0.00568400
v -0.00738600 0.38424700 0.00568400
v -0.00778600 0.43452400 0.00569300
v -0.00766100 0.44058700 0.00579800
v -0.00776300 0.44034400 0.00571900
v -0.00717200 0.44073800 0.00617900
v -0.00711300 0.44078700 0.00596500
v -0.00738800 0.44078500 0.00612300
v -0.00729700 0.44080200 0.00596500
v -0.00717200 0.44073800 0.00575100
v -0.00738800 0.44078500 0.00580600
v -0.00754300 0.44073500 0.00596500
v -0.00407300 0.08456900 0.00558100
v -0.00396700 0.08449000 0.00573100
v -0.00416900 0.08434100 0.00575100
v -0.00425500 0.08448700 0.00556500
v -0.00390700 0.08445100 0.00596500
v -0.00410900 0.08429200 0.00596500
v -0.00438400 0.08428900 0.00580600
v -0.00448600 0.08444600 0.00563000
v -0.00429200 0.08427400 0.00596500
v -0.00396700 0.08449000 0.00619800
v -0.00407300 0.08456900 0.00634900
v -0.00425500 0.08448700 0.00636500
v -0.00416900 0.08434100 0.00617900
v -0.00448600 0.08444600 0.00629900
v -0.00438400 0.08428900 0.00612300
v -0.00473800 0.08456300 0.00596500
v -0.00465900 0.08448400 0.00579800
v -0.00454000 0.08433800 0.00596500
v -0.00465900 0.08448400 0.00613100
v -0.02253400 0.43864200 0.00596500
v -0.02265000 0.43845700 0.00596500
v -0.02255700 0.43848000 0.00621000
v -0.02245700 0.43872300 0.00613100
v -0.02264100 0.43268200 0.00596500
v -0.02252700 0.43268900 0.00623600
v -0.02234100 0.43850600 0.00640400
v -0.02228500 0.43876500 0.00629900
v -0.02226800 0.43269900 0.00645600
v -0.02237400 0.41589400 0.00596500
v -0.02178300 0.38267300 0.00596500
v -0.02166200 0.38267500 0.00624500
v -0.02225200 0.41589600 0.00624500
v -0.02138900 0.38268000 0.00647300
v -0.02197900 0.41590100 0.00647300
v -0.02075200 0.38269100 0.00656000
v -0.02134200 0.41591200 0.00656000
v -0.02164500 0.41590700 0.00659500
v -0.02105500 0.38268600 0.00659500
v -0.02165600 0.43270000 0.00653300
v -0.02194800 0.43270000 0.00657000
v -0.02180500 0.43847200 0.00645200
v -0.02186800 0.43865400 0.00634900
v -0.02205300 0.43873000 0.00636500
v -0.02206500 0.43848900 0.00649400
v -0.02164000 0.43849700 0.00624900
v -0.02176500 0.43873500 0.00619800
v -0.02147800 0.43270800 0.00629900
v -0.02158100 0.43851900 0.00596500
v -0.02170600 0.43877500 0.00596500
v -0.02141800 0.43271400 0.00596500
v -0.02056900 0.38269500 0.00631500
v -0.02116000 0.41591500 0.00631500
v -0.02050900 0.38269600 0.00596500
v -0.02109900 0.41591700 0.00596500
v -0.02075200 0.38269100 0.00536900
v -0.02134200 0.41591200 0.00536900
v -0.02116000 0.41591500 0.00561400
v -0.02056900 0.38269500 0.00561400
v -0.02165600 0.43269900 0.00539600
v -0.02147800 0.43270800 0.00563100
v -0.02180500 0.43847200 0.00547700
v -0.02186800 0.43865400 0.00558100
v -0.02176500 0.43873500 0.00573100
v -0.02164000 0.43849700 0.00568100
v -0.02206500 0.43848900 0.00543500
v -0.02205300 0.43873000 0.00556500
v -0.02194800 0.43270000 0.00535900
v -0.02234100 0.43850600 0.00552600
v -0.02228500 0.43876500 0.00563000
v -0.02226800 0.43269900 0.00547400
v -0.02105500 0.38268600 0.00533400
v -0.02164500 0.41590700 0.00533400
v -0.02138900 0.38268000 0.00545700
v -0.02197900 0.41590100 0.00545700
v -0.02225200 0.41589600 0.00568400
v -0.02166200 0.38267500 0.00568400
v -0.02252700 0.43268900 0.00569300
v -0.02245700 0.43872300 0.00579800
v -0.02255700 0.43848000 0.00571900
v -0.02197100 0.43887700 0.00617900
v -0.02191200 0.43892700 0.00596500
v -0.02218700 0.43892300 0.00612300
v -0.02209500 0.43894000 0.00596500
v -0.02197100 0.43887700 0.00575100
v -0.02218700 0.43892300 0.00580600
v -0.02234100 0.43887100 0.00596500
v -0.01557400 0.08456900 0.00558100
v -0.01546800 0.08449100 0.00573100
v -0.01566900 0.08434100 0.00575100
v -0.01575600 0.08448600 0.00556500
v -0.01540800 0.08445300 0.00596500
v -0.01560800 0.08429300 0.00596500
v -0.01588300 0.08428800 0.00580600
v -0.01598700 0.08444200 0.00563000
v -0.01579100 0.08427300 0.00596500
v -0.01546800 0.08449100 0.00619800
v -0.01557400 0.08456800 0.00634900
v -0.01575600 0.08448500 0.00636500
v -0.01566900 0.08434100 0.00617900
v -0.01598700 0.08444200 0.00629900
v -0.01588300 0.08428800 0.00612300
v -0.01624000 0.08455700 0.00596500
v -0.01616100 0.08447800 0.00579800
v -0.01603900 0.08433400 0.00596500
v -0.01616100 0.08447800 0.00613100
v -0.03545700 0.43572000 0.00596500
v -0.03557200 0.43553600 0.00596500
v -0.03547900 0.43555900 0.00621000
v -0.03538100 0.43580100 0.00613100
v -0.03552100 0.42980700 0.00596500
v -0.03540700 0.42981500 0.00623600
v -0.03526400 0.43558600 0.00640400
v -0.03521000 0.43584400 0.00629900
v -0.03514800 0.42982700 0.00645600
v -0.03513100 0.41315700 0.00596500
v -0.03429800 0.38021000 0.00596500
v -0.03417600 0.38021300 0.00624500
v -0.03501000 0.41316000 0.00624500
v -0.03390300 0.38021900 0.00647300
v -0.03473700 0.41316700 0.00647300
v -0.03326600 0.38023600 0.00656000
v -0.03410000 0.41318300 0.00656000
v -0.03440300 0.41317500 0.00659500
v -0.03357000 0.38022800 0.00659500
v -0.03453600 0.42983200 0.00653300
v -0.03482900 0.42983000 0.00657000
v -0.03472800 0.43555700 0.00645200
v -0.03479200 0.43573700 0.00634900
v -0.03497700 0.43581100 0.00636500
v -0.03498700 0.43557200 0.00649400
v -0.03456300 0.43558200 0.00624900
v -0.03468900 0.43581800 0.00619800
v -0.03435800 0.42984200 0.00629900
v -0.03450400 0.43560500 0.00596500
v -0.03463100 0.43585800 0.00596500
v -0.03429800 0.42984900 0.00596500
v -0.03308400 0.38024000 0.00631500
v -0.03391800 0.41318800 0.00631500
v -0.03302400 0.38024200 0.00596500
v -0.03385700 0.41318900 0.00596500
v -0.03326600 0.38023600 0.00536900
v -0.03410000 0.41318300 0.00536900
v -0.03391800 0.41318800 0.00561400
v -0.03308400 0.38024000 0.00561400
v -0.03453600 0.42983200 0.00539600
v -0.03435800 0.42984200 0.00563100
v -0.03472800 0.43555700 0.00547700
v -0.03479200 0.43573700 0.00558100
v -0.03468900 0.43581800 0.00573100
v -0.03456300 0.43558200 0.00568100
v -0.03498700 0.43557200 0.00543500
v -0.03497700 0.43581100 0.00556500
v -0.03482900 0.42983000 0.00535900
v -0.03526400 0.43558600 0.00552600
v -0.03521000 0.43584400 0.00563000
v -0.03514800 0.42982700 0.00547400
v -0.03357000 0.38022800 0.00533400
v -0.03440300 0.41317500 0.00533400
v -0.03390300 0.38021900 0.00545700
v -0.03473700 0.41316700 0.00545700
v -0.03501000 0.41316000 0.00568400
v -0.03417600 0.38021300 0.00568400
v -0.03540700 0.42981500 0.00569300
v -0.03538100 0.43580100 0.00579800
v -0.03547900 0.43555900 0.00571900
v -0.03489600 0.43595700 0.00617900
v -0.03483700 0.43600700 0.00596500
v -0.03511200 0.43600000 0.00612300
v -0.03502100 0.43601900 0.00596500
v -0.03489600 0.43595700 0.00575100
v -0.03511200 0.43600000 0.00580600
v -0.03526700 0.43594800 0.00596500
v -0.02591200 0.08456700 0.00558100
v -0.02580500 0.08449000 0.00573100
v -0.02600500 0.08434000 0.00575100
v -0.02609300 0.08448300 0.00556500
v -0.02574500 0.08445300 0.00596500
v -0.02594400 0.08429300 0.00596500
v -0.02621800 0.08428600 0.00580600
v -0.02632400 0.08443800 0.00563000
v -0.02612600 0.08427200 0.00596500
v -0.02580500 0.08449000 0.00619800
v -0.02591200 0.08456700 0.00634900
v -0.02609300 0.08448300 0.00636500
v -0.02600500 0.08434000 0.00617900
v -0.02632400 0.08443800 0.00629900
v -0.02621800 0.08428600 0.00612300
v -0.02657700 0.08455000 0.00596500
v -0.02649700 0.08447300 0.00579800
v -0.02637500 0.08433100 0.00596500
v -0.02649700 0.08447300 0.00613100
v -0.04887200 0.42995400 0.00596500
v -0.04898500 0.42977200 0.00596500
v -0.04889300 0.42979600 0.00621000
v -0.04879700 0.43003400 0.00613100
v -0.04889200 0.42413600 0.00596500
v -0.04877800 0.42414500 0.00623600
v -0.04867700 0.42982400 0.00640400
v -0.04862500 0.43007800 0.00629900
v -0.04851900 0.42415900 0.00645600
v -0.04837900 0.40775900 0.00596500
v -0.04730300 0.37535100 0.00596500
v -0.04718100 0.37535500 0.00624500
v -0.04825800 0.40776300 0.00624500
v -0.04690800 0.37536400 0.00647300
v -0.04798500 0.40777200 0.00647300
v -0.04627200 0.37538500 0.00656000
v -0.04734800 0.40779300 0.00656000
v -0.04765100 0.40778300 0.00659500
v -0.04657500 0.37537500 0.00659500
v -0.04790700 0.42416900 0.00653300
v -0.04820000 0.42416400 0.00657000
v -0.04814100 0.42980000 0.00645200
v -0.04820700 0.42997600 0.00634900
v -0.04839200 0.43004700 0.00636500
v -0.04840100 0.42981200 0.00649400
v -0.04797600 0.42982600 0.00624900
v -0.04810400 0.43005700 0.00619800
v -0.04773000 0.42418000 0.00629900
v -0.04791700 0.42984900 0.00596500
v -0.04804700 0.43009700 0.00596500
v -0.04767000 0.42418700 0.00596500
v -0.04609000 0.37539200 0.00631500
v -0.04716600 0.40779900 0.00631500
v -0.04602900 0.37539400 0.00596500
v -0.04710500 0.40780100 0.00596500
v -0.04627200 0.37538500 0.00536900
v -0.04734800 0.40779300 0.00536900
v -0.04716600 0.40779900 0.00561400
v -0.04609000 0.37539200 0.00561400
v -0.04790700 0.42416900 0.00539600
v -0.04773000 0.42418000 0.00563100
v -0.04814100 0.42980000 0.00547700
v -0.04820700 0.42997600 0.00558100
v -0.04810400 0.43005700 0.00573100
v -0.04797600 0.42982600 0.00568100
v -0.04840100 0.42981200 0.00543500
v -0.04839200 0.43004700 0.00556500
v -0.04820000 0.42416400 0.00535900
v -0.04867700 0.42982400 0.00552600
v -0.04862500 0.43007800 0.00563000
v -0.04851900 0.42415900 0.00547400
v -0.04657500 0.37537500 0.00533400
v -0.04765100 0.40778300 0.00533400
v -0.04690800 0.37536400 0.00545700
v -0.04798500 0.40777200 0.00545700
v -0.04825800 0.40776300 0.00568400
v -0.04718100 0.37535500 0.00568400
v -0.04877800 0.42414500 0.00569300
v -0.04879700 0.43003400 0.00579800
v -0.04889300 0.42979600 0.00571900
v -0.04831200 0.43019200 0.00617900
v -0.04825400 0.43024200 0.00596500
v -0.04852900 0.43023300 0.00612300
v -0.04843800 0.43025200 0.00596500
v -0.04831200 0.43019200 0.00575100
v -0.04852900 0.43023300 0.00580600
v -0.04868300 0.43018000 0.00596500
v -0.03673400 0.08456100 0.00558100
v -0.03662600 0.08448700 0.00573100
v -0.03682500 0.08433800 0.00575100
v -0.03691400 0.08447700 0.00556500
v -0.03656600 0.08445100 0.00596500
v -0.03676400 0.08429100 0.00596500
v -0.03703800 0.08428200 0.00580600
v -0.03714500 0.08443100 0.00563000
v -0.03694600 0.08426900 0.00596500
v -0.03662600 0.08448700 0.00619800
v -0.03673400 0.08456100 0.00634900
v -0.03691400 0.08447700 0.00636500
v -0.03682500 0.08433800 0.00617900
v -0.03714500 0.08443100 0.00629900
v -0.03703800 0.08428200 0.00612300
v -0.03739900 0.08453900 0.00596500
v -0.03731900 0.08446400 0.00579800
v -0.03719500 0.08432500 0.00596500
v -0.03731900 0.08446400 0.00613100
v -0.06202800 0.42623000 0.00596500
v -0.06214000 0.42604800 0.00596500
v -0.06204800 0.42607300 0.00621000
v -0.06195300 0.42630900 0.00613100
v -0.06200400 0.42047300 0.00596500
v -0.06189000 0.42048300 0.00623600
v -0.06183200 0.42610300 0.00640400
v -0.06178200 0.42635400 0.00629900
v -0.06163100 0.42049900 0.00645600
v -0.06136800 0.40427100 0.00596500
v -0.06004700 0.37221300 0.00596500
v -0.05992600 0.37221800 0.00624500
v -0.06124600 0.40427600 0.00624500
v -0.05965300 0.37222900 0.00647300
v -0.06097400 0.40428800 0.00647300
v -0.05901600 0.37225500 0.00656000
v -0.06033700 0.40431400 0.00656000
v -0.06064000 0.40430100 0.00659500
v -0.05932000 0.37224300 0.00659500
v -0.06102000 0.42051300 0.00653300
v -0.06131200 0.42050700 0.00657000
v -0.06129600 0.42608300 0.00645200
v -0.06136300 0.42625700 0.00634900
v -0.06154900 0.42632600 0.00636500
v -0.06155600 0.42609300 0.00649400
v -0.06113100 0.42611100 0.00624900
v -0.06126100 0.42633800 0.00619800
v -0.06084200 0.42052600 0.00629900
v -0.06107300 0.42613400 0.00596500
v -0.06120400 0.42637800 0.00596500
v -0.06078200 0.42053400 0.00596500
v -0.05883400 0.37226200 0.00631500
v -0.06015500 0.40432100 0.00631500
v -0.05877400 0.37226500 0.00596500
v -0.06009400 0.40432400 0.00596500
v -0.05901600 0.37225500 0.00536900
v -0.06033700 0.40431400 0.00536900
v -0.06015500 0.40432100 0.00561400
v -0.05883400 0.37226200 0.00561400
v -0.06102000 0.42051300 0.00539600
v -0.06084200 0.42052600 0.00563100
v -0.06129600 0.42608300 0.00547700
v -0.06136300 0.42625700 0.00558100
v -0.06126100 0.42633800 0.00573100
v -0.06113100 0.42611100 0.00568100
v -0.06155600 0.42609300 0.00543500
v -0.06154900 0.42632600 0.00556500
v -0.06131200 0.42050700 0.00535900
v -0.06183200 0.42610300 0.00552600
v -0.06178200 0.42635400 0.00563000
v -0.06163100 0.42049900 0.00547400
v -0.05932000 0.37224200 0.00533400
v -0.06064000 0.40430100 0.00533400
v -0.05965300 0.37222900 0.00545700
v -0.06097400 0.40428800 0.00545700
v -0.06124600 0.40427600 0.00568400
v -0.05992600 0.37221800 0.00568400
v -0.06189000 0.42048300 0.00569300
v -0.06195300 0.42630900 0.00579800
v -0.06204800 0.42607300 0.00571900
v -0.06147000 0.42647000 0.00617900
v -0.06141200 0.42652000 0.00596500
v -0.06168700 0.42650900 0.00612300
v -0.06159600 0.42652800 0.00596500
v -0.06147000 0.42647000 0.00575100
v -0.06168700 0.42650900 0.00580600
v -0.06184100 0.42645500 0.00596500
v -0.04728900 0.08455800 0.00558100
v -0.04718000 0.08448600 0.00573100
v -0.04737800 0.08433600 0.00575100
v -0.04746800 0.08447400 0.00556500
v -0.04712000 0.08445000 0.00596500
v -0.04731600 0.08429100 0.00596500
v -0.04759100 0.08428000 0.00580600
v -0.04769800 0.08442700 0.00563000
v -0.04749900 0.08426800 0.00596500
v -0.04718000 0.08448600 0.00619800
v -0.04728900 0.08455800 0.00634900
v -0.04746800 0.08447400 0.00636500
v -0.04737800 0.08433600 0.00617900
v -0.04769800 0.08442700 0.00629900
v -0.04759100 0.08428000 0.00612300
v -0.04795300 0.08453100 0.00596500
v -0.04787200 0.08445700 0.00579800
v -0.04774800 0.08432100 0.00596500
v -0.04787200 0.08445700 0.00613100
v -0.07851300 0.41568200 0.00596500
v -0.07862300 0.41550500 0.00596500
v -0.07853100 0.41553000 0.00621000
v -0.07843900 0.41576100 0.00613100
v -0.07842700 0.41010000 0.00596500
v -0.07831300 0.41011100 0.00623600
v -0.07831600 0.41556200 0.00640400
v -0.07826900 0.41580700 0.00629900
v -0.07805400 0.41013000 0.00645600
v -0.07761500 0.39439700 0.00596500
v -0.07594700 0.36332600 0.00596500
v -0.07582500 0.36333300 0.00624500
v -0.07749400 0.39440400 0.00624500
v -0.07555300 0.36334700 0.00647300
v -0.07722100 0.39441800 0.00647300
v -0.07491600 0.36338200 0.00656000
v -0.07658500 0.39445200 0.00656000
v -0.07688800 0.39443600 0.00659500
v -0.07521900 0.36336500 0.00659500
v -0.07744300 0.41015300 0.00653300
v -0.07773500 0.41014200 0.00657000
v -0.07778000 0.41555000 0.00645200
v -0.07784900 0.41571800 0.00634900
v -0.07803500 0.41578200 0.00636500
v -0.07804000 0.41555600 0.00649400
v -0.07761500 0.41557900 0.00624900
v -0.07774700 0.41579800 0.00619800
v -0.07726600 0.41016700 0.00629900
v -0.07755700 0.41560200 0.00596500
v -0.07769100 0.41583800 0.00596500
v -0.07720600 0.41017500 0.00596500
v -0.07473400 0.36339100 0.00631500
v -0.07640300 0.39446200 0.00631500
v -0.07467400 0.36339500 0.00596500
v -0.07634200 0.39446500 0.00596500
v -0.07491600 0.36338200 0.00536900
v -0.07658500 0.39445200 0.00536900
v -0.07640300 0.39446200 0.00561400
v -0.07473400 0.36339100 0.00561400
v -0.07744300 0.41015300 0.00539600
v -0.07726600 0.41016700 0.00563100
v -0.07778000 0.41555000 0.00547700
v -0.07784900 0.41571800 0.00558100
v -0.07774700 0.41579800 0.00573100
v -0.07761500 0.41557900 0.00568100
v -0.07804000 0.41555600 0.00543500
v -0.07803500 0.41578200 0.00556500
v -0.07773500 0.41014200 0.00535900
v -0.07831600 0.41556200 0.00552600
v -0.07826900 0.41580700 0.00563000
v -0.07805400 0.41013000 0.00547400
v -0.07521900 0.36336500 0.00533400
v -0.07688800 0.39443600 0.00533400
v -0.07555300 0.36334700 0.00545700
v -0.07722100 0.39441800 0.00545700
v -0.07749400 0.39440400 0.00568400
v -0.07582500 0.36333300 0.00568400
v -0.07831300 0.41011100 0.00569300
v -0.07843900 0.41576100 0.00579800
v -0.07853100 0.41553000 0.00571900
v -0.07795800 0.41592300 0.00617900
v -0.07790100 0.41597200 0.00596500
v -0.07817500 0.41595700 0.00612300
v -0.07808500 0.41597800 0.00596500
v -0.07795800 0.41592300 0.00575100
v -0.07817500 0.41595700 0.00580600
v -0.07832800 0.41590300 0.00596500
v -0.06006800 0.08454800 0.00558100
v -0.05995800 0.08447900 0.00573100
v -0.06015400 0.08433200 0.00575100
v -0.06024600 0.08446400 0.00556500
v -0.05989800 0.08444600 0.00596500
v -0.06009200 0.08428900 0.00596500
v -0.06036700 0.08427400 0.00580600
v -0.06047600 0.08441500 0.00563000
v -0.06027400 0.08426400 0.00596500
v -0.05995800 0.08447900 0.00619800
v -0.06006800 0.08454800 0.00634900
v -0.06024600 0.08446400 0.00636500
v -0.06015400 0.08433200 0.00617900
v -0.06047600 0.08441500 0.00629900
v -0.06036700 0.08427400 0.00612300
v -0.06073200 0.08451300 0.00596500
v -0.06065000 0.08444200 0.00579800
v -0.06052500 0.08431200 0.00596500
v -0.06065000 0.08444200 0.00613100
v -0.09821300 0.40078400 0.00596500
v -0.09831700 0.40061000 0.00596500
v -0.09822600 0.40063700 0.00621000
v -0.09814200 0.40086200 0.00613100
v -0.09794600 0.39544400 0.00596500
v -0.09783300 0.39545900 0.00623600
v -0.09801200 0.40067600 0.00640400
v -0.09797300 0.40091200 0.00629900
v -0.09757500 0.39548700 0.00645600
v -0.09662900 0.38044500 0.00596500
v -0.09396100 0.35076800 0.00596500
v -0.09384000 0.35077900 0.00624500
v -0.09650800 0.38045500 0.00624500
v -0.09356800 0.35080400 0.00647300
v -0.09623600 0.38048000 0.00647300
v -0.09293300 0.35086100 0.00656000
v -0.09560100 0.38053700 0.00656000
v -0.09590400 0.38051000 0.00659500
v -0.09323500 0.35083300 0.00659500
v -0.09696500 0.39553200 0.00653300
v -0.09725700 0.39551100 0.00657000
v -0.09747600 0.40068500 0.00645200
v -0.09755000 0.40084300 0.00634900
v -0.09773900 0.40089800 0.00636500
v -0.09773500 0.40068100 0.00649400
v -0.09731200 0.40071900 0.00624900
v -0.09745100 0.40092400 0.00619800
v -0.09678900 0.39555300 0.00629900
v -0.09725500 0.40074400 0.00596500
v -0.09739600 0.40096400 0.00596500
v -0.09672900 0.39556300 0.00596500
v -0.09275200 0.35087700 0.00631500
v -0.09542000 0.38055300 0.00631500
v -0.09269100 0.35088200 0.00596500
v -0.09536000 0.38055900 0.00596500
v -0.09293300 0.35086100 0.00536900
v -0.09560100 0.38053700 0.00536900
v -0.09542000 0.38055300 0.00561400
v -0.09275200 0.35087700 0.00561400
v -0.09696500 0.39553200 0.00539600
v -0.09678900 0.39555300 0.00563100
v -0.09747600 0.40068500 0.00547700
v -0.09755000 0.40084300 0.00558100
v -0.09745100 0.40092400 0.00573100
v -0.09731200 0.40071900 0.00568100
v -0.09773500 0.40068100 0.00543500
v -0.09773900 0.40089800 0.00556500
v -0.09725700 0.39551100 0.00535900
v -0.09801200 0.40067600 0.00552600
v -0.09797300 0.40091200 0.00563000
v -0.09757500 0.39548700 0.00547400
v -0.09323500 0.35083400 0.00533400
v -0.09590400 0.38051000 0.00533400
v -0.09356800 0.35080400 0.00545700
v -0.09623600 0.38048000 0.00545700
v -0.09650800 0.38045500 0.00568400
v -0.09384000 0.35077900 0.00568400
v -0.09783300 0.39545900 0.00569300
v -0.09814200 0.40086200 0.00579800
v -0.09822600 0.40063700 0.00571900
v -0.09766600 0.40103500 0.00617900
v -0.09761000 0.40108500 0.00596500
v -0.09788400 0.40106000 0.00612300
v -0.09779400 0.40108300 0.00596500
v -0.09766600 0.40103500 0.00575100
v -0.09788400 0.40106000 0.00580600
v -0.09803500 0.40100200 0.00596500
v -0.06910900 0.08453800 0.00558100
v -0.06899800 0.08447600 0.00573100
v -0.06918900 0.08432700 0.00575100
v -0.06928500 0.08445100 0.00556500
v -0.06893600 0.08444600 0.00596500
v -0.06912500 0.08428900 0.00596500
v -0.06939900 0.08426400 0.00580600
v -0.06951300 0.08439500 0.00563000
v -0.06930600 0.08425800 0.00596500
v -0.06899800 0.08447600 0.00619800
v -0.06910900 0.08453800 0.00634900
v -0.06928500 0.08445000 0.00636500
v -0.06918900 0.08432700 0.00617900
v -0.06951300 0.08439400 0.00629900
v -0.06939900 0.08426400 0.00612300
v -0.06977200 0.08447800 0.00596500
v -0.06968800 0.08441400 0.00579800
v -0.06955800 0.08429400 0.00596500
v -0.06968800 0.08441400 0.00613100
v -0.11899000 0.37326100 0.00596500
v -0.11909100 0.37310700 0.00596500
v -0.11900100 0.37313500 0.00621000
v -0.11892100 0.37333100 0.00613100
v -0.11863000 0.36871400 0.00596500
v -0.11851700 0.36873200 0.00623600
v -0.11878800 0.37317900 0.00640400
v -0.11875300 0.37338200 0.00629900
v -0.11826100 0.36876900 0.00645600
v -0.11704900 0.35597000 0.00596500
v -0.11386000 0.33075700 0.00596500
v -0.11373900 0.33077300 0.00624500
v -0.11692900 0.35598500 0.00624500
v -0.11346800 0.33080700 0.00647300
v -0.11665800 0.35601900 0.00647300
v -0.11283600 0.33088700 0.00656000
v -0.11602500 0.35609900 0.00656000
v -0.11632700 0.35606100 0.00659500
v -0.11313700 0.33084900 0.00659500
v -0.11765300 0.36883800 0.00653300
v -0.11794300 0.36880500 0.00657000
v -0.11825300 0.37321300 0.00645200
v -0.11833000 0.37334500 0.00634900
v -0.11851900 0.37338200 0.00636500
v -0.11851300 0.37319700 0.00649400
v -0.11809100 0.37325100 0.00624900
v -0.11823400 0.37341800 0.00619800
v -0.11747700 0.36886400 0.00629900
v -0.11803400 0.37327400 0.00596500
v -0.11817900 0.37345500 0.00596500
v -0.11741700 0.36887600 0.00596500
v -0.11265500 0.33091000 0.00631500
v -0.11584500 0.35612200 0.00631500
v -0.11259500 0.33091700 0.00596500
v -0.11578500 0.35613000 0.00596500
v -0.11283600 0.33088700 0.00536900
v -0.11602500 0.35609900 0.00536900
v -0.11584500 0.35612200 0.00561400
v -0.11265500 0.33091000 0.00561400
v -0.11765300 0.36883800 0.00539600
v -0.11747700 0.36886400 0.00563100
v -0.11825300 0.37321300 0.00547700
v -0.11833000 0.37334500 0.00558100
v -0.11823400 0.37341800 0.00573100
v -0.11809100 0.37325100 0.00568100
v -0.11851300 0.37319700 0.00543500
v -0.11852000 0.37338200 0.00556500
v -0.11794300 0.36880500 0.00535900
v -0.11878800 0.37317900 0.00552600
v -0.11875300 0.37338200 0.00563000
v -0.11826100 0.36876900 0.00547400
v -0.11313700 0.33084900 0.00533400
v -0.11632700 0.35606100 0.00533400
v -0.11346800 0.33080700 0.00545700
v -0.11665800 0.35601900 0.00545700
v -0.11692900 0.35598500 0.00568400
v -0.11373900 0.33077300 0.00568400
v -0.11851700 0.36873200 0.00569300
v -0.11892100 0.37333100 0.00579800
v -0.11900100 0.37313500 0.00571900
v -0.11844900 0.37350300 0.00617900
v -0.11839500 0.37354800 0.00596500
v -0.11866800 0.37351300 0.00612300
v -0.11857800 0.37353700 0.00596500
v -0.11844900 0.37350300 0.00575100
v -0.11866800 0.37351300 0.00580600
v -0.11881700 0.37345700 0.00596500
v -0.08433400 0.10462100 0.00558100
v -0.08422200 0.10457400 0.00573100
v -0.08441000 0.10443800 0.00575100
v -0.08450800 0.10453800 0.00556500
v -0.08416000 0.10455200 0.00596500
v -0.08434600 0.10440800 0.00596500
v -0.08461900 0.10437300 0.00580600
v -0.08473400 0.10447900 0.00563000
v -0.08452600 0.10437200 0.00596500
v -0.08422200 0.10457400 0.00619800
v -0.08433400 0.10462100 0.00634900
v -0.08450800 0.10453800 0.00636500
v -0.08441000 0.10443800 0.00617900
v -0.08473400 0.10447900 0.00629900
v -0.08461900 0.10437300 0.00612300
v -0.08499400 0.10453800 0.00596500
v -0.08491000 0.10448700 0.00579800
v -0.08477800 0.10439100 0.00596500
v -0.08491000 0.10448700 0.00613100
v 0.02194100 0.43802000 0.00596500
v 0.02186500 0.43810100 0.00613100
v 0.02196400 0.43785800 0.00621000
v 0.02205700 0.43783400 0.00596500
v 0.02169300 0.43814300 0.00629900
v 0.02174800 0.43788300 0.00640400
v 0.02193400 0.43207500 0.00623600
v 0.02204800 0.43206800 0.00596500
v 0.02167500 0.43208500 0.00645600
v 0.02146000 0.43810800 0.00636500
v 0.02127600 0.43803200 0.00634900
v 0.02121300 0.43784900 0.00645200
v 0.02147200 0.43786600 0.00649400
v 0.02106300 0.43208500 0.00653300
v 0.02135600 0.43208600 0.00657000
v 0.02015900 0.38216200 0.00656000
v 0.02046200 0.38215600 0.00659500
v 0.02105300 0.41532000 0.00659500
v 0.02074900 0.41532600 0.00656000
v 0.02079600 0.38215000 0.00647300
v 0.02138600 0.41531500 0.00647300
v 0.02106900 0.38214500 0.00624500
v 0.02119000 0.38214300 0.00596500
v 0.02178100 0.41530700 0.00596500
v 0.02165900 0.41531000 0.00624500
v 0.02117200 0.43811300 0.00619800
v 0.02104700 0.43787400 0.00624900
v 0.02111400 0.43815400 0.00596500
v 0.02098800 0.43789700 0.00596500
v 0.02088500 0.43209400 0.00629900
v 0.02082500 0.43210000 0.00596500
v 0.02117200 0.43811300 0.00573100
v 0.02127600 0.43803200 0.00558100
v 0.02121300 0.43784900 0.00547700
v 0.02104700 0.43787400 0.00568100
v 0.02106300 0.43208500 0.00539600
v 0.02088500 0.43209400 0.00563100
v 0.02015900 0.38216200 0.00536900
v 0.01997700 0.38216500 0.00561400
v 0.02056700 0.41532900 0.00561400
v 0.02074900 0.41532600 0.00536900
v 0.01991600 0.38216600 0.00596500
v 0.02050700 0.41533000 0.00596500
v 0.01997700 0.38216500 0.00631500
v 0.02056700 0.41532900 0.00631500
v 0.02146000 0.43810800 0.00556500
v 0.02147200 0.43786600 0.00543500
v 0.02169300 0.43814300 0.00563000
v 0.02174800 0.43788300 0.00552600
v 0.02135600 0.43208500 0.00535900
v 0.02167500 0.43208500 0.00547400
v 0.02186500 0.43810100 0.00579800
v 0.02196400 0.43785800 0.00571900
v 0.02193400 0.43207500 0.00569300
v 0.02106900 0.38214500 0.00568400
v 0.02165900 0.41531000 0.00568400
v 0.02079600 0.38215000 0.00545700
v 0.02138600 0.41531400 0.00545700
v 0.02046200 0.38215600 0.00533400
v 0.02105300 0.41532000 0.00533400
v 0.02137800 0.43825600 0.00617900
v 0.02159400 0.43830100 0.00612300
v 0.02131900 0.43830600 0.00596500
v 0.02150300 0.43831900 0.00596500
v 0.02174900 0.43824900 0.00596500
v 0.02159400 0.43830100 0.00580600
v 0.02137800 0.43825600 0.00575100
v 0.01498200 0.08456600 0.00558100
v 0.01516300 0.08448300 0.00556500
v 0.01507600 0.08433900 0.00575100
v 0.01487500 0.08448800 0.00573100
v 0.01539400 0.08444000 0.00563000
v 0.01529000 0.08428700 0.00580600
v 0.01501500 0.08429100 0.00596500
v 0.01481500 0.08445000 0.00596500
v 0.01519800 0.08427200 0.00596500
v 0.01556800 0.08447600 0.00579800
v 0.01564700 0.08455400 0.00596500
v 0.01556800 0.08447600 0.00613100
v 0.01544700 0.08433300 0.00596500
v 0.01539400 0.08444000 0.00629900
v 0.01529000 0.08428700 0.00612300
v 0.01498200 0.08456600 0.00634900
v 0.01487500 0.08448800 0.00619800
v 0.01507600 0.08433900 0.00617900
v 0.01516300 0.08448300 0.00636500
v 0.03486400 0.43571800 0.00596500
v 0.03478900 0.43579900 0.00613100
v 0.03488700 0.43555600 0.00621000
v 0.03497900 0.43553200 0.00596500
v 0.03461700 0.43584200 0.00629900
v 0.03467100 0.43558300 0.00640400
v 0.03481400 0.42981100 0.00623600
v 0.03492800 0.42980300 0.00596500
v 0.03455500 0.42982300 0.00645600
v 0.03438400 0.43580900 0.00636500
v 0.03419900 0.43573500 0.00634900
v 0.03413500 0.43555400 0.00645200
v 0.03439400 0.43556900 0.00649400
v 0.03394300 0.42982700 0.00653300
v 0.03423600 0.42982500 0.00657000
v 0.03267400 0.38022800 0.00656000
v 0.03297700 0.38022000 0.00659500
v 0.03381000 0.41316900 0.00659500
v 0.03350700 0.41317700 0.00656000
v 0.03331100 0.38021200 0.00647300
v 0.03414400 0.41316100 0.00647300
v 0.03358400 0.38020500 0.00624500
v 0.03370500 0.38020200 0.00596500
v 0.03453800 0.41315100 0.00596500
v 0.03441700 0.41315400 0.00624500
v 0.03409600 0.43581600 0.00619800
v 0.03397000 0.43557900 0.00624900
v 0.03403800 0.43585700 0.00596500
v 0.03391100 0.43560200 0.00596500
v 0.03376600 0.42983700 0.00629900
v 0.03370500 0.42984400 0.00596500
v 0.03409600 0.43581600 0.00573100
v 0.03419900 0.43573500 0.00558100
v 0.03413500 0.43555400 0.00547700
v 0.03397000 0.43557900 0.00568100
v 0.03394300 0.42982700 0.00539600
v 0.03376600 0.42983700 0.00563100
v 0.03267400 0.38022800 0.00536900
v 0.03249200 0.38023300 0.00561400
v 0.03332500 0.41318200 0.00561400
v 0.03350700 0.41317700 0.00536900
v 0.03243100 0.38023400 0.00596500
v 0.03326400 0.41318300 0.00596500
v 0.03249200 0.38023300 0.00631500
v 0.03332500 0.41318200 0.00631500
v 0.03438400 0.43580900 0.00556500
v 0.03439400 0.43556900 0.00543500
v 0.03461700 0.43584200 0.00563000
v 0.03467100 0.43558300 0.00552600
v 0.03423600 0.42982500 0.00535900
v 0.03455500 0.42982300 0.00547400
v 0.03478900 0.43579900 0.00579800
v 0.03488700 0.43555600 0.00571900
v 0.03481400 0.42981100 0.00569300
v 0.03358400 0.38020500 0.00568400
v 0.03441700 0.41315400 0.00568400
v 0.03331100 0.38021200 0.00545700
v 0.03414400 0.41316100 0.00545700
v 0.03297700 0.38022000 0.00533400
v 0.03381000 0.41316900 0.00533400
v 0.03430300 0.43595600 0.00617900
v 0.03451900 0.43600000 0.00612300
v 0.03424500 0.43600700 0.00596500
v 0.03442800 0.43601800 0.00596500
v 0.03467400 0.43594700 0.00596500
v 0.03451900 0.43600000 0.00580600
v 0.03430300 0.43595600 0.00575100
v 0.02531900 0.08456400 0.00558100
v 0.02550000 0.08448100 0.00556500
v 0.02541200 0.08433900 0.00575100
v 0.02521200 0.08448900 0.00573100
v 0.02573100 0.08443700 0.00563000
v 0.02562600 0.08428500 0.00580600
v 0.02535100 0.08429200 0.00596500
v 0.02515200 0.08445100 0.00596500
v 0.02553400 0.08427100 0.00596500
v 0.02590500 0.08447100 0.00579800
v 0.02598400 0.08454800 0.00596500
v 0.02590500 0.08447100 0.00613100
v 0.02578300 0.08433000 0.00596500
v 0.02573100 0.08443700 0.00629900
v 0.02562600 0.08428500 0.00612300
v 0.02531900 0.08456400 0.00634900
v 0.02521200 0.08448900 0.00619800
v 0.02541200 0.08433900 0.00617900
v 0.02550000 0.08448100 0.00636500
v 0.04827900 0.43163700 0.00596500
v 0.04820400 0.43171800 0.00613100
v 0.04830000 0.43147700 0.00621000
v 0.04839300 0.43145300 0.00596500
v 0.04803300 0.43176200 0.00629900
v 0.04808500 0.43150600 0.00640400
v 0.04818500 0.42579800 0.00623600
v 0.04829900 0.42578900 0.00596500
v 0.04792600 0.42581200 0.00645600
v 0.04780000 0.43173100 0.00636500
v 0.04761400 0.43165900 0.00634900
v 0.04754800 0.43148100 0.00645200
v 0.04780800 0.43149400 0.00649400
v 0.04731500 0.42582100 0.00653300
v 0.04760700 0.42581700 0.00657000
v 0.04567900 0.37679700 0.00656000
v 0.04598200 0.37678700 0.00659500
v 0.04705800 0.40935400 0.00659500
v 0.04675500 0.40936400 0.00656000
v 0.04631500 0.37677600 0.00647300
v 0.04739200 0.40934300 0.00647300
v 0.04658800 0.37676700 0.00624500
v 0.04671000 0.37676300 0.00596500
v 0.04778600 0.40933000 0.00596500
v 0.04766500 0.40933400 0.00624500
v 0.04751100 0.43174100 0.00619800
v 0.04738300 0.43150800 0.00624900
v 0.04745400 0.43178100 0.00596500
v 0.04732500 0.43153100 0.00596500
v 0.04713700 0.42583300 0.00629900
v 0.04707700 0.42584000 0.00596500
v 0.04751100 0.43174100 0.00573100
v 0.04761400 0.43165900 0.00558100
v 0.04754800 0.43148100 0.00547700
v 0.04738300 0.43150800 0.00568100
v 0.04731500 0.42582100 0.00539600
v 0.04713700 0.42583300 0.00563100
v 0.04567900 0.37679700 0.00536900
v 0.04549700 0.37680300 0.00561400
v 0.04657300 0.40937000 0.00561400
v 0.04675500 0.40936400 0.00536900
v 0.04543600 0.37680500 0.00596500
v 0.04651200 0.40937200 0.00596500
v 0.04549700 0.37680300 0.00631500
v 0.04657300 0.40937000 0.00631500
v 0.04780000 0.43173100 0.00556500
v 0.04780800 0.43149400 0.00543500
v 0.04803300 0.43176200 0.00563000
v 0.04808500 0.43150600 0.00552600
v 0.04760700 0.42581700 0.00535900
v 0.04792600 0.42581200 0.00547400
v 0.04820400 0.43171800 0.00579800
v 0.04830000 0.43147700 0.00571900
v 0.04818500 0.42579800 0.00569300
v 0.04658800 0.37676700 0.00568400
v 0.04766500 0.40933400 0.00568400
v 0.04631500 0.37677600 0.00545700
v 0.04739200 0.40934300 0.00545700
v 0.04598200 0.37678700 0.00533400
v 0.04705800 0.40935400 0.00533400
v 0.04772000 0.43187800 0.00617900
v 0.04793600 0.43191900 0.00612300
v 0.04766200 0.43192800 0.00596500
v 0.04784500 0.43193800 0.00596500
v 0.04809000 0.43186500 0.00596500
v 0.04793600 0.43191900 0.00580600
v 0.04772000 0.43187800 0.00575100
v 0.03614100 0.08456100 0.00558100
v 0.03632200 0.08447800 0.00556500
v 0.03623200 0.08433800 0.00575100
v 0.03603300 0.08448700 0.00573100
v 0.03655200 0.08443200 0.00563000
v 0.03644500 0.08428200 0.00580600
v 0.03617100 0.08429100 0.00596500
v 0.03597300 0.08445100 0.00596500
v 0.03635300 0.08426900 0.00596500
v 0.03672600 0.08446400 0.00579800
v 0.03680600 0.08453900 0.00596500
v 0.03672600 0.08446400 0.00613100
v 0.03660300 0.08432500 0.00596500
v 0.03655200 0.08443100 0.00629900
v 0.03644500 0.08428200 0.00612300
v 0.03614100 0.08456100 0.00634900
v 0.03603300 0.08448700 0.00619800
v 0.03623200 0.08433700 0.00617900
v 0.03632200 0.08447700 0.00636500
v 0.06143500 0.42746800 0.00596500
v 0.06136000 0.42754800 0.00613100
v 0.06145500 0.42731000 0.00621000
v 0.06154700 0.42728500 0.00596500
v 0.06118900 0.42759300 0.00629900
v 0.06123900 0.42734000 0.00640400
v 0.06129700 0.42169800 0.00623600
v 0.06141100 0.42168800 0.00596500
v 0.06103800 0.42171400 0.00645600
v 0.06095600 0.42756500 0.00636500
v 0.06077000 0.42749500 0.00634900
v 0.06070300 0.42732000 0.00645200
v 0.06096300 0.42733000 0.00649400
v 0.06042700 0.42172800 0.00653300
v 0.06071900 0.42172200 0.00657000
v 0.05842300 0.37329200 0.00656000
v 0.05872700 0.37328000 0.00659500
v 0.06004700 0.40545600 0.00659500
v 0.05974400 0.40546800 0.00656000
v 0.05906000 0.37326600 0.00647300
v 0.06038100 0.40544200 0.00647300
v 0.05933300 0.37325500 0.00624500
v 0.05945400 0.37325000 0.00596500
v 0.06077500 0.40542600 0.00596500
v 0.06065300 0.40543100 0.00624500
v 0.06066800 0.42757700 0.00619800
v 0.06053800 0.42734700 0.00624900
v 0.06061100 0.42761700 0.00596500
v 0.06048000 0.42737100 0.00596500
v 0.06024900 0.42174100 0.00629900
v 0.06018900 0.42174900 0.00596500
v 0.06066800 0.42757700 0.00573100
v 0.06077000 0.42749500 0.00558100
v 0.06070300 0.42732000 0.00547700
v 0.06053800 0.42734700 0.00568100
v 0.06042700 0.42172800 0.00539600
v 0.06024900 0.42174100 0.00563100
v 0.05842300 0.37329200 0.00536900
v 0.05824100 0.37330000 0.00561400
v 0.05956200 0.40547600 0.00561400
v 0.05974400 0.40546800 0.00536900
v 0.05818100 0.37330200 0.00596500
v 0.05950100 0.40547800 0.00596500
v 0.05824100 0.37330000 0.00631500
v 0.05956200 0.40547600 0.00631500
v 0.06095600 0.42756500 0.00556500
v 0.06096300 0.42733000 0.00543500
v 0.06118900 0.42759300 0.00563000
v 0.06123900 0.42734000 0.00552600
v 0.06071900 0.42172200 0.00535900
v 0.06103800 0.42171400 0.00547400
v 0.06136000 0.42754800 0.00579800
v 0.06145500 0.42731000 0.00571900
v 0.06129700 0.42169800 0.00569300
v 0.05933300 0.37325500 0.00568400
v 0.06065300 0.40543100 0.00568400
v 0.05906000 0.37326600 0.00545700
v 0.06038100 0.40544200 0.00545700
v 0.05872700 0.37328000 0.00533400
v 0.06004700 0.40545600 0.00533400
v 0.06087700 0.42771000 0.00617900
v 0.06109400 0.42774900 0.00612300
v 0.06082000 0.42776000 0.00596500
v 0.06100300 0.42776900 0.00596500
v 0.06124800 0.42769500 0.00596500
v 0.06109400 0.42774900 0.00580600
v 0.06087700 0.42771000 0.00575100
v 0.04669600 0.08455800 0.00558100
v 0.04687500 0.08447400 0.00556500
v 0.04678500 0.08433600 0.00575100
v 0.04658700 0.08448600 0.00573100
v 0.04710500 0.08442600 0.00563000
v 0.04699800 0.08428000 0.00580600
v 0.04672300 0.08429100 0.00596500
v 0.04652700 0.08445000 0.00596500
v 0.04690600 0.08426800 0.00596500
v 0.04728000 0.08445700 0.00579800
v 0.04736000 0.08453100 0.00596500
v 0.04728000 0.08445700 0.00613100
v 0.04715500 0.08432100 0.00596500
v 0.04710500 0.08442600 0.00629900
v 0.04699800 0.08428000 0.00612300
v 0.04669600 0.08455800 0.00634900
v 0.04658700 0.08448500 0.00619800
v 0.04678500 0.08433600 0.00617900
v 0.04687500 0.08447300 0.00636500
v 0.07792000 0.41568000 0.00596500
v 0.07784700 0.41575900 0.00613100
v 0.07793800 0.41552700 0.00621000
v 0.07803000 0.41550200 0.00596500
v 0.07767600 0.41580500 0.00629900
v 0.07772300 0.41555900 0.00640400
v 0.07772000 0.41010700 0.00623600
v 0.07783400 0.41009600 0.00596500
v 0.07746200 0.41012600 0.00645600
v 0.07744300 0.41578100 0.00636500
v 0.07725600 0.41571600 0.00634900
v 0.07718700 0.41554700 0.00645200
v 0.07744700 0.41555400 0.00649400
v 0.07685000 0.41014800 0.00653300
v 0.07714200 0.41013800 0.00657000
v 0.07432300 0.36337500 0.00656000
v 0.07462600 0.36335800 0.00659500
v 0.07629500 0.39443100 0.00659500
v 0.07599200 0.39444700 0.00656000
v 0.07496000 0.36334000 0.00647300
v 0.07662800 0.39441300 0.00647300
v 0.07523200 0.36332600 0.00624500
v 0.07535300 0.36331900 0.00596500
v 0.07702200 0.39439100 0.00596500
v 0.07690100 0.39439800 0.00624500
v 0.07715500 0.41579600 0.00619800
v 0.07702200 0.41557600 0.00624900
v 0.07709800 0.41583600 0.00596500
v 0.07696400 0.41560000 0.00596500
v 0.07667300 0.41016300 0.00629900
v 0.07661300 0.41017100 0.00596500
v 0.07715500 0.41579600 0.00573100
v 0.07725600 0.41571600 0.00558100
v 0.07718700 0.41554700 0.00547700
v 0.07702200 0.41557600 0.00568100
v 0.07685000 0.41014900 0.00539600
v 0.07667300 0.41016300 0.00563100
v 0.07432300 0.36337500 0.00536900
v 0.07414100 0.36338400 0.00561400
v 0.07581000 0.39445700 0.00561400
v 0.07599200 0.39444700 0.00536900
v 0.07408100 0.36338800 0.00596500
v 0.07574900 0.39446000 0.00596500
v 0.07414100 0.36338400 0.00631500
v 0.07581000 0.39445700 0.00631500
v 0.07744300 0.41578100 0.00556500
v 0.07744700 0.41555400 0.00543500
v 0.07767600 0.41580500 0.00563000
v 0.07772300 0.41555900 0.00552600
v 0.07714200 0.41013800 0.00535900
v 0.07746200 0.41012600 0.00547400
v 0.07784700 0.41575900 0.00579800
v 0.07793800 0.41552700 0.00571900
v 0.07772000 0.41010700 0.00569300
v 0.07523200 0.36332600 0.00568400
v 0.07690100 0.39439800 0.00568400
v 0.07496000 0.36334000 0.00545700
v 0.07662800 0.39441300 0.00545700
v 0.07462600 0.36335800 0.00533400
v 0.07629500 0.39443100 0.00533400
v 0.07736500 0.41592200 0.00617900
v 0.07758300 0.41595700 0.00612300
v 0.07730800 0.41597100 0.00596500
v 0.07749200 0.41597700 0.00596500
v 0.07773600 0.41590200 0.00596500
v 0.07758300 0.41595700 0.00580600
v 0.07736500 0.41592200 0.00575100
v 0.05947500 0.08454600 0.00558100
v 0.05965400 0.08446200 0.00556500
v 0.05956100 0.08433100 0.00575100
v 0.05936600 0.08447800 0.00573100
v 0.05988300 0.08441300 0.00563000
v 0.05977400 0.08427300 0.00580600
v 0.05950000 0.08428800 0.00596500
v 0.05930500 0.08444400 0.00596500
v 0.05968200 0.08426300 0.00596500
v 0.06005800 0.08444100 0.00579800
v 0.06013900 0.08451100 0.00596500
v 0.06005800 0.08444100 0.00613100
v 0.05993200 0.08431100 0.00596500
v 0.05988300 0.08441300 0.00629900
v 0.05977400 0.08427300 0.00612300
v 0.05947500 0.08454600 0.00634900
v 0.05936600 0.08447800 0.00619800
v 0.05956100 0.08433100 0.00617900
v 0.05965400 0.08446200 0.00636500
v 0.09762000 0.40078200 0.00596500
v 0.09754900 0.40086000 0.00613100
v 0.09763300 0.40063500 0.00621000
v 0.09772400 0.40060700 0.00596500
v 0.09738000 0.40091100 0.00629900
v 0.09741900 0.40067300 0.00640400
v 0.09724000 0.39545500 0.00623600
v 0.09735300 0.39544000 0.00596500
v 0.09698200 0.39548300 0.00645600
v 0.09714600 0.40089600 0.00636500
v 0.09695700 0.40084100 0.00634900
v 0.09688300 0.40068300 0.00645200
v 0.09714300 0.40067900 0.00649400
v 0.09637200 0.39552800 0.00653300
v 0.09666400 0.39550700 0.00657000
v 0.09234000 0.35085400 0.00656000
v 0.09264200 0.35082700 0.00659500
v 0.09531000 0.38050400 0.00659500
v 0.09500800 0.38053200 0.00656000
v 0.09297400 0.35079700 0.00647300
v 0.09564300 0.38047400 0.00647300
v 0.09324600 0.35077200 0.00624500
v 0.09336700 0.35076200 0.00596500
v 0.09603600 0.38043900 0.00596500
v 0.09591500 0.38045000 0.00624500
v 0.09685900 0.40092200 0.00619800
v 0.09671900 0.40071700 0.00624900
v 0.09680300 0.40096200 0.00596500
v 0.09666200 0.40074100 0.00596500
v 0.09619500 0.39554900 0.00629900
v 0.09613600 0.39555900 0.00596500
v 0.09685900 0.40092200 0.00573100
v 0.09695700 0.40084100 0.00558100
v 0.09688300 0.40068300 0.00547700
v 0.09671900 0.40071700 0.00568100
v 0.09637200 0.39552800 0.00539600
v 0.09619500 0.39554900 0.00563100
v 0.09234000 0.35085400 0.00536900
v 0.09215800 0.35087000 0.00561400
v 0.09482700 0.38054800 0.00561400
v 0.09500800 0.38053200 0.00536900
v 0.09209800 0.35087600 0.00596500
v 0.09476600 0.38055300 0.00596500
v 0.09215800 0.35087000 0.00631500
v 0.09482700 0.38054800 0.00631500
v 0.09714600 0.40089600 0.00556500
v 0.09714300 0.40067900 0.00543500
v 0.09738000 0.40091100 0.00563000
v 0.09741900 0.40067300 0.00552600
v 0.09666400 0.39550700 0.00535900
v 0.09698200 0.39548300 0.00547400
v 0.09754900 0.40086000 0.00579800
v 0.09763300 0.40063500 0.00571900
v 0.09724000 0.39545500 0.00569300
v 0.09324600 0.35077200 0.00568400
v 0.09591500 0.38045000 0.00568400
v 0.09297400 0.35079700 0.00545700
v 0.09564300 0.38047400 0.00545700
v 0.09264200 0.35082700 0.00533400
v 0.09531000 0.38050400 0.00533400
v 0.09707300 0.40103500 0.00617900
v 0.09729100 0.40105900 0.00612300
v 0.09701800 0.40108400 0.00596500
v 0.09720100 0.40108200 0.00596500
v 0.09744200 0.40100100 0.00596500
v 0.09729100 0.40105900 0.00580600
v 0.09707300 0.40103500 0.00575100
v 0.06851600 0.08453600 0.00558100
v 0.06869200 0.08444900 0.00556500
v 0.06859600 0.08432600 0.00575100
v 0.06840500 0.08447500 0.00573100
v 0.06892000 0.08439300 0.00563000
v 0.06880600 0.08426300 0.00580600
v 0.06853300 0.08428800 0.00596500
v 0.06834300 0.08444500 0.00596500
v 0.06871400 0.08425700 0.00596500
v 0.06909500 0.08441300 0.00579800
v 0.06917900 0.08447600 0.00596500
v 0.06909500 0.08441300 0.00613100
v 0.06896500 0.08429300 0.00596500
v 0.06892000 0.08439300 0.00629900
v 0.06880600 0.08426300 0.00612300
v 0.06851600 0.08453600 0.00634900
v 0.06840500 0.08447500 0.00619800
v 0.06859600 0.08432600 0.00617900
v 0.06869200 0.08444900 0.00636500
v 0.11839800 0.37326000 0.00596500
v 0.11832800 0.37333000 0.00613100
v 0.11840800 0.37313300 0.00621000
v 0.11849800 0.37310500 0.00596500
v 0.11816000 0.37338100 0.00629900
v 0.11819500 0.37317700 0.00640400
v 0.11792400 0.36872900 0.00623600
v 0.11803700 0.36871000 0.00596500
v 0.11766700 0.36876500 0.00645600
v 0.11792700 0.37338100 0.00636500
v 0.11773700 0.37334300 0.00634900
v 0.11766100 0.37321100 0.00645200
v 0.11792000 0.37319500 0.00649400
v 0.11706000 0.36883400 0.00653300
v 0.11735000 0.36880100 0.00657000
v 0.11224300 0.33088100 0.00656000
v 0.11254400 0.33084300 0.00659500
v 0.11573300 0.35605600 0.00659500
v 0.11543200 0.35609400 0.00656000
v 0.11287500 0.33080100 0.00647300
v 0.11606400 0.35601400 0.00647300
v 0.11314600 0.33076700 0.00624500
v 0.11326600 0.33075200 0.00596500
v 0.11645600 0.35596500 0.00596500
v 0.11633500 0.35598000 0.00624500
v 0.11764100 0.37341700 0.00619800
v 0.11749800 0.37324800 0.00624900
v 0.11758600 0.37345400 0.00596500
v 0.11744100 0.37327200 0.00596500
v 0.11688400 0.36886100 0.00629900
v 0.11682400 0.36887200 0.00596500
v 0.11764100 0.37341700 0.00573100
v 0.11773700 0.37334300 0.00558100
v 0.11766100 0.37321100 0.00547700
v 0.11749800 0.37324800 0.00568100
v 0.11706000 0.36883400 0.00539600
v 0.11688400 0.36886100 0.00563100
v 0.11224300 0.33088100 0.00536900
v 0.11206200 0.33090400 0.00561400
v 0.11525200 0.35611700 0.00561400
v 0.11543200 0.35609400 0.00536900
v 0.11200200 0.33091200 0.00596500
v 0.11519100 0.35612500 0.00596500
v 0.11206200 0.33090400 0.00631500
v 0.11525200 0.35611700 0.00631500
v 0.11792700 0.37338100 0.00556500
v 0.11792000 0.37319500 0.00543500
v 0.11816000 0.37338100 0.00563000
v 0.11819500 0.37317700 0.00552600
v 0.11735000 0.36880100 0.00535900
v 0.11766700 0.36876600 0.00547400
v 0.11832800 0.37333000 0.00579800
v 0.11840800 0.37313300 0.00571900
v 0.11792400 0.36872900 0.00569300
v 0.11314600 0.33076700 0.00568400
v 0.11633500 0.35598000 0.00568400
v 0.11287500 0.33080100 0.00545700
v 0.11606400 0.35601400 0.00545700
v 0.11254400 0.33084300 0.00533400
v 0.11573300 0.35605600 0.00533400
v 0.11785700 0.37350200 0.00617900
v 0.11807500 0.37351300 0.00612300
v 0.11780200 0.37354700 0.00596500
v 0.11798500 0.37353700 0.00596500
v 0.11822400 0.37345600 0.00596500
v 0.11807500 0.37351300 0.00580600
v 0.11785700 0.37350200 0.00575100
v 0.08374100 0.10462000 0.00558100
v 0.08391500 0.10453700 0.00556500
v 0.08381700 0.10443700 0.00575100
v 0.08362900 0.10457300 0.00573100
v 0.08414200 0.10447800 0.00563000
v 0.08402600 0.10437200 0.00580600
v 0.08375300 0.10440700 0.00596500
v 0.08356700 0.10455000 0.00596500
v 0.08393400 0.10437200 0.00596500
v 0.08431700 0.10448600 0.00579800
v 0.08440100 0.10453600 0.00596500
v 0.08431700 0.10448600 0.00613100
v 0.08418500 0.10439000 0.00596500
v 0.08414200 0.10447800 0.00629900
v 0.08402600 0.10437200 0.00612300
v 0.08374100 0.10462000 0.00634900
v 0.08362900 0.10457300 0.00619800
v 0.08381700 0.10443700 0.00617900
v 0.08391500 0.10453700 0.00636500
v 0.00794700 0.43988400 0.00596500
v 0.00787000 0.43996400 0.00613100
v 0.00797200 0.43972000 0.00621000
v 0.00806500 0.43969800 0.00596500
v 0.00769800 0.44000600 0.00629900
v 0.00775500 0.43974400 0.00640400
v 0.00798200 0.43390800 0.00623600
v 0.00809600 0.43390100 0.00596500
v 0.00772300 0.43391600 0.00645600
v 0.00746600 0.43996900 0.00636500
v 0.00728200 0.43989100 0.00634900
v 0.00722000 0.43970700 0.00645200
v 0.00747900 0.43972600 0.00649400
v 0.00711100 0.43391200 0.00653300
v 0.00740400 0.43391400 0.00657000
v 0.00655900 0.38372600 0.00656000
v 0.00686200 0.38372300 0.00659500
v 0.00721900 0.41706100 0.00659500
v 0.00691500 0.41706400 0.00656000
v 0.00719600 0.38371900 0.00647300
v 0.00755300 0.41705800 0.00647300
v 0.00746900 0.38371600 0.00624500
v 0.00759000 0.38371500 0.00596500
v 0.00794700 0.41705300 0.00596500
v 0.00782600 0.41705500 0.00624500
v 0.00717700 0.43997200 0.00619800
v 0.00705400 0.43973000 0.00624900
v 0.00711900 0.44001200 0.00596500
v 0.00699500 0.43975300 0.00596500
v 0.00693300 0.43391900 0.00629900
v 0.00687300 0.43392500 0.00596500
v 0.00717700 0.43997200 0.00573100
v 0.00728200 0.43989100 0.00558100
v 0.00722000 0.43970700 0.00547700
v 0.00705400 0.43973000 0.00568100
v 0.00711100 0.43391200 0.00539600
v 0.00693300 0.43391900 0.00563100
v 0.00655900 0.38372600 0.00536900
v 0.00637700 0.38372800 0.00561400
v 0.00673300 0.41706600 0.00561400
v 0.00691500 0.41706400 0.00536900
v 0.00631600 0.38372800 0.00596500
v 0.00667300 0.41706700 0.00596500
v 0.00637700 0.38372800 0.00631500
v 0.00673300 0.41706600 0.00631500
v 0.00746600 0.43996900 0.00556500
v 0.00747900 0.43972600 0.00543500
v 0.00769800 0.44000600 0.00563000
v 0.00775500 0.43974400 0.00552600
v 0.00740400 0.43391400 0.00535900
v 0.00772300 0.43391600 0.00547400
v 0.00787000 0.43996400 0.00579800
v 0.00797200 0.43972000 0.00571900
v 0.00798200 0.43390800 0.00569300
v 0.00746900 0.38371600 0.00568400
v 0.00782600 0.41705500 0.00568400
v 0.00719600 0.38371900 0.00545700
v 0.00755300 0.41705800 0.00545700
v 0.00686200 0.38372300 0.00533400
v 0.00721900 0.41706100 0.00533400
v 0.00738200 0.44011600 0.00617900
v 0.00759800 0.44016400 0.00612300
v 0.00732300 0.44016700 0.00596500
v 0.00750700 0.44018100 0.00596500
v 0.00775300 0.44011200 0.00596500
v 0.00759800 0.44016400 0.00580600
v 0.00738200 0.44011600 0.00575100
v 0.00348100 0.08456600 0.00558100
v 0.00366300 0.08448500 0.00556500
v 0.00357700 0.08434000 0.00575100
v 0.00337500 0.08448800 0.00573100
v 0.00389400 0.08444300 0.00563000
v 0.00379100 0.08428800 0.00580600
v 0.00351600 0.08429100 0.00596500
v 0.00331500 0.08444900 0.00596500
v 0.00369900 0.08427300 0.00596500
v 0.00406800 0.08448000 0.00579800
v 0.00414600 0.08455900 0.00596500
v 0.00406800 0.08448000 0.00613100
v 0.00394700 0.08433600 0.00596500
v 0.00389400 0.08444300 0.00629900
v 0.00379100 0.08428800 0.00612300
v 0.00348100 0.08456600 0.00634900
v 0.00337500 0.08448800 0.00619800
v 0.00357700 0.08434000 0.00617900
v 0.00366300 0.08448500 0.00636500
v 0.09815500 0.25823700 0.00596500
v 0.05327500 0.25819900 0.00596500
v 0.05327500 0.25807800 0.00624500
v 0.09815500 0.25811500 0.00624500
v -0.00055200 0.25815500 0.00596500
v -0.00055200 0.25803300 0.00624500
v 0.05327500 0.25780500 0.00647300
v 0.09815500 0.25784200 0.00647300
v -0.00055200 0.25776000 0.00647300
v -0.05438000 0.25811000 0.00596500
v -0.09926000 0.25807300 0.00596500
v -0.09926000 0.25795200 0.00624500
v -0.05437900 0.25798900 0.00624500
v -0.09925900 0.25767800 0.00647300
v -0.05437900 0.25771600 0.00647300
v -0.09925900 0.25704100 0.00656000
v -0.05437900 0.25707800 0.00656000
v -0.05437900 0.25738200 0.00659500
v -0.09925900 0.25734500 0.00659500
v -0.00055100 0.25712300 0.00656000
v -0.00055200 0.25742700 0.00659500
v 0.05327600 0.25716800 0.00656000
v 0.09815600 0.25720500 0.00656000
v 0.09815600 0.25750800 0.00659500
v 0.05327500 0.25747100 0.00659500
v 0.05327600 0.25698600 0.00631500
v 0.09815600 0.25702300 0.00631500
v -0.00055100 0.25694100 0.00631500
v 0.05327600 0.25692500 0.00596500
v 0.09815600 0.25696200 0.00596500
v -0.00055100 0.25688000 0.00596500
v -0.09925900 0.25685900 0.00631500
v -0.05437900 0.25689600 0.00631500
v -0.09925900 0.25679800 0.00596500
v -0.05437800 0.25683600 0.00596500
v -0.09925900 0.25704100 0.00536900
v -0.05437900 0.25707800 0.00536900
v -0.05437900 0.25689600 0.00561400
v -0.09925900 0.25685900 0.00561400
v -0.00055100 0.25712300 0.00536900
v -0.00055100 0.25694100 0.00561400
v 0.05327600 0.25716800 0.00536900
v 0.09815600 0.25720500 0.00536900
v 0.09815600 0.25702300 0.00561400
v 0.05327600 0.25698600 0.00561400
v 0.05327500 0.25747100 0.00533400
v 0.09815600 0.25750800 0.00533400
v -0.00055200 0.25742700 0.00533400
v 0.05327500 0.25780500 0.00545700
v 0.09815500 0.25784200 0.00545700
v -0.00055200 0.25776000 0.00545700
v -0.09925900 0.25734500 0.00533400
v -0.05437900 0.25738200 0.00533400
v -0.09925900 0.25767800 0.00545700
v -0.05437900 0.25771600 0.00545700
v -0.05437900 0.25798900 0.00568400
v -0.09926000 0.25795200 0.00568400
v -0.00055200 0.25803300 0.00568400
v 0.09815500 0.25811500 0.00568400
v 0.05327500 0.25807800 0.00568400
v 0.14332900 0.25736500 0.00634900
v 0.14335500 0.25725900 0.00619800
v 0.14340300 0.25746300 0.00617900
v 0.14335500 0.25754800 0.00636500
v 0.14336800 0.25720000 0.00596500
v 0.14341900 0.25740300 0.00596500
v 0.14341900 0.25767800 0.00612300
v 0.14336700 0.25777900 0.00629900
v 0.14342400 0.25758600 0.00596500
v 0.14335500 0.25725900 0.00573100
v 0.14332900 0.25736500 0.00558100
v 0.14335500 0.25754800 0.00556500
v 0.14340300 0.25746300 0.00575100
v 0.14336700 0.25777900 0.00563000
v 0.14341900 0.25767800 0.00580600
v 0.14332800 0.25803000 0.00596500
v 0.14335400 0.25795200 0.00613100
v 0.14340200 0.25783400 0.00596500
v 0.14335400 0.25795200 0.00579800
v -0.14443200 0.25712600 0.00558100
v -0.14445800 0.25702100 0.00573100
v -0.14450600 0.25722400 0.00575100
v -0.14445800 0.25730900 0.00556500
v -0.14447100 0.25696200 0.00596500
v -0.14452200 0.25716400 0.00596500
v -0.14452200 0.25743900 0.00580600
v -0.14447100 0.25754100 0.00563000
v -0.14452800 0.25734800 0.00596500
v -0.14445800 0.25702100 0.00619800
v -0.14443200 0.25712600 0.00634900
v -0.14445800 0.25730900 0.00636500
v -0.14450600 0.25722400 0.00617900
v -0.14447100 0.25754100 0.00629900
v -0.14452200 0.25743900 0.00612300
v -0.14443300 0.25779100 0.00596500
v -0.14445800 0.25771300 0.00579800
v -0.14450600 0.25759500 0.00596500
v -0.14445800 0.25771300 0.00613100
v 0.09910600 0.27134600 0.00596500
v 0.05393500 0.27130900 0.00596500
v 0.05393500 0.27118800 0.00624500
v 0.09910600 0.27122500 0.00624500
v -0.00024200 0.27126400 0.00596500
v -0.00024200 0.27114300 0.00624500
v 0.05393500 0.27091400 0.00647300
v 0.09910600 0.27095200 0.00647300
v -0.00024100 0.27087000 0.00647300
v -0.05441800 0.27122000 0.00596500
v -0.09958900 0.27118200 0.00596500
v -0.09958900 0.27106100 0.00624500
v -0.05441800 0.27109800 0.00624500
v -0.09958900 0.27078800 0.00647300
v -0.05441800 0.27082500 0.00647300
v -0.09958900 0.27015100 0.00656000
v -0.05441700 0.27018800 0.00656000
v -0.05441800 0.27049100 0.00659500
v -0.09958900 0.27045400 0.00659500
v -0.00024100 0.27023300 0.00656000
v -0.00024100 0.27053600 0.00659500
v 0.05393600 0.27027700 0.00656000
v 0.09910700 0.27031400 0.00656000
v 0.09910700 0.27061800 0.00659500
v 0.05393500 0.27058100 0.00659500
v 0.05393600 0.27009500 0.00631500
v 0.09910700 0.27013200 0.00631500
v -0.00024100 0.27005100 0.00631500
v 0.05393600 0.27003400 0.00596500
v 0.09910700 0.27007200 0.00596500
v -0.00024100 0.26999000 0.00596500
v -0.09958800 0.26996900 0.00631500
v -0.05441700 0.27000600 0.00631500
v -0.09958800 0.26990800 0.00596500
v -0.05441700 0.26994500 0.00596500
v -0.09958900 0.27015100 0.00536900
v -0.05441700 0.27018800 0.00536900
v -0.05441700 0.27000600 0.00561400
v -0.09958800 0.26996900 0.00561400
v -0.00024100 0.27023300 0.00536900
v -0.00024100 0.27005100 0.00561400
v 0.05393600 0.27027700 0.00536900
v 0.09910700 0.27031400 0.00536900
v 0.09910700 0.27013200 0.00561400
v 0.05393600 0.27009500 0.00561400
v 0.05393500 0.27058100 0.00533400
v 0.09910700 0.27061800 0.00533400
v -0.00024100 0.27053600 0.00533400
v 0.05393500 0.27091400 0.00545700
v 0.09910600 0.27095200 0.00545700
v -0.00024100 0.27087000 0.00545700
v -0.09958900 0.27045400 0.00533400
v -0.05441800 0.27049100 0.00533400
v -0.09958900 0.27078800 0.00545700
v -0.05441800 0.27082500 0.00545700
v -0.05441800 0.27109800 0.00568400
v -0.09958900 0.27106100 0.00568400
v -0.00024200 0.27114300 0.00568400
v 0.09910600 0.27122500 0.00568400
v 0.05393500 0.27118800 0.00568400
v 0.14457100 0.27047400 0.00634900
v 0.14459700 0.27036900 0.00619800
v 0.14464500 0.27057200 0.00617900
v 0.14459700 0.27065700 0.00636500
v 0.14461000 0.27031000 0.00596500
v 0.14466100 0.27051300 0.00596500
v 0.14466100 0.27078800 0.00612300
v 0.14461000 0.27088900 0.00629900
v 0.14466600 0.27069600 0.00596500
v 0.14459700 0.27036900 0.00573100
v 0.14457100 0.27047400 0.00558100
v 0.14459700 0.27065700 0.00556500
v 0.14464500 0.27057200 0.00575100
v 0.14461000 0.27088900 0.00563000
v 0.14466100 0.27078800 0.00580600
v 0.14457000 0.27113900 0.00596500
v 0.14459700 0.27106200 0.00613100
v 0.14464400 0.27094300 0.00596500
v 0.14459700 0.27106200 0.00579800
v -0.14505300 0.27023500 0.00558100
v -0.14507900 0.27013000 0.00573100
v -0.14512700 0.27033300 0.00575100
v -0.14507900 0.27041800 0.00556500
v -0.14509200 0.27007100 0.00596500
v -0.14514300 0.27027400 0.00596500
v -0.14514300 0.27054900 0.00580600
v -0.14509200 0.27065000 0.00563000
v -0.14514800 0.27045700 0.00596500
v -0.14507900 0.27013000 0.00619800
v -0.14505300 0.27023500 0.00634900
v -0.14507900 0.27041800 0.00636500
v -0.14512700 0.27033300 0.00617900
v -0.14509200 0.27065000 0.00629900
v -0.14514300 0.27054900 0.00612300
v -0.14505300 0.27090100 0.00596500
v -0.14507900 0.27082300 0.00579800
v -0.14512700 0.27070400 0.00596500
v -0.14507900 0.27082300 0.00613100
v 0.09884600 0.28314300 0.00596500
v 0.05396600 0.28310500 0.00596500
v 0.05396600 0.28298400 0.00624500
v 0.09884600 0.28302100 0.00624500
v 0.00013900 0.28306100 0.00596500
v 0.00013900 0.28293900 0.00624500
v 0.05396600 0.28271100 0.00647300
v 0.09884600 0.28274800 0.00647300
v 0.00013900 0.28266600 0.00647300
v -0.05368900 0.28301600 0.00596500
v -0.09856900 0.28297900 0.00596500
v -0.09856900 0.28285800 0.00624500
v -0.05368900 0.28289500 0.00624500
v -0.09856800 0.28258400 0.00647300
v -0.05368800 0.28262200 0.00647300
v -0.09856800 0.28194700 0.00656000
v -0.05368800 0.28198400 0.00656000
v -0.05368800 0.28228800 0.00659500
v -0.09856800 0.28225100 0.00659500
v 0.00013900 0.28202900 0.00656000
v 0.00013900 0.28233300 0.00659500
v 0.05396600 0.28207400 0.00656000
v 0.09884700 0.28211100 0.00656000
v 0.09884600 0.28241400 0.00659500
v 0.05396600 0.28237700 0.00659500
v 0.05396700 0.28189200 0.00631500
v 0.09884700 0.28192900 0.00631500
v 0.00014000 0.28184700 0.00631500
v 0.05396700 0.28183100 0.00596500
v 0.09884700 0.28186800 0.00596500
v 0.00014000 0.28178600 0.00596500
v -0.09856800 0.28176500 0.00631500
v -0.05368800 0.28180200 0.00631500
v -0.09856800 0.28170400 0.00596500
v -0.05368800 0.28174200 0.00596500
v -0.09856800 0.28194700 0.00536900
v -0.05368800 0.28198400 0.00536900
v -0.05368800 0.28180200 0.00561400
v -0.09856800 0.28176500 0.00561400
v 0.00013900 0.28202900 0.00536900
v 0.00014000 0.28184700 0.00561400
v 0.05396600 0.28207400 0.00536900
v 0.09884700 0.28211100 0.00536900
v 0.09884700 0.28192900 0.00561400
v 0.05396700 0.28189200 0.00561400
v 0.05396600 0.28237700 0.00533400
v 0.09884600 0.28241400 0.00533400
v 0.00013900 0.28233300 0.00533400
v 0.05396600 0.28271100 0.00545700
v 0.09884600 0.28274800 0.00545700
v 0.00013900 0.28266600 0.00545700
v -0.09856800 0.28225100 0.00533400
v -0.05368800 0.28228800 0.00533400
v -0.09856800 0.28258400 0.00545700
v -0.05368800 0.28262200 0.00545700
v -0.05368800 0.28289500 0.00568400
v -0.09856900 0.28285800 0.00568400
v 0.00013900 0.28293900 0.00568400
v 0.09884600 0.28302100 0.00568400
v 0.05396600 0.28298400 0.00568400
v 0.14401900 0.28227100 0.00634900
v 0.14404600 0.28216500 0.00619800
v 0.14409300 0.28236900 0.00617900
v 0.14404500 0.28245400 0.00636500
v 0.14405800 0.28210600 0.00596500
v 0.14410900 0.28230900 0.00596500
v 0.14410900 0.28258400 0.00612300
v 0.14405800 0.28268500 0.00629900
v 0.14411500 0.28249200 0.00596500
v 0.14404600 0.28216500 0.00573100
v 0.14401900 0.28227100 0.00558100
v 0.14404500 0.28245400 0.00556500
v 0.14409300 0.28236900 0.00575100
v 0.14405800 0.28268500 0.00563000
v 0.14410900 0.28258400 0.00580600
v 0.14401900 0.28293600 0.00596500
v 0.14404500 0.28285800 0.00613100
v 0.14409300 0.28274000 0.00596500
v 0.14404500 0.28285800 0.00579800
v -0.14374100 0.28203200 0.00558100
v -0.14376700 0.28192700 0.00573100
v -0.14381500 0.28213000 0.00575100
v -0.14376700 0.28221500 0.00556500
v -0.14378000 0.28186800 0.00596500
v -0.14383100 0.28207000 0.00596500
v -0.14383100 0.28234500 0.00580600
v -0.14378000 0.28244700 0.00563000
v -0.14383600 0.28225400 0.00596500
v -0.14376700 0.28192700 0.00619800
v -0.14374100 0.28203200 0.00634900
v -0.14376700 0.28221500 0.00636500
v -0.14381500 0.28213000 0.00617900
v -0.14378000 0.28244700 0.00629900
v -0.14383100 0.28234500 0.00612300
v -0.14374100 0.28269700 0.00596500
v -0.14376700 0.28261900 0.00579800
v -0.14381500 0.28250100 0.00596500
v -0.14376700 0.28261900 0.00613100
v 0.09940100 0.29433100 0.00596500
v 0.05452000 0.29429400 0.00596500
v 0.05452000 0.29417200 0.00624500
v 0.09940100 0.29421000 0.00624500
v 0.00069200 0.29424900 0.00596500
v 0.00069200 0.29412800 0.00624500
v 0.05452100 0.29389900 0.00647300
v 0.09940200 0.29393600 0.00647300
v 0.00069200 0.29385500 0.00647300
v -0.05313600 0.29420400 0.00596500
v -0.09801700 0.29416700 0.00596500
v -0.09801700 0.29404600 0.00624500
v -0.05313600 0.29408300 0.00624500
v -0.09801700 0.29377300 0.00647300
v -0.05313600 0.29381000 0.00647300
v -0.09801600 0.29313500 0.00656000
v -0.05313500 0.29317300 0.00656000
v -0.05313600 0.29347600 0.00659500
v -0.09801700 0.29343900 0.00659500
v 0.00069300 0.29321700 0.00656000
v 0.00069300 0.29352100 0.00659500
v 0.05452100 0.29326200 0.00656000
v 0.09940200 0.29329900 0.00656000
v 0.09940200 0.29360300 0.00659500
v 0.05452100 0.29356500 0.00659500
v 0.05452100 0.29308000 0.00631500
v 0.09940200 0.29311700 0.00631500
v 0.00069300 0.29303500 0.00631500
v 0.05452100 0.29301900 0.00596500
v 0.09940200 0.29305600 0.00596500
v 0.00069300 0.29297500 0.00596500
v -0.09801600 0.29295300 0.00631500
v -0.05313500 0.29299100 0.00631500
v -0.09801600 0.29289300 0.00596500
v -0.05313500 0.29293000 0.00596500
v -0.09801600 0.29313500 0.00536900
v -0.05313500 0.29317300 0.00536900
v -0.05313500 0.29299100 0.00561400
v -0.09801600 0.29295300 0.00561400
v 0.00069300 0.29321700 0.00536900
v 0.00069300 0.29303500 0.00561400
v 0.05452100 0.29326200 0.00536900
v 0.09940200 0.29329900 0.00536900
v 0.09940200 0.29311700 0.00561400
v 0.05452100 0.29308000 0.00561400
v 0.05452100 0.29356500 0.00533400
v 0.09940200 0.29360300 0.00533400
v 0.00069300 0.29352100 0.00533400
v 0.05452100 0.29389900 0.00545700
v 0.09940200 0.29393700 0.00545700
v 0.00069200 0.29385500 0.00545700
v -0.09801700 0.29343900 0.00533400
v -0.05313600 0.29347600 0.00533400
v -0.09801700 0.29377300 0.00545700
v -0.05313600 0.29381000 0.00545700
v -0.05313600 0.29408300 0.00568400
v -0.09801700 0.29404600 0.00568400
v 0.00069200 0.29412800 0.00568400
v 0.09940100 0.29421000 0.00568400
v 0.05452000 0.29417200 0.00568400
v 0.14457600 0.29345900 0.00634900
v 0.14460200 0.29335400 0.00619800
v 0.14465000 0.29355700 0.00617900
v 0.14460200 0.29364200 0.00636500
v 0.14461500 0.29329500 0.00596500
v 0.14466600 0.29349700 0.00596500
v 0.14466600 0.29377200 0.00612300
v 0.14461400 0.29387400 0.00629900
v 0.14467100 0.29368100 0.00596500
v 0.14460200 0.29335400 0.00573100
v 0.14457600 0.29345900 0.00558100
v 0.14460200 0.29364200 0.00556500
v 0.14465000 0.29355700 0.00575100
v 0.14461400 0.29387400 0.00563000
v 0.14466600 0.29377200 0.00580600
v 0.14457500 0.29412400 0.00596500
v 0.14460100 0.29404600 0.00613100
v 0.14464900 0.29392800 0.00596500
v 0.14460100 0.29404600 0.00579800
v -0.14319000 0.29322000 0.00558100
v -0.14321600 0.29311500 0.00573100
v -0.14326400 0.29331800 0.00575100
v -0.14321600 0.29340300 0.00556500
v -0.14322900 0.29305600 0.00596500
v -0.14328000 0.29325900 0.00596500
v -0.14328100 0.29353300 0.00580600
v -0.14322900 0.29363500 0.00563000
v -0.14328600 0.29344200 0.00596500
v -0.14321600 0.29311500 0.00619800
v -0.14319000 0.29322000 0.00634900
v -0.14321600 0.29340300 0.00636500
v -0.14326400 0.29331800 0.00617900
v -0.14322900 0.29363500 0.00629900
v -0.14328100 0.29353300 0.00612300
v -0.14319100 0.29388500 0.00596500
v -0.14321700 0.29380800 0.00579800
v -0.14326500 0.29368900 0.00596500
v -0.14321700 0.29380800 0.00613100
v 0.09559200 0.30674700 0.00596500
v 0.05187600 0.30671000 0.00596500
v 0.05187600 0.30658800 0.00624500
v 0.09559200 0.30662500 0.00624500
v -0.00055400 0.30666500 0.00596500
v -0.00055300 0.30654400 0.00624500
v 0.05187700 0.30631500 0.00647300
v 0.09559200 0.30635200 0.00647300
v -0.00055300 0.30627000 0.00647300
v -0.05298300 0.30662000 0.00596500
v -0.09669900 0.30658300 0.00596500
v -0.09669900 0.30646200 0.00624500
v -0.05298300 0.30649900 0.00624500
v -0.09669900 0.30618900 0.00647300
v -0.05298300 0.30622600 0.00647300
v -0.09669800 0.30555100 0.00656000
v -0.05298200 0.30558800 0.00656000
v -0.05298300 0.30589200 0.00659500
v -0.09669800 0.30585500 0.00659500
v -0.00055300 0.30563300 0.00656000
v -0.00055300 0.30593700 0.00659500
v 0.05187700 0.30567800 0.00656000
v 0.09559300 0.30571500 0.00656000
v 0.09559200 0.30601800 0.00659500
v 0.05187700 0.30598100 0.00659500
v 0.05187700 0.30549600 0.00631500
v 0.09559300 0.30553300 0.00631500
v -0.00055300 0.30545100 0.00631500
v 0.05187700 0.30543500 0.00596500
v 0.09559300 0.30547200 0.00596500
v -0.00055300 0.30539000 0.00596500
v -0.09669800 0.30536900 0.00631500
v -0.05298200 0.30540600 0.00631500
v -0.09669800 0.30530900 0.00596500
v -0.05298200 0.30534600 0.00596500
v -0.09669800 0.30555100 0.00536900
v -0.05298200 0.30558800 0.00536900
v -0.05298200 0.30540600 0.00561400
v -0.09669800 0.30536900 0.00561400
v -0.00055300 0.30563300 0.00536900
v -0.00055300 0.30545100 0.00561400
v 0.05187700 0.30567800 0.00536900
v 0.09559300 0.30571500 0.00536900
v 0.09559300 0.30553300 0.00561400
v 0.05187700 0.30549600 0.00561400
v 0.05187700 0.30598100 0.00533400
v 0.09559200 0.30601800 0.00533400
v -0.00055300 0.30593700 0.00533400
v 0.05187700 0.30631500 0.00545700
v 0.09559200 0.30635200 0.00545700
v -0.00055300 0.30627000 0.00545700
v -0.09669800 0.30585500 0.00533400
v -0.05298300 0.30589200 0.00533400
v -0.09669900 0.30618900 0.00545700
v -0.05298300 0.30622600 0.00545700
v -0.05298300 0.30649900 0.00568400
v -0.09669900 0.30646200 0.00568400
v -0.00055300 0.30654400 0.00568400
v 0.09559200 0.30662500 0.00568400
v 0.05187600 0.30658800 0.00568400
v 0.13960100 0.30587500 0.00634900
v 0.13962700 0.30576900 0.00619800
v 0.13967500 0.30597300 0.00617900
v 0.13962700 0.30605800 0.00636500
v 0.13964000 0.30571000 0.00596500
v 0.13969100 0.30591300 0.00596500
v 0.13969100 0.30618800 0.00612300
v 0.13964000 0.30628900 0.00629900
v 0.13969600 0.30609600 0.00596500
v 0.13962700 0.30576900 0.00573100
v 0.13960100 0.30587500 0.00558100
v 0.13962700 0.30605800 0.00556500
v 0.13967500 0.30597300 0.00575100
v 0.13964000 0.30628900 0.00563000
v 0.13969100 0.30618800 0.00580600
v 0.13960100 0.30654000 0.00596500
v 0.13962700 0.30646200 0.00613100
v 0.13967500 0.30634400 0.00596500
v 0.13962700 0.30646200 0.00579800
v -0.14070700 0.30563600 0.00558100
v -0.14073300 0.30553100 0.00573100
v -0.14078100 0.30573400 0.00575100
v -0.14073300 0.30581900 0.00556500
v -0.14074500 0.30547200 0.00596500
v -0.14079700 0.30567400 0.00596500
v -0.14079700 0.30594900 0.00580600
v -0.14074600 0.30605100 0.00563000
v -0.14080200 0.30585800 0.00596500
v -0.14073300 0.30553100 0.00619800
v -0.14070700 0.30563600 0.00634900
v -0.14073300 0.30581900 0.00636500
v -0.14078100 0.30573400 0.00617900
v -0.14074600 0.30605100 0.00629900
v -0.14079700 0.30594900 0.00612300
v -0.14070700 0.30630100 0.00596500
v -0.14073300 0.30622400 0.00579800
v -0.14078100 0.30610500 0.00596500
v -0.14073300 0.30622400 0.00613100
v 0.09369000 0.31976800 0.00596500
v 0.05055600 0.31973000 0.00596500
v 0.05055600 0.31960900 0.00624500
v 0.09369000 0.31964600 0.00624500
v -0.00117500 0.31968600 0.00596500
v -0.00117500 0.31956400 0.00624500
v 0.05055700 0.31933600 0.00647300
v 0.09369000 0.31937300 0.00647300
v -0.00117500 0.31929100 0.00647300
v -0.05290600 0.31964100 0.00596500
v -0.09603900 0.31960400 0.00596500
v -0.09603900 0.31948300 0.00624500
v -0.05290600 0.31952000 0.00624500
v -0.09603900 0.31920900 0.00647300
v -0.05290600 0.31924700 0.00647300
v -0.09603900 0.31857200 0.00656000
v -0.05290500 0.31860900 0.00656000
v -0.05290500 0.31891300 0.00659500
v -0.09603900 0.31887600 0.00659500
v -0.00117400 0.31865400 0.00656000
v -0.00117400 0.31895800 0.00659500
v 0.05055700 0.31869900 0.00656000
v 0.09369100 0.31873600 0.00656000
v 0.09369000 0.31903900 0.00659500
v 0.05055700 0.31900200 0.00659500
v 0.05055700 0.31851700 0.00631500
v 0.09369100 0.31855400 0.00631500
v -0.00117400 0.31847200 0.00631500
v 0.05055700 0.31845600 0.00596500
v 0.09369100 0.31849300 0.00596500
v -0.00117400 0.31841100 0.00596500
v -0.09603800 0.31839000 0.00631500
v -0.05290500 0.31842700 0.00631500
v -0.09603800 0.31832900 0.00596500
v -0.05290500 0.31836700 0.00596500
v -0.09603900 0.31857200 0.00536900
v -0.05290500 0.31860900 0.00536900
v -0.05290500 0.31842700 0.00561400
v -0.09603800 0.31839000 0.00561400
v -0.00117400 0.31865400 0.00536900
v -0.00117400 0.31847200 0.00561400
v 0.05055700 0.31869900 0.00536900
v 0.09369100 0.31873600 0.00536900
v 0.09369100 0.31855400 0.00561400
v 0.05055700 0.31851700 0.00561400
v 0.05055700 0.31900200 0.00533400
v 0.09369000 0.31903900 0.00533400
v -0.00117400 0.31895800 0.00533400
v 0.05055700 0.31933600 0.00545700
v 0.09369000 0.31937300 0.00545700
v -0.00117500 0.31929100 0.00545700
v -0.09603900 0.31887600 0.00533400
v -0.05290500 0.31891300 0.00533400
v -0.09603900 0.31920900 0.00545700
v -0.05290600 0.31924700 0.00545700
v -0.05290600 0.31952000 0.00568400
v -0.09603900 0.31948300 0.00568400
v -0.00117500 0.31956400 0.00568400
v 0.09369000 0.31964600 0.00568400
v 0.05055600 0.31960900 0.00568400
v 0.13711700 0.31889500 0.00634900
v 0.13714300 0.31879000 0.00619800
v 0.13719100 0.31899400 0.00617900
v 0.13714300 0.31907900 0.00636500
v 0.13715600 0.31873100 0.00596500
v 0.13720700 0.31893400 0.00596500
v 0.13720700 0.31920900 0.00612300
v 0.13715500 0.31931000 0.00629900
v 0.13721200 0.31911700 0.00596500
v 0.13714300 0.31879000 0.00573100
v 0.13711700 0.31889600 0.00558100
v 0.13714300 0.31907900 0.00556500
v 0.13719100 0.31899400 0.00575100
v 0.13715500 0.31931000 0.00563000
v 0.13720700 0.31920900 0.00580600
v 0.13711600 0.31956100 0.00596500
v 0.13714200 0.31948300 0.00613100
v 0.13719000 0.31936500 0.00596500
v 0.13714200 0.31948300 0.00579800
v -0.13946500 0.31865700 0.00558100
v -0.13949100 0.31855200 0.00573100
v -0.13953900 0.31875500 0.00575100
v -0.13949100 0.31884000 0.00556500
v -0.13950400 0.31849300 0.00596500
v -0.13955500 0.31869500 0.00596500
v -0.13955500 0.31897000 0.00580600
v -0.13950400 0.31907200 0.00563000
v -0.13956100 0.31887900 0.00596500
v -0.13949100 0.31855200 0.00619800
v -0.13946500 0.31865700 0.00634900
v -0.13949100 0.31884000 0.00636500
v -0.13953900 0.31875500 0.00617900
v -0.13950400 0.31907200 0.00629900
v -0.13955500 0.31897000 0.00612300
v -0.13946600 0.31932200 0.00596500
v -0.13949200 0.31924400 0.00579800
v -0.13953900 0.31912600 0.00596500
v -0.13949200 0.31924400 0.00613100
v 0.09302900 0.33334400 0.00596500
v 0.05047700 0.33330700 0.00596500
v 0.05047800 0.33318500 0.00624500
v 0.09302900 0.33322300 0.00624500
v -0.00055500 0.33326200 0.00596500
v -0.00055500 0.33314100 0.00624500
v 0.05047800 0.33291200 0.00647300
v 0.09302900 0.33294900 0.00647300
v -0.00055500 0.33286800 0.00647300
v -0.05158700 0.33321800 0.00596500
v -0.09413800 0.33318000 0.00596500
v -0.09413800 0.33305900 0.00624500
v -0.05158700 0.33309600 0.00624500
v -0.09413800 0.33278600 0.00647300
v -0.05158700 0.33282300 0.00647300
v -0.09413800 0.33214900 0.00656100
v -0.05158700 0.33218600 0.00656100
v -0.05158700 0.33248900 0.00659600
v -0.09413800 0.33245200 0.00659600
v -0.00055400 0.33223000 0.00656000
v -0.00055400 0.33253400 0.00659600
v 0.05047800 0.33227500 0.00656000
v 0.09302900 0.33231200 0.00656000
v 0.09302900 0.33261600 0.00659500
v 0.05047800 0.33257800 0.00659600
v 0.05047800 0.33209300 0.00631500
v 0.09303000 0.33213000 0.00631500
v -0.00055400 0.33204800 0.00631500
v 0.05047900 0.33203200 0.00596500
v 0.09303000 0.33207000 0.00596500
v -0.00055400 0.33198800 0.00596500
v -0.09413700 0.33196600 0.00631500
v -0.05158600 0.33200400 0.00631500
v -0.09413700 0.33190600 0.00596500
v -0.05158600 0.33194300 0.00596500
v -0.09413700 0.33214900 0.00536900
v -0.05158600 0.33218600 0.00536900
v -0.05158600 0.33200400 0.00561400
v -0.09413700 0.33196600 0.00561400
v -0.00055400 0.33223000 0.00536900
v -0.00055400 0.33204800 0.00561400
v 0.05047800 0.33227500 0.00536900
v 0.09303000 0.33231200 0.00536900
v 0.09303000 0.33213000 0.00561400
v 0.05047900 0.33209300 0.00561400
v 0.05047800 0.33257900 0.00533400
v 0.09302900 0.33261600 0.00533400
v -0.00055400 0.33253400 0.00533400
v 0.05047800 0.33291200 0.00545700
v 0.09302900 0.33294900 0.00545700
v -0.00055400 0.33286800 0.00545700
v -0.09413800 0.33245200 0.00533400
v -0.05158600 0.33248900 0.00533400
v -0.09413800 0.33278600 0.00545700
v -0.05158700 0.33282300 0.00545700
v -0.05158700 0.33309600 0.00568400
v -0.09413800 0.33305900 0.00568400
v -0.00055500 0.33314100 0.00568400
v 0.09302900 0.33322300 0.00568400
v 0.05047800 0.33318500 0.00568400
v 0.13587300 0.33247200 0.00634900
v 0.13590000 0.33236700 0.00619800
v 0.13594700 0.33257000 0.00617900
v 0.13589900 0.33265500 0.00636500
v 0.13591200 0.33230800 0.00596500
v 0.13596300 0.33251100 0.00596500
v 0.13596300 0.33278500 0.00612300
v 0.13591200 0.33288700 0.00629900
v 0.13596900 0.33269400 0.00596500
v 0.13590000 0.33236700 0.00573100
v 0.13587300 0.33247200 0.00558100
v 0.13589900 0.33265500 0.00556500
v 0.13594700 0.33257000 0.00575100
v 0.13591200 0.33288700 0.00563000
v 0.13596300 0.33278500 0.00580600
v 0.13587300 0.33313700 0.00596500
v 0.13589900 0.33306000 0.00613100
v 0.13594700 0.33294100 0.00596500
v 0.13589900 0.33306000 0.00579800
v -0.13698100 0.33223300 0.00558100
v -0.13700700 0.33212800 0.00573100
v -0.13705500 0.33233100 0.00575100
v -0.13700800 0.33241600 0.00556500
v -0.13702000 0.33206900 0.00596500
v -0.13707200 0.33227200 0.00596500
v -0.13707200 0.33254700 0.00580600
v -0.13702100 0.33264800 0.00563000
v -0.13707700 0.33245500 0.00596500
v -0.13700800 0.33212800 0.00619800
v -0.13698200 0.33223300 0.00634900
v -0.13700800 0.33241600 0.00636500
v -0.13705600 0.33233100 0.00617900
v -0.13702100 0.33264800 0.00629900
v -0.13707200 0.33254700 0.00612300
v -0.13698200 0.33289900 0.00596500
v -0.13700800 0.33282100 0.00579800
v -0.13705600 0.33270200 0.00596500
v -0.13700800 0.33282100 0.00613100
v 0.08899000 0.34638200 0.00596500
v 0.04799200 0.34634500 0.00596500
v 0.04799200 0.34622400 0.00624500
v 0.08899100 0.34626100 0.00624500
v -0.00117700 0.34630000 0.00596500
v -0.00117700 0.34617900 0.00624500
v 0.04799200 0.34595100 0.00647300
v 0.08899100 0.34598800 0.00647300
v -0.00117700 0.34590600 0.00647300
v -0.05034600 0.34625600 0.00596500
v -0.09134500 0.34621800 0.00596500
v -0.09134500 0.34609700 0.00624500
v -0.05034600 0.34613400 0.00624500
v -0.09134500 0.34582400 0.00647300
v -0.05034600 0.34586100 0.00647300
v -0.09134400 0.34518700 0.00656000
v -0.05034600 0.34522400 0.00656000
v -0.05034600 0.34552700 0.00659500
v -0.09134400 0.34549000 0.00659500
v -0.00117600 0.34526900 0.00656000
v -0.00117700 0.34557200 0.00659500
v 0.04799300 0.34531300 0.00656000
v 0.08899100 0.34535000 0.00656000
v 0.08899100 0.34565400 0.00659500
v 0.04799300 0.34561700 0.00659500
v 0.04799300 0.34513100 0.00631500
v 0.08899200 0.34516800 0.00631500
v -0.00117600 0.34508700 0.00631500
v 0.04799300 0.34507000 0.00596500
v 0.08899200 0.34510800 0.00596500
v -0.00117600 0.34502600 0.00596500
v -0.09134400 0.34500500 0.00631500
v -0.05034500 0.34504200 0.00631500
v -0.09134400 0.34494400 0.00596500
v -0.05034500 0.34498100 0.00596500
v -0.09134400 0.34518700 0.00536900
v -0.05034600 0.34522400 0.00536900
v -0.05034500 0.34504200 0.00561400
v -0.09134400 0.34500500 0.00561400
v -0.00117600 0.34526900 0.00536900
v -0.00117600 0.34508700 0.00561400
v 0.04799300 0.34531300 0.00536900
v 0.08899100 0.34535000 0.00536900
v 0.08899200 0.34516800 0.00561400
v 0.04799300 0.34513100 0.00561400
v 0.04799300 0.34561700 0.00533400
v 0.08899100 0.34565400 0.00533400
v -0.00117700 0.34557200 0.00533400
v 0.04799200 0.34595100 0.00545700
v 0.08899100 0.34598800 0.00545700
v -0.00117700 0.34590600 0.00545700
v -0.09134400 0.34549000 0.00533400
v -0.05034600 0.34552700 0.00533400
v -0.09134500 0.34582400 0.00545700
v -0.05034600 0.34586100 0.00545700
v -0.05034600 0.34613400 0.00568400
v -0.09134500 0.34609700 0.00568400
v -0.00117700 0.34617900 0.00568400
v 0.08899100 0.34626100 0.00568400
v 0.04799200 0.34622400 0.00568400
v 0.13028300 0.34551000 0.00634900
v 0.13030900 0.34540500 0.00619800
v 0.13035600 0.34560800 0.00617900
v 0.13030900 0.34569300 0.00636500
v 0.13032200 0.34534600 0.00596500
v 0.13037300 0.34554900 0.00596500
v 0.13037200 0.34582400 0.00612300
v 0.13032100 0.34592500 0.00629900
v 0.13037800 0.34573200 0.00596500
v 0.13030900 0.34540500 0.00573100
v 0.13028300 0.34551000 0.00558100
v 0.13030800 0.34569300 0.00556500
v 0.13035600 0.34560800 0.00575100
v 0.13032100 0.34592500 0.00563000
v 0.13037200 0.34582400 0.00580600
v 0.13028200 0.34617500 0.00596500
v 0.13030800 0.34609800 0.00613100
v 0.13035600 0.34597900 0.00596500
v 0.13030800 0.34609800 0.00579800
v -0.13263500 0.34527100 0.00558100
v -0.13266100 0.34516600 0.00573100
v -0.13270900 0.34536900 0.00575100
v -0.13266200 0.34545400 0.00556500
v -0.13267400 0.34510700 0.00596500
v -0.13272600 0.34531000 0.00596500
v -0.13272600 0.34558500 0.00580600
v -0.13267500 0.34568600 0.00563000
v -0.13273100 0.34549300 0.00596500
v -0.13266100 0.34516600 0.00619800
v -0.13263500 0.34527100 0.00634900
v -0.13266200 0.34545400 0.00636500
v -0.13270900 0.34536900 0.00617900
v -0.13267500 0.34568600 0.00629900
v -0.13272600 0.34558500 0.00612300
v -0.13263600 0.34593700 0.00596500
v -0.13266200 0.34585900 0.00579800
v -0.13271000 0.34574000 0.00596500
v -0.13266200 0.34585900 0.00613100
v 0.08301000 0.36307800 0.00596500
v 0.04472800 0.36304100 0.00596500
v 0.04472900 0.36291900 0.00624500
v 0.08301000 0.36295600 0.00624500
v -0.00118000 0.36299600 0.00596500
v -0.00118000 0.36287500 0.00624500
v 0.04472900 0.36264600 0.00647300
v 0.08301000 0.36268300 0.00647300
v -0.00118000 0.36260100 0.00647300
v -0.04708900 0.36295100 0.00596500
v -0.08537000 0.36291400 0.00596500
v -0.08537000 0.36279300 0.00624500
v -0.04708900 0.36283000 0.00624500
v -0.08537000 0.36252000 0.00647300
v -0.04708800 0.36255700 0.00647300
v -0.08536900 0.36188200 0.00656000
v -0.04708800 0.36192000 0.00656000
v -0.04708800 0.36222300 0.00659500
v -0.08536900 0.36218600 0.00659500
v -0.00117900 0.36196400 0.00656000
v -0.00117900 0.36226800 0.00659500
v 0.04472900 0.36200900 0.00656000
v 0.08301100 0.36204600 0.00656000
v 0.08301000 0.36235000 0.00659500
v 0.04472900 0.36231200 0.00659500
v 0.04473000 0.36182700 0.00631500
v 0.08301100 0.36186400 0.00631500
v -0.00117900 0.36178200 0.00631500
v 0.04473000 0.36176600 0.00596500
v 0.08301100 0.36180300 0.00596500
v -0.00117900 0.36172100 0.00596500
v -0.08536900 0.36170000 0.00631500
v -0.04708800 0.36173800 0.00631500
v -0.08536900 0.36164000 0.00596500
v -0.04708800 0.36167700 0.00596500
v -0.08536900 0.36188200 0.00536900
v -0.04708800 0.36192000 0.00536900
v -0.04708800 0.36173800 0.00561400
v -0.08536900 0.36170000 0.00561400
v -0.00117900 0.36196400 0.00536900
v -0.00117900 0.36178200 0.00561400
v 0.04472900 0.36200900 0.00536900
v 0.08301100 0.36204600 0.00536900
v 0.08301100 0.36186400 0.00561400
v 0.04473000 0.36182700 0.00561400
v 0.04472900 0.36231200 0.00533400
v 0.08301000 0.36235000 0.00533400
v -0.00117900 0.36226800 0.00533400
v 0.04472900 0.36264600 0.00545700
v 0.08301000 0.36268300 0.00545700
v -0.00118000 0.36260100 0.00545700
v -0.08536900 0.36218600 0.00533400
v -0.04708800 0.36222300 0.00533400
v -0.08537000 0.36252000 0.00545700
v -0.04708800 0.36255700 0.00545700
v -0.04708900 0.36283000 0.00568400
v -0.08537000 0.36279300 0.00568400
v -0.00118000 0.36287500 0.00568400
v 0.08301000 0.36295600 0.00568400
v 0.04472900 0.36291900 0.00568400
v 0.12158500 0.36220600 0.00634900
v 0.12161100 0.36210000 0.00619800
v 0.12165900 0.36230400 0.00617900
v 0.12161100 0.36238900 0.00636500
v 0.12162400 0.36204100 0.00596500
v 0.12167500 0.36224400 0.00596500
v 0.12167400 0.36251900 0.00612300
v 0.12162300 0.36262100 0.00629900
v 0.12168000 0.36242800 0.00596500
v 0.12161100 0.36210000 0.00573100
v 0.12158500 0.36220600 0.00558100
v 0.12161100 0.36238900 0.00556500
v 0.12165900 0.36230400 0.00575100
v 0.12162300 0.36262100 0.00563000
v 0.12167400 0.36251900 0.00580600
v 0.12158400 0.36287100 0.00596500
v 0.12161000 0.36279300 0.00613100
v 0.12165800 0.36267500 0.00596500
v 0.12161000 0.36279300 0.00579800
v -0.12394300 0.36196700 0.00558100
v -0.12396900 0.36186200 0.00573100
v -0.12401700 0.36206500 0.00575100
v -0.12397000 0.36215000 0.00556500
v -0.12398200 0.36180300 0.00596500
v -0.12403300 0.36200600 0.00596500
v -0.12403400 0.36228000 0.00580600
v -0.12398300 0.36238200 0.00563000
v -0.12403900 0.36218900 0.00596500
v -0.12396900 0.36186200 0.00619800
v -0.12394300 0.36196700 0.00634900
v -0.12397000 0.36215000 0.00636500
v -0.12401700 0.36206500 0.00617900
v -0.12398300 0.36238200 0.00629900
v -0.12403400 0.36228000 0.00612300
v -0.12394400 0.36263200 0.00596500
v -0.12397000 0.36255500 0.00579800
v -0.12401800 0.36243600 0.00596500
v -0.12397000 0.36255500 0.00613100
v 0.07822900 0.38037300 0.00596500
v 0.04324800 0.38033600 0.00596500
v 0.04324800 0.38021500 0.00624500
v 0.07823000 0.38025200 0.00624500
v 0.00129900 0.38029100 0.00596500
v 0.00129900 0.38017000 0.00624500
v 0.04324800 0.37994100 0.00647300
v 0.07823000 0.37997900 0.00647300
v 0.00129900 0.37989700 0.00647300
v -0.04065000 0.38024700 0.00596500
v -0.07563200 0.38021000 0.00596500
v -0.07563200 0.38008800 0.00624500
v -0.04065000 0.38012500 0.00624500
v -0.07563100 0.37981500 0.00647300
v -0.04065000 0.37985200 0.00647300
v -0.07563100 0.37917800 0.00656000
v -0.04064900 0.37921500 0.00656000
v -0.04064900 0.37951800 0.00659500
v -0.07563100 0.37948100 0.00659500
v 0.00130000 0.37926000 0.00656000
v 0.00130000 0.37956300 0.00659500
v 0.04324900 0.37930400 0.00656000
v 0.07823000 0.37934100 0.00656000
v 0.07823000 0.37964500 0.00659500
v 0.04324900 0.37960800 0.00659500
v 0.04324900 0.37912200 0.00631500
v 0.07823100 0.37915900 0.00631500
v 0.00130000 0.37907700 0.00631500
v 0.04324900 0.37906100 0.00596500
v 0.07823100 0.37909900 0.00596500
v 0.00130000 0.37901700 0.00596500
v -0.07563000 0.37899600 0.00631500
v -0.04064900 0.37903300 0.00631500
v -0.07563000 0.37893500 0.00596500
v -0.04064900 0.37897200 0.00596500
v -0.07563100 0.37917800 0.00536900
v -0.04064900 0.37921500 0.00536900
v -0.04064900 0.37903300 0.00561400
v -0.07563000 0.37899600 0.00561400
v 0.00130000 0.37926000 0.00536900
v 0.00130000 0.37907700 0.00561400
v 0.04324900 0.37930400 0.00536900
v 0.07823000 0.37934100 0.00536900
v 0.07823100 0.37915900 0.00561400
v 0.04324900 0.37912200 0.00561400
v 0.04324900 0.37960800 0.00533400
v 0.07823000 0.37964500 0.00533400
v 0.00130000 0.37956300 0.00533400
v 0.04324800 0.37994100 0.00545700
v 0.07823000 0.37997900 0.00545700
v 0.00129900 0.37989700 0.00545700
v -0.07563100 0.37948100 0.00533400
v -0.04064900 0.37951800 0.00533400
v -0.07563100 0.37981500 0.00545700
v -0.04065000 0.37985200 0.00545700
v -0.04065000 0.38012500 0.00568400
v -0.07563200 0.38008800 0.00568400
v 0.00129900 0.38017000 0.00568400
v 0.07823000 0.38025200 0.00568400
v 0.04324800 0.38021500 0.00568400
v 0.11350500 0.37950100 0.00634900
v 0.11353100 0.37939600 0.00619800
v 0.11357900 0.37959900 0.00617900
v 0.11353100 0.37968400 0.00636500
v 0.11354400 0.37933700 0.00596500
v 0.11359500 0.37954000 0.00596500
v 0.11359400 0.37981400 0.00612300
v 0.11354300 0.37991600 0.00629900
v 0.11360000 0.37972300 0.00596500
v 0.11353100 0.37939600 0.00573100
v 0.11350500 0.37950100 0.00558100
v 0.11353100 0.37968400 0.00556500
v 0.11357900 0.37959900 0.00575100
v 0.11354300 0.37991600 0.00563000
v 0.11359400 0.37981400 0.00580600
v 0.11350400 0.38016600 0.00596500
v 0.11353000 0.38008900 0.00613100
v 0.11357800 0.37997000 0.00596500
v 0.11353000 0.38008900 0.00579800
v -0.11090500 0.37926200 0.00558100
v -0.11093100 0.37915700 0.00573100
v -0.11097900 0.37936100 0.00575100
v -0.11093100 0.37944500 0.00556500
v -0.11094400 0.37909800 0.00596500
v -0.11099500 0.37930100 0.00596500
v -0.11099500 0.37957600 0.00580600
v -0.11094400 0.37967700 0.00563000
v -0.11100100 0.37948400 0.00596500
v -0.11093100 0.37915700 0.00619800
v -0.11090500 0.37926200 0.00634900
v -0.11093100 0.37944500 0.00636500
v -0.11097900 0.37936100 0.00617900
v -0.11094400 0.37967700 0.00629900
v -0.11099500 0.37957600 0.00612300
v -0.11090600 0.37992800 0.00596500
v -0.11093200 0.37985000 0.00579800
v -0.11097900 0.37973100 0.00596500
v -0.11093200 0.37985000 0.00613100
v 0.06896800 0.39826700 0.00596500
v 0.03777100 0.39823000 0.00596500
v 0.03777100 0.39810900 0.00624500
v 0.06896800 0.39814600 0.00624500
v 0.00036400 0.39818500 0.00596500
v 0.00036400 0.39806400 0.00624500
v 0.03777200 0.39783600 0.00647300
v 0.06896900 0.39787300 0.00647300
v 0.00036400 0.39779100 0.00647300
v -0.03704400 0.39814100 0.00596500
v -0.06824100 0.39810400 0.00596500
v -0.06824100 0.39798200 0.00624500
v -0.03704400 0.39801900 0.00624500
v -0.06824000 0.39770900 0.00647300
v -0.03704300 0.39774600 0.00647300
v -0.06823900 0.39707200 0.00656000
v -0.03704200 0.39710900 0.00656000
v -0.03704300 0.39741300 0.00659500
v -0.06824000 0.39737500 0.00659500
v 0.00036500 0.39715400 0.00656000
v 0.00036500 0.39745700 0.00659500
v 0.03777200 0.39719800 0.00656000
v 0.06896900 0.39723500 0.00656000
v 0.06896900 0.39753900 0.00659500
v 0.03777200 0.39750200 0.00659500
v 0.03777300 0.39701600 0.00631500
v 0.06897000 0.39705300 0.00631500
v 0.00036500 0.39697200 0.00631500
v 0.03777300 0.39695600 0.00596500
v 0.06897000 0.39699300 0.00596500
v 0.00036500 0.39691100 0.00596500
v -0.06823900 0.39689000 0.00631500
v -0.03704200 0.39692700 0.00631500
v -0.06823900 0.39682900 0.00596500
v -0.03704200 0.39686600 0.00596500
v -0.06823900 0.39707200 0.00536900
v -0.03704200 0.39710900 0.00536900
v -0.03704200 0.39692700 0.00561400
v -0.06823900 0.39689000 0.00561400
v 0.00036500 0.39715400 0.00536900
v 0.00036500 0.39697200 0.00561400
v 0.03777200 0.39719800 0.00536900
v 0.06896900 0.39723500 0.00536900
v 0.06897000 0.39705300 0.00561400
v 0.03777300 0.39701600 0.00561400
v 0.03777200 0.39750200 0.00533400
v 0.06896900 0.39753900 0.00533400
v 0.00036500 0.39745700 0.00533400
v 0.03777200 0.39783600 0.00545700
v 0.06896900 0.39787300 0.00545700
v 0.00036400 0.39779100 0.00545700
v -0.06824000 0.39737500 0.00533400
v -0.03704300 0.39741300 0.00533400
v -0.06824000 0.39770900 0.00545700
v -0.03704300 0.39774600 0.00545700
v -0.03704400 0.39801900 0.00568400
v -0.06824100 0.39798200 0.00568400
v 0.00036400 0.39806400 0.00568400
v 0.06896800 0.39814600 0.00568400
v 0.03777100 0.39810900 0.00568400
v 0.10045900 0.39739500 0.00634900
v 0.10048500 0.39729000 0.00619800
v 0.10053300 0.39749300 0.00617900
v 0.10048500 0.39757800 0.00636500
v 0.10049800 0.39723100 0.00596500
v 0.10054900 0.39743400 0.00596500
v 0.10054900 0.39770900 0.00612300
v 0.10049700 0.39781000 0.00629900
v 0.10055400 0.39761700 0.00596500
v 0.10048500 0.39729000 0.00573100
v 0.10045900 0.39739500 0.00558100
v 0.10048500 0.39757800 0.00556500
v 0.10053300 0.39749300 0.00575100
v 0.10049700 0.39781000 0.00563000
v 0.10054900 0.39770900 0.00580600
v 0.10045800 0.39806000 0.00596500
v 0.10048400 0.39798300 0.00613100
v 0.10053200 0.39786400 0.00596500
v 0.10048400 0.39798300 0.00579800
v -0.09972900 0.39715700 0.00558100
v -0.09975500 0.39705100 0.00573100
v -0.09980300 0.39725500 0.00575100
v -0.09975600 0.39734000 0.00556500
v -0.09976800 0.39699200 0.00596500
v -0.09981900 0.39719500 0.00596500
v -0.09982000 0.39747000 0.00580600
v -0.09976900 0.39757100 0.00563000
v -0.09982500 0.39737800 0.00596500
v -0.09975500 0.39705100 0.00619800
v -0.09972900 0.39715700 0.00634900
v -0.09975600 0.39734000 0.00636500
v -0.09980300 0.39725500 0.00617900
v -0.09976900 0.39757100 0.00629900
v -0.09982000 0.39747000 0.00612300
v -0.09973000 0.39782200 0.00596500
v -0.09975600 0.39774400 0.00579800
v -0.09980400 0.39762600 0.00596500
v -0.09975600 0.39774400 0.00613100
v 0.06930100 0.12687900 0.00596500
v 0.03839600 0.12684100 0.00596500
v 0.03839600 0.12672000 0.00624500
v 0.06930100 0.12675700 0.00624500
v 0.00133800 0.12679700 0.00596500
v 0.00133800 0.12667500 0.00624500
v 0.03839600 0.12644700 0.00647300
v 0.06930200 0.12648400 0.00647300
v 0.00133800 0.12640200 0.00647300
v -0.03572000 0.12675200 0.00596500
v -0.06662600 0.12671500 0.00596500
v -0.06662600 0.12659400 0.00624500
v -0.03572000 0.12663100 0.00624500
v -0.06662600 0.12632100 0.00647300
v -0.03572000 0.12635800 0.00647300
v -0.06662500 0.12568300 0.00656100
v -0.03571900 0.12572100 0.00656100
v -0.03572000 0.12602400 0.00659600
v -0.06662500 0.12598700 0.00659600
v 0.00133900 0.12576500 0.00656000
v 0.00133800 0.12606900 0.00659600
v 0.03839700 0.12581000 0.00656000
v 0.06930200 0.12584700 0.00656000
v 0.06930200 0.12615000 0.00659500
v 0.03839600 0.12611300 0.00659600
v 0.03839700 0.12562800 0.00631500
v 0.06930300 0.12566500 0.00631500
v 0.00133900 0.12558300 0.00631500
v 0.03839700 0.12556700 0.00596500
v 0.06930300 0.12560400 0.00596500
v 0.00133900 0.12552200 0.00596500
v -0.06662500 0.12550100 0.00631500
v -0.03571900 0.12553800 0.00631500
v -0.06662500 0.12544100 0.00596500
v -0.03571900 0.12547800 0.00596500
v -0.06662500 0.12568300 0.00536900
v -0.03571900 0.12572100 0.00536900
v -0.03571900 0.12553800 0.00561400
v -0.06662500 0.12550100 0.00561400
v 0.00133900 0.12576500 0.00536900
v 0.00133900 0.12558300 0.00561400
v 0.03839700 0.12581000 0.00536900
v 0.06930300 0.12584700 0.00536900
v 0.06930300 0.12566500 0.00561400
v 0.03839700 0.12562800 0.00561400
v 0.03839600 0.12611300 0.00533400
v 0.06930200 0.12615000 0.00533400
v 0.00133900 0.12606900 0.00533400
v 0.03839600 0.12644700 0.00545700
v 0.06930200 0.12648400 0.00545700
v 0.00133800 0.12640200 0.00545700
v -0.06662500 0.12598700 0.00533400
v -0.03571900 0.12602400 0.00533400
v -0.06662600 0.12632100 0.00545700
v -0.03572000 0.12635800 0.00545700
v -0.03572000 0.12663100 0.00568400
v -0.06662600 0.12659400 0.00568400
v 0.00133800 0.12667500 0.00568400
v 0.06930100 0.12675700 0.00568400
v 0.03839600 0.12672000 0.00568400
v 0.10050100 0.12600700 0.00634900
v 0.10052700 0.12590100 0.00619800
v 0.10057500 0.12610500 0.00617900
v 0.10052700 0.12619000 0.00636500
v 0.10054000 0.12584200 0.00596500
v 0.10059100 0.12604500 0.00596500
v 0.10059100 0.12632000 0.00612300
v 0.10053900 0.12642100 0.00629900
v 0.10059600 0.12622800 0.00596500
v 0.10052700 0.12590100 0.00573100
v 0.10050100 0.12600700 0.00558100
v 0.10052700 0.12619000 0.00556500
v 0.10057500 0.12610500 0.00575100
v 0.10053900 0.12642100 0.00563000
v 0.10059100 0.12632000 0.00580600
v 0.10050000 0.12667200 0.00596500
v 0.10052600 0.12659400 0.00613100
v 0.10057400 0.12647600 0.00596500
v 0.10052600 0.12659400 0.00579800
v -0.09782400 0.12576800 0.00558100
v -0.09784900 0.12566300 0.00573100
v -0.09789800 0.12586600 0.00575100
v -0.09785000 0.12595100 0.00556500
v -0.09786200 0.12560400 0.00596500
v -0.09791400 0.12580600 0.00596500
v -0.09791400 0.12608100 0.00580600
v -0.09786300 0.12618300 0.00563000
v -0.09791900 0.12599000 0.00596500
v -0.09785000 0.12566300 0.00619800
v -0.09782400 0.12576800 0.00634900
v -0.09785000 0.12595100 0.00636500
v -0.09789800 0.12586600 0.00617900
v -0.09786300 0.12618300 0.00629900
v -0.09791400 0.12608100 0.00612300
v -0.09782400 0.12643300 0.00596500
v -0.09785000 0.12635600 0.00579800
v -0.09789800 0.12623700 0.00596500
v -0.09785000 0.12635600 0.00613100
v 0.07827000 0.15042000 0.00596500
v 0.04270600 0.15038300 0.00596500
v 0.04270600 0.15026200 0.00624500
v 0.07827000 0.15029900 0.00624500
v 0.00005800 0.15033800 0.00596500
v 0.00005800 0.15021700 0.00624500
v 0.04270600 0.14998900 0.00647300
v 0.07827000 0.15002600 0.00647300
v 0.00005900 0.14994400 0.00647300
v -0.04259000 0.15029400 0.00596500
v -0.07815400 0.15025700 0.00596500
v -0.07815300 0.15013500 0.00624500
v -0.04258900 0.15017300 0.00624500
v -0.07815300 0.14986200 0.00647300
v -0.04258900 0.14989900 0.00647300
v -0.07815200 0.14922500 0.00656000
v -0.04258800 0.14926200 0.00656000
v -0.04258900 0.14956600 0.00659500
v -0.07815300 0.14952800 0.00659500
v 0.00005900 0.14930700 0.00656000
v 0.00005900 0.14961000 0.00659500
v 0.04270700 0.14935100 0.00656000
v 0.07827100 0.14938900 0.00656000
v 0.07827100 0.14969200 0.00659500
v 0.04270700 0.14965500 0.00659500
v 0.04270700 0.14916900 0.00631500
v 0.07827100 0.14920600 0.00631500
v 0.00006000 0.14912500 0.00631500
v 0.04270700 0.14910900 0.00596500
v 0.07827100 0.14914600 0.00596500
v 0.00006000 0.14906400 0.00596500
v -0.07815200 0.14904300 0.00631500
v -0.04258800 0.14908000 0.00631500
v -0.07815200 0.14898200 0.00596500
v -0.04258800 0.14901900 0.00596500
v -0.07815200 0.14922500 0.00536900
v -0.04258800 0.14926200 0.00536900
v -0.04258800 0.14908000 0.00561400
v -0.07815200 0.14904300 0.00561400
v 0.00005900 0.14930700 0.00536900
v 0.00006000 0.14912500 0.00561400
v 0.04270700 0.14935100 0.00536900
v 0.07827100 0.14938900 0.00536900
v 0.07827100 0.14920600 0.00561400
v 0.04270700 0.14916900 0.00561400
v 0.04270700 0.14965500 0.00533400
v 0.07827100 0.14969200 0.00533400
v 0.00005900 0.14961000 0.00533400
v 0.04270600 0.14998900 0.00545700
v 0.07827000 0.15002600 0.00545700
v 0.00005900 0.14994400 0.00545700
v -0.07815300 0.14952800 0.00533400
v -0.04258900 0.14956600 0.00533400
v -0.07815300 0.14986200 0.00545700
v -0.04258900 0.14989900 0.00545700
v -0.04258900 0.15017300 0.00568400
v -0.07815300 0.15013500 0.00568400
v 0.00005800 0.15021700 0.00568400
v 0.07827000 0.15029900 0.00568400
v 0.04270600 0.15026200 0.00568400
v 0.11412800 0.14954800 0.00634900
v 0.11415400 0.14944300 0.00619800
v 0.11420200 0.14964600 0.00617900
v 0.11415400 0.14973100 0.00636500
v 0.11416700 0.14938400 0.00596500
v 0.11421800 0.14958700 0.00596500
v 0.11421700 0.14986200 0.00612300
v 0.11416600 0.14996300 0.00629900
v 0.11422300 0.14977000 0.00596500
v 0.11415400 0.14944300 0.00573100
v 0.11412800 0.14954800 0.00558100
v 0.11415400 0.14973100 0.00556500
v 0.11420200 0.14964600 0.00575100
v 0.11416600 0.14996300 0.00563000
v 0.11421700 0.14986200 0.00580600
v 0.11412700 0.15021400 0.00596500
v 0.11415300 0.15013600 0.00613100
v 0.11420100 0.15001700 0.00596500
v 0.11415300 0.15013600 0.00579800
v -0.11400900 0.14931000 0.00558100
v -0.11403500 0.14920400 0.00573100
v -0.11408300 0.14940800 0.00575100
v -0.11403600 0.14949300 0.00556500
v -0.11404800 0.14914500 0.00596500
v -0.11409900 0.14934800 0.00596500
v -0.11410000 0.14962300 0.00580600
v -0.11404900 0.14972400 0.00563000
v -0.11410500 0.14953100 0.00596500
v -0.11403500 0.14920400 0.00619800
v -0.11400900 0.14931000 0.00634900
v -0.11403600 0.14949300 0.00636500
v -0.11408300 0.14940800 0.00617900
v -0.11404900 0.14972400 0.00629900
v -0.11410000 0.14962300 0.00612300
v -0.11401000 0.14997500 0.00596500
v -0.11403600 0.14989700 0.00579800
v -0.11408400 0.14977900 0.00596500
v -0.11403600 0.14989700 0.00613100
v 0.08301000 0.17080900 0.00596500
v 0.04472800 0.17077200 0.00596500
v 0.04472900 0.17065000 0.00624500
v 0.08301000 0.17068800 0.00624500
v -0.00118000 0.17072700 0.00596500
v -0.00118000 0.17060600 0.00624500
v 0.04472900 0.17037700 0.00647300
v 0.08301000 0.17041400 0.00647300
v -0.00118000 0.17033300 0.00647300
v -0.04708900 0.17068300 0.00596500
v -0.08537000 0.17064500 0.00596500
v -0.08537000 0.17052400 0.00624500
v -0.04708900 0.17056100 0.00624500
v -0.08537000 0.17025100 0.00647300
v -0.04708800 0.17028800 0.00647300
v -0.08536900 0.16961400 0.00656000
v -0.04708800 0.16965100 0.00656000
v -0.04708800 0.16995400 0.00659500
v -0.08536900 0.16991700 0.00659500
v -0.00117900 0.16969500 0.00656000
v -0.00117900 0.16999900 0.00659500
v 0.04472900 0.16974000 0.00656000
v 0.08301100 0.16977700 0.00656000
v 0.08301000 0.17008100 0.00659500
v 0.04472900 0.17004300 0.00659500
v 0.04473000 0.16955800 0.00631500
v 0.08301100 0.16959500 0.00631500
v -0.00117900 0.16951300 0.00631500
v 0.04473000 0.16949700 0.00596500
v 0.08301100 0.16953400 0.00596500
v -0.00117900 0.16945300 0.00596500
v -0.08536900 0.16943200 0.00631500
v -0.04708800 0.16946900 0.00631500
v -0.08536900 0.16937100 0.00596500
v -0.04708800 0.16940800 0.00596500
v -0.08536900 0.16961400 0.00536900
v -0.04708800 0.16965100 0.00536900
v -0.04708800 0.16946900 0.00561400
v -0.08536900 0.16943200 0.00561400
v -0.00117900 0.16969500 0.00536900
v -0.00117900 0.16951300 0.00561400
v 0.04472900 0.16974000 0.00536900
v 0.08301100 0.16977700 0.00536900
v 0.08301100 0.16959500 0.00561400
v 0.04473000 0.16955800 0.00561400
v 0.04472900 0.17004300 0.00533400
v 0.08301000 0.17008100 0.00533400
v -0.00117900 0.16999900 0.00533400
v 0.04472900 0.17037700 0.00545700
v 0.08301000 0.17041400 0.00545700
v -0.00118000 0.17033300 0.00545700
v -0.08536900 0.16991700 0.00533400
v -0.04708800 0.16995400 0.00533400
v -0.08537000 0.17025100 0.00545700
v -0.04708800 0.17028800 0.00545700
v -0.04708900 0.17056100 0.00568400
v -0.08537000 0.17052400 0.00568400
v -0.00118000 0.17060600 0.00568400
v 0.08301000 0.17068800 0.00568400
v 0.04472900 0.17065000 0.00568400
v 0.12158500 0.16993700 0.00634900
v 0.12161100 0.16983200 0.00619800
v 0.12165900 0.17003500 0.00617900
v 0.12161100 0.17012000 0.00636500
v 0.12162400 0.16977300 0.00596500
v 0.12167500 0.16997600 0.00596500
v 0.12167400 0.17025000 0.00612300
v 0.12162300 0.17035200 0.00629900
v 0.12168000 0.17015900 0.00596500
v 0.12161100 0.16983200 0.00573100
v 0.12158500 0.16993700 0.00558100
v 0.12161100 0.17012000 0.00556500
v 0.12165900 0.17003500 0.00575100
v 0.12162300 0.17035200 0.00563000
v 0.12167400 0.17025000 0.00580600
v 0.12158400 0.17060200 0.00596500
v 0.12161000 0.17052500 0.00613100
v 0.12165800 0.17040600 0.00596500
v 0.12161000 0.17052500 0.00579800
v -0.12394300 0.16969800 0.00558100
v -0.12396900 0.16959300 0.00573100
v -0.12401700 0.16979600 0.00575100
v -0.12397000 0.16988100 0.00556500
v -0.12398200 0.16953400 0.00596500
v -0.12403300 0.16973700 0.00596500
v -0.12403400 0.17001200 0.00580600
v -0.12398300 0.17011300 0.00563000
v -0.12403900 0.16992000 0.00596500
v -0.12396900 0.16959300 0.00619800
v -0.12394300 0.16969800 0.00634900
v -0.12397000 0.16988100 0.00636500
v -0.12401700 0.16979600 0.00617900
v -0.12398300 0.17011300 0.00629900
v -0.12403400 0.17001200 0.00612300
v -0.12394400 0.17036400 0.00596500
v -0.12397000 0.17028600 0.00579800
v -0.12401800 0.17016700 0.00596500
v -0.12397000 0.17028600 0.00613100
v 0.08776500 0.18507200 0.00596500
v 0.04802800 0.18503500 0.00596500
v 0.04802800 0.18491400 0.00624500
v 0.08776500 0.18495100 0.00624500
v 0.00037300 0.18499000 0.00596500
v 0.00037300 0.18486900 0.00624500
v 0.04802900 0.18464100 0.00647300
v 0.08776500 0.18467800 0.00647300
v 0.00037300 0.18459600 0.00647300
v -0.04728200 0.18494600 0.00596500
v -0.08701900 0.18490900 0.00596500
v -0.08701900 0.18478700 0.00624500
v -0.04728200 0.18482400 0.00624500
v -0.08701900 0.18451400 0.00647300
v -0.04728200 0.18455100 0.00647300
v -0.08701800 0.18387700 0.00656100
v -0.04728100 0.18391400 0.00656100
v -0.04728100 0.18421800 0.00659600
v -0.08701800 0.18418000 0.00659600
v 0.00037400 0.18395900 0.00656000
v 0.00037400 0.18426200 0.00659600
v 0.04802900 0.18400300 0.00656000
v 0.08776600 0.18404100 0.00656000
v 0.08776600 0.18434400 0.00659500
v 0.04802900 0.18430700 0.00659600
v 0.04802900 0.18382100 0.00631500
v 0.08776600 0.18385900 0.00631500
v 0.00037400 0.18377700 0.00631500
v 0.04802900 0.18376100 0.00596500
v 0.08776600 0.18379800 0.00596500
v 0.00037400 0.18371600 0.00596500
v -0.08701800 0.18369500 0.00631500
v -0.04728100 0.18373200 0.00631500
v -0.08701800 0.18363400 0.00596500
v -0.04728100 0.18367100 0.00596500
v -0.08701800 0.18387700 0.00536900
v -0.04728100 0.18391400 0.00536900
v -0.04728100 0.18373200 0.00561400
v -0.08701800 0.18369500 0.00561400
v 0.00037400 0.18395900 0.00536900
v 0.00037400 0.18377700 0.00561400
v 0.04802900 0.18400300 0.00536900
v 0.08776600 0.18404100 0.00536900
v 0.08776600 0.18385900 0.00561400
v 0.04802900 0.18382100 0.00561400
v 0.04802900 0.18430700 0.00533400
v 0.08776600 0.18434400 0.00533400
v 0.00037400 0.18426200 0.00533400
v 0.04802900 0.18464100 0.00545700
v 0.08776500 0.18467800 0.00545700
v 0.00037400 0.18459600 0.00545700
v -0.08701800 0.18418000 0.00533400
v -0.04728100 0.18421800 0.00533400
v -0.08701800 0.18451400 0.00545700
v -0.04728200 0.18455100 0.00545700
v -0.04728200 0.18482400 0.00568400
v -0.08701900 0.18478700 0.00568400
v 0.00037300 0.18486900 0.00568400
v 0.08776500 0.18495100 0.00568400
v 0.04802800 0.18491400 0.00568400
v 0.12779600 0.18420000 0.00634900
v 0.12782200 0.18409500 0.00619800
v 0.12786900 0.18429800 0.00617900
v 0.12782100 0.18438300 0.00636500
v 0.12783500 0.18403600 0.00596500
v 0.12788500 0.18423900 0.00596500
v 0.12788500 0.18451400 0.00612300
v 0.12783400 0.18461500 0.00629900
v 0.12789100 0.18442200 0.00596500
v 0.12782200 0.18409500 0.00573100
v 0.12779600 0.18420000 0.00558100
v 0.12782100 0.18438300 0.00556500
v 0.12786900 0.18429800 0.00575100
v 0.12783400 0.18461500 0.00563000
v 0.12788500 0.18451400 0.00580600
v 0.12779500 0.18486600 0.00596500
v 0.12782100 0.18478800 0.00613100
v 0.12786900 0.18466900 0.00596500
v 0.12782100 0.18478800 0.00579800
v -0.12704700 0.18396200 0.00558100
v -0.12707300 0.18385600 0.00573100
v -0.12712100 0.18406000 0.00575100
v -0.12707400 0.18414500 0.00556500
v -0.12708600 0.18379700 0.00596500
v -0.12713800 0.18400000 0.00596500
v -0.12713800 0.18427500 0.00580600
v -0.12708700 0.18437600 0.00563000
v -0.12714300 0.18418300 0.00596500
v -0.12707400 0.18385600 0.00619800
v -0.12704800 0.18396200 0.00634900
v -0.12707400 0.18414500 0.00636500
v -0.12712200 0.18406000 0.00617900
v -0.12708700 0.18437600 0.00629900
v -0.12713800 0.18427500 0.00612300
v -0.12704800 0.18462700 0.00596500
v -0.12707400 0.18454900 0.00579800
v -0.12712200 0.18443100 0.00596500
v -0.12707400 0.18454900 0.00613100
v 0.09112700 0.19988400 0.00596500
v 0.04915800 0.19984700 0.00596500
v 0.04915800 0.19972600 0.00624500
v 0.09112700 0.19976300 0.00624500
v -0.00117600 0.19980200 0.00596500
v -0.00117600 0.19968100 0.00624500
v 0.04915800 0.19945200 0.00647300
v 0.09112700 0.19949000 0.00647300
v -0.00117600 0.19940800 0.00647300
v -0.05151000 0.19975800 0.00596500
v -0.09347900 0.19972000 0.00596500
v -0.09347900 0.19959900 0.00624500
v -0.05151000 0.19963600 0.00624500
v -0.09347800 0.19932600 0.00647300
v -0.05151000 0.19936300 0.00647300
v -0.09347800 0.19868900 0.00656000
v -0.05150900 0.19872600 0.00656000
v -0.05150900 0.19902900 0.00659500
v -0.09347800 0.19899200 0.00659500
v -0.00117500 0.19877100 0.00656000
v -0.00117500 0.19907400 0.00659500
v 0.04915900 0.19881500 0.00656000
v 0.09112700 0.19885200 0.00656000
v 0.09112700 0.19915600 0.00659500
v 0.04915800 0.19911900 0.00659500
v 0.04915900 0.19863300 0.00631500
v 0.09112800 0.19867000 0.00631500
v -0.00117500 0.19858800 0.00631500
v 0.04915900 0.19857200 0.00596500
v 0.09112800 0.19861000 0.00596500
v -0.00117500 0.19852800 0.00596500
v -0.09347800 0.19850700 0.00631500
v -0.05150900 0.19854400 0.00631500
v -0.09347800 0.19844600 0.00596500
v -0.05150900 0.19848300 0.00596500
v -0.09347800 0.19868900 0.00536900
v -0.05150900 0.19872600 0.00536900
v -0.05150900 0.19854400 0.00561400
v -0.09347800 0.19850700 0.00561400
v -0.00117500 0.19877100 0.00536900
v -0.00117500 0.19858800 0.00561400
v 0.04915900 0.19881500 0.00536900
v 0.09112700 0.19885200 0.00536900
v 0.09112800 0.19867000 0.00561400
v 0.04915900 0.19863300 0.00561400
v 0.04915800 0.19911900 0.00533400
v 0.09112700 0.19915600 0.00533400
v -0.00117500 0.19907400 0.00533400
v 0.04915800 0.19945200 0.00545700
v 0.09112700 0.19949000 0.00545700
v -0.00117600 0.19940800 0.00545700
v -0.09347800 0.19899200 0.00533400
v -0.05150900 0.19902900 0.00533400
v -0.09347800 0.19932600 0.00545700
v -0.05151000 0.19936300 0.00545700
v -0.05151000 0.19963600 0.00568400
v -0.09347900 0.19959900 0.00568400
v -0.00117600 0.19968100 0.00568400
v 0.09112700 0.19976300 0.00568400
v 0.04915800 0.19972600 0.00568400
v 0.13338900 0.19901200 0.00634900
v 0.13341500 0.19890700 0.00619800
v 0.13346300 0.19911000 0.00617900
v 0.13341500 0.19919500 0.00636500
v 0.13342800 0.19884800 0.00596500
v 0.13347900 0.19905100 0.00596500
v 0.13347900 0.19932500 0.00612300
v 0.13342800 0.19942700 0.00629900
v 0.13348400 0.19923400 0.00596500
v 0.13341500 0.19890700 0.00573100
v 0.13338900 0.19901200 0.00558100
v 0.13341500 0.19919500 0.00556500
v 0.13346300 0.19911000 0.00575100
v 0.13342800 0.19942700 0.00563000
v 0.13347900 0.19932500 0.00580600
v 0.13338900 0.19967700 0.00596500
v 0.13341500 0.19960000 0.00613100
v 0.13346300 0.19948100 0.00596500
v 0.13341500 0.19960000 0.00579800
v -0.13574000 0.19877300 0.00558100
v -0.13576600 0.19866800 0.00573100
v -0.13581400 0.19887100 0.00575100
v -0.13576600 0.19895600 0.00556500
v -0.13577900 0.19860900 0.00596500
v -0.13583000 0.19881200 0.00596500
v -0.13583000 0.19908700 0.00580600
v -0.13577900 0.19918800 0.00563000
v -0.13583500 0.19899500 0.00596500
v -0.13576600 0.19866800 0.00619800
v -0.13574000 0.19877300 0.00634900
v -0.13576600 0.19895600 0.00636500
v -0.13581400 0.19887100 0.00617900
v -0.13577900 0.19918800 0.00629900
v -0.13583000 0.19908700 0.00612300
v -0.13574000 0.19943900 0.00596500
v -0.13576600 0.19936100 0.00579800
v -0.13581400 0.19924200 0.00596500
v -0.13576600 0.19936100 0.00613100
v 0.09440600 0.21529500 0.00596500
v 0.05137000 0.21525800 0.00596500
v 0.05137000 0.21513600 0.00624500
v 0.09440600 0.21517300 0.00624500
v -0.00024400 0.21521300 0.00596500
v -0.00024400 0.21509200 0.00624500
v 0.05137000 0.21486300 0.00647300
v 0.09440700 0.21490000 0.00647300
v -0.00024400 0.21481800 0.00647300
v -0.05185900 0.21516800 0.00596500
v -0.09489500 0.21513100 0.00596500
v -0.09489500 0.21501000 0.00624500
v -0.05185900 0.21504700 0.00624500
v -0.09489500 0.21473700 0.00647300
v -0.05185900 0.21477400 0.00647300
v -0.09489400 0.21409900 0.00656000
v -0.05185800 0.21413700 0.00656000
v -0.05185800 0.21444000 0.00659500
v -0.09489400 0.21440300 0.00659500
v -0.00024400 0.21418100 0.00656000
v -0.00024400 0.21448500 0.00659500
v 0.05137100 0.21422600 0.00656000
v 0.09440700 0.21426300 0.00656000
v 0.09440700 0.21456700 0.00659500
v 0.05137100 0.21452900 0.00659500
v 0.05137100 0.21404400 0.00631500
v 0.09440700 0.21408100 0.00631500
v -0.00024300 0.21399900 0.00631500
v 0.05137100 0.21398300 0.00596500
v 0.09440700 0.21402000 0.00596500
v -0.00024300 0.21393900 0.00596500
v -0.09489400 0.21391700 0.00631500
v -0.05185800 0.21395500 0.00631500
v -0.09489400 0.21385700 0.00596500
v -0.05185800 0.21389400 0.00596500
v -0.09489400 0.21409900 0.00536900
v -0.05185800 0.21413700 0.00536900
v -0.05185800 0.21395500 0.00561400
v -0.09489400 0.21391700 0.00561400
v -0.00024400 0.21418100 0.00536900
v -0.00024300 0.21399900 0.00561400
v 0.05137100 0.21422600 0.00536900
v 0.09440700 0.21426300 0.00536900
v 0.09440700 0.21408100 0.00561400
v 0.05137100 0.21404400 0.00561400
v 0.05137100 0.21452900 0.00533400
v 0.09440700 0.21456700 0.00533400
v -0.00024400 0.21448500 0.00533400
v 0.05137000 0.21486300 0.00545700
v 0.09440700 0.21490000 0.00545700
v -0.00024400 0.21481800 0.00545700
v -0.09489400 0.21440300 0.00533400
v -0.05185800 0.21444000 0.00533400
v -0.09489500 0.21473700 0.00545700
v -0.05185900 0.21477400 0.00545700
v -0.05185900 0.21504700 0.00568400
v -0.09489500 0.21501000 0.00568400
v -0.00024400 0.21509200 0.00568400
v 0.09440600 0.21517300 0.00568400
v 0.05137000 0.21513600 0.00568400
v 0.13773600 0.21442300 0.00634900
v 0.13776200 0.21431700 0.00619800
v 0.13781000 0.21452100 0.00617900
v 0.13776200 0.21460600 0.00636500
v 0.13777500 0.21425800 0.00596500
v 0.13782600 0.21446100 0.00596500
v 0.13782600 0.21473600 0.00612300
v 0.13777500 0.21483800 0.00629900
v 0.13783100 0.21464500 0.00596500
v 0.13776200 0.21431700 0.00573100
v 0.13773600 0.21442300 0.00558100
v 0.13776200 0.21460600 0.00556500
v 0.13781000 0.21452100 0.00575100
v 0.13777500 0.21483800 0.00563000
v 0.13782600 0.21473600 0.00580600
v 0.13773600 0.21508800 0.00596500
v 0.13776200 0.21501000 0.00613100
v 0.13781000 0.21489200 0.00596500
v 0.13776200 0.21501000 0.00579800
v -0.13822300 0.21418400 0.00558100
v -0.13824900 0.21407900 0.00573100
v -0.13829700 0.21428200 0.00575100
v -0.13824900 0.21436700 0.00556500
v -0.13826200 0.21402000 0.00596500
v -0.13831300 0.21422300 0.00596500
v -0.13831400 0.21449700 0.00580600
v -0.13826300 0.21459900 0.00563000
v -0.13831900 0.21440600 0.00596500
v -0.13824900 0.21407900 0.00619800
v -0.13822300 0.21418400 0.00634900
v -0.13824900 0.21436700 0.00636500
v -0.13829700 0.21428200 0.00617900
v -0.13826300 0.21459900 0.00629900
v -0.13831400 0.21449700 0.00612300
v -0.13822400 0.21484900 0.00596500
v -0.13825000 0.21477200 0.00579800
v -0.13829800 0.21465300 0.00596500
v -0.13825000 0.21477200 0.00613100
v 0.09434800 0.23122500 0.00596500
v 0.05063300 0.23118800 0.00596500
v 0.05063300 0.23106600 0.00624500
v 0.09434800 0.23110300 0.00624500
v -0.00179600 0.23114300 0.00596500
v -0.00179600 0.23102200 0.00624500
v 0.05063300 0.23079300 0.00647300
v 0.09434900 0.23083000 0.00647300
v -0.00179600 0.23074900 0.00647300
v -0.05422600 0.23109800 0.00596500
v -0.09794100 0.23106100 0.00596500
v -0.09794100 0.23094000 0.00624500
v -0.05422600 0.23097700 0.00624500
v -0.09794100 0.23066700 0.00647300
v -0.05422500 0.23070400 0.00647300
v -0.09794000 0.23002900 0.00656000
v -0.05422500 0.23006700 0.00656000
v -0.05422500 0.23037000 0.00659500
v -0.09794100 0.23033300 0.00659500
v -0.00179600 0.23011100 0.00656000
v -0.00179600 0.23041500 0.00659500
v 0.05063400 0.23015600 0.00656000
v 0.09434900 0.23019300 0.00656000
v 0.09434900 0.23049700 0.00659500
v 0.05063300 0.23045900 0.00659500
v 0.05063400 0.22997400 0.00631500
v 0.09434900 0.23001100 0.00631500
v -0.00179500 0.22992900 0.00631500
v 0.05063400 0.22991300 0.00596500
v 0.09434900 0.22995000 0.00596500
v -0.00179500 0.22986900 0.00596500
v -0.09794000 0.22984700 0.00631500
v -0.05422500 0.22988500 0.00631500
v -0.09794000 0.22978700 0.00596500
v -0.05422500 0.22982400 0.00596500
v -0.09794000 0.23002900 0.00536900
v -0.05422500 0.23006700 0.00536900
v -0.05422500 0.22988500 0.00561400
v -0.09794000 0.22984700 0.00561400
v -0.00179600 0.23011100 0.00536900
v -0.00179500 0.22992900 0.00561400
v 0.05063400 0.23015600 0.00536900
v 0.09434900 0.23019300 0.00536900
v 0.09434900 0.23001100 0.00561400
v 0.05063400 0.22997400 0.00561400
v 0.05063300 0.23045900 0.00533400
v 0.09434900 0.23049700 0.00533400
v -0.00179600 0.23041500 0.00533400
v 0.05063300 0.23079300 0.00545700
v 0.09434900 0.23083000 0.00545700
v -0.00179600 0.23074900 0.00545700
v -0.09794100 0.23033300 0.00533400
v -0.05422500 0.23037000 0.00533400
v -0.09794100 0.23066700 0.00545700
v -0.05422500 0.23070400 0.00545700
v -0.05422600 0.23097700 0.00568400
v -0.09794100 0.23094000 0.00568400
v -0.00179600 0.23102200 0.00568400
v 0.09434800 0.23110300 0.00568400
v 0.05063300 0.23106600 0.00568400
v 0.13835700 0.23035300 0.00634900
v 0.13838300 0.23024700 0.00619800
v 0.13843100 0.23045100 0.00617900
v 0.13838300 0.23053600 0.00636500
v 0.13839600 0.23018800 0.00596500
v 0.13844700 0.23039100 0.00596500
v 0.13844700 0.23066600 0.00612300
v 0.13839600 0.23076800 0.00629900
v 0.13845200 0.23057500 0.00596500
v 0.13838300 0.23024700 0.00573100
v 0.13835700 0.23035300 0.00558100
v 0.13838300 0.23053600 0.00556500
v 0.13843100 0.23045100 0.00575100
v 0.13839600 0.23076800 0.00563000
v 0.13844700 0.23066600 0.00580600
v 0.13835600 0.23101800 0.00596500
v 0.13838300 0.23094000 0.00613100
v 0.13843100 0.23082200 0.00596500
v 0.13838300 0.23094000 0.00579800
v -0.14194800 0.23011400 0.00558100
v -0.14197400 0.23000900 0.00573100
v -0.14202200 0.23021200 0.00575100
v -0.14197500 0.23029700 0.00556500
v -0.14198700 0.22995000 0.00596500
v -0.14203800 0.23015300 0.00596500
v -0.14203900 0.23042700 0.00580600
v -0.14198800 0.23052900 0.00563000
v -0.14204400 0.23033600 0.00596500
v -0.14197400 0.23000900 0.00619800
v -0.14194800 0.23011400 0.00634900
v -0.14197500 0.23029700 0.00636500
v -0.14202200 0.23021200 0.00617900
v -0.14198800 0.23052900 0.00629900
v -0.14203900 0.23042700 0.00612300
v -0.14194900 0.23077900 0.00596500
v -0.14197500 0.23070200 0.00579800
v -0.14202300 0.23058300 0.00596500
v -0.14197500 0.23070200 0.00613100
v -0.00545600 0.14082500 0.00596500
v -0.00517500 0.10742800 0.00596500
v -0.00505300 0.10742900 0.00624500
v -0.00533500 0.14082600 0.00624500
v -0.00500100 0.09055100 0.00596500
v -0.00488700 0.09054700 0.00623600
v -0.00478000 0.10743200 0.00647300
v -0.00506200 0.14082800 0.00647300
v -0.00462800 0.09054400 0.00645600
v -0.00485900 0.08474700 0.00596500
v -0.00476500 0.08472600 0.00621000
v -0.00454900 0.08470600 0.00640400
v -0.00401400 0.08475400 0.00645200
v -0.00427300 0.08473000 0.00649400
v -0.00401600 0.09056000 0.00653300
v -0.00430900 0.09055200 0.00657000
v -0.00414300 0.10743700 0.00656000
v -0.00442500 0.14083400 0.00656000
v -0.00472800 0.14083100 0.00659500
v -0.00444700 0.10743500 0.00659500
v -0.00396100 0.10743900 0.00631500
v -0.00424300 0.14083500 0.00631500
v -0.00383800 0.09055600 0.00629900
v -0.00390000 0.10743900 0.00596500
v -0.00418200 0.14083600 0.00596500
v -0.00377800 0.09055100 0.00596500
v -0.00384800 0.08473400 0.00624900
v -0.00378900 0.08471300 0.00596500
v -0.00401400 0.08475400 0.00547700
v -0.00384800 0.08473400 0.00568100
v -0.00401600 0.09056000 0.00539600
v -0.00383800 0.09055600 0.00563100
v -0.00414300 0.10743700 0.00536900
v -0.00442500 0.14083400 0.00536900
v -0.00424300 0.14083500 0.00561400
v -0.00396100 0.10743900 0.00561400
v -0.00444700 0.10743500 0.00533400
v -0.00472800 0.14083100 0.00533400
v -0.00430900 0.09055200 0.00535900
v -0.00478000 0.10743200 0.00545700
v -0.00506200 0.14082800 0.00545700
v -0.00462800 0.09054400 0.00547400
v -0.00427300 0.08473000 0.00543500
v -0.00454900 0.08470600 0.00552600
v -0.00476500 0.08472600 0.00571900
v -0.00488700 0.09054700 0.00569300
v -0.00533500 0.14082600 0.00568400
v -0.00505300 0.10742900 0.00568400
v -0.01747900 0.14052300 0.00596500
v -0.01688800 0.10730000 0.00596500
v -0.01676700 0.10730200 0.00624500
v -0.01735700 0.14052500 0.00624500
v -0.01655900 0.09051200 0.00596500
v -0.01644400 0.09050800 0.00623600
v -0.01649400 0.10730700 0.00647300
v -0.01708400 0.14053000 0.00647300
v -0.01618500 0.09050700 0.00645600
v -0.01636200 0.08473800 0.00596500
v -0.01626900 0.08471800 0.00621000
v -0.01605200 0.08470100 0.00640400
v -0.01551800 0.08475300 0.00645200
v -0.01577700 0.08472700 0.00649400
v -0.01557400 0.09052900 0.00653300
v -0.01586600 0.09051800 0.00657000
v -0.01585700 0.10731800 0.00656000
v -0.01644700 0.14054100 0.00656000
v -0.01675100 0.14053500 0.00659500
v -0.01616000 0.10731300 0.00659500
v -0.01567500 0.10732200 0.00631500
v -0.01626500 0.14054400 0.00631500
v -0.01539600 0.09052700 0.00629900
v -0.01561400 0.10732300 0.00596500
v -0.01620500 0.14054500 0.00596500
v -0.01533500 0.09052300 0.00596500
v -0.01535200 0.08473500 0.00624900
v -0.01529200 0.08471400 0.00596500
v -0.01551800 0.08475400 0.00547700
v -0.01535200 0.08473500 0.00568100
v -0.01557400 0.09052900 0.00539600
v -0.01539600 0.09052700 0.00563100
v -0.01585700 0.10731900 0.00536900
v -0.01644700 0.14054100 0.00536900
v -0.01626500 0.14054400 0.00561400
v -0.01567500 0.10732200 0.00561400
v -0.01616000 0.10731300 0.00533400
v -0.01675100 0.14053600 0.00533400
v -0.01586600 0.09051900 0.00535900
v -0.01649400 0.10730800 0.00545700
v -0.01708400 0.14053000 0.00545700
v -0.01618500 0.09050800 0.00547400
v -0.01577700 0.08472700 0.00543500
v -0.01605200 0.08470100 0.00552600
v -0.01626900 0.08471900 0.00571900
v -0.01644400 0.09050900 0.00569300
v -0.01735700 0.14052500 0.00568400
v -0.01676700 0.10730300 0.00568400
v -0.02822500 0.14005300 0.00596500
v -0.02739200 0.10710400 0.00596500
v -0.02727100 0.10710700 0.00624500
v -0.02810400 0.14005600 0.00624500
v -0.02694000 0.09045400 0.00596500
v -0.02682500 0.09045200 0.00623600
v -0.02699700 0.10711400 0.00647300
v -0.02783100 0.14006300 0.00647300
v -0.02656600 0.09045300 0.00645600
v -0.02670100 0.08472900 0.00596500
v -0.02660700 0.08471000 0.00621000
v -0.02639100 0.08469400 0.00640400
v -0.02585700 0.08475000 0.00645200
v -0.02611500 0.08472200 0.00649400
v -0.02595500 0.09047900 0.00653300
v -0.02624700 0.09046600 0.00657000
v -0.02636000 0.10713000 0.00656000
v -0.02719400 0.14007900 0.00656000
v -0.02749700 0.14007200 0.00659500
v -0.02666400 0.10712300 0.00659500
v -0.02617800 0.10713500 0.00631500
v -0.02701200 0.14008400 0.00631500
v -0.02577700 0.09047800 0.00629900
v -0.02611800 0.10713700 0.00596500
v -0.02695100 0.14008500 0.00596500
v -0.02571600 0.09047400 0.00596500
v -0.02569100 0.08473300 0.00624900
v -0.02563100 0.08471300 0.00596500
v -0.02585700 0.08475000 0.00547700
v -0.02569100 0.08473300 0.00568100
v -0.02595500 0.09047900 0.00539600
v -0.02577700 0.09047800 0.00563100
v -0.02636000 0.10713000 0.00536900
v -0.02719400 0.14007900 0.00536900
v -0.02701200 0.14008400 0.00561400
v -0.02617800 0.10713500 0.00561400
v -0.02666400 0.10712300 0.00533400
v -0.02749700 0.14007200 0.00533400
v -0.02624700 0.09046600 0.00535900
v -0.02699700 0.10711400 0.00545700
v -0.02783100 0.14006300 0.00545700
v -0.02656600 0.09045300 0.00547400
v -0.02611500 0.08472200 0.00543500
v -0.02639100 0.08469400 0.00552600
v -0.02660700 0.08471000 0.00571900
v -0.02682500 0.09045200 0.00569300
v -0.02810400 0.14005600 0.00568400
v -0.02727100 0.10710700 0.00568400
v -0.03945700 0.13913100 0.00596500
v -0.03838000 0.10672200 0.00596500
v -0.03825900 0.10672600 0.00624500
v -0.03933500 0.13913500 0.00624500
v -0.03780500 0.09034500 0.00596500
v -0.03769100 0.09034400 0.00623600
v -0.03798600 0.10673500 0.00647300
v -0.03906200 0.13914400 0.00647300
v -0.03743200 0.09034700 0.00645600
v -0.03752400 0.08471400 0.00596500
v -0.03743000 0.08469700 0.00621000
v -0.03721400 0.08468300 0.00640400
v -0.03668000 0.08474300 0.00645200
v -0.03693800 0.08471300 0.00649400
v -0.03682100 0.09037800 0.00653300
v -0.03711300 0.09036300 0.00657000
v -0.03734900 0.10675600 0.00656000
v -0.03842500 0.13916500 0.00656000
v -0.03872900 0.13915500 0.00659500
v -0.03765200 0.10674600 0.00659500
v -0.03716700 0.10676200 0.00631500
v -0.03824300 0.13917100 0.00631500
v -0.03664300 0.09037800 0.00629900
v -0.03710600 0.10676400 0.00596500
v -0.03818300 0.13917300 0.00596500
v -0.03658200 0.09037500 0.00596500
v -0.03651400 0.08472700 0.00624900
v -0.03645400 0.08470800 0.00596500
v -0.03668000 0.08474300 0.00547700
v -0.03651400 0.08472700 0.00568100
v -0.03682100 0.09037800 0.00539600
v -0.03664300 0.09037800 0.00563100
v -0.03734900 0.10675600 0.00536900
v -0.03842500 0.13916500 0.00536900
v -0.03824300 0.13917100 0.00561400
v -0.03716700 0.10676200 0.00561400
v -0.03765200 0.10674600 0.00533400
v -0.03872900 0.13915500 0.00533400
v -0.03711300 0.09036300 0.00535900
v -0.03798600 0.10673500 0.00545700
v -0.03906200 0.13914400 0.00545700
v -0.03743200 0.09034700 0.00547400
v -0.03693800 0.08471300 0.00543500
v -0.03721400 0.08468300 0.00552600
v -0.03743000 0.08469700 0.00571900
v -0.03769100 0.09034400 0.00569300
v -0.03933500 0.13913500 0.00568400
v -0.03825900 0.10672600 0.00568400
v -0.05042200 0.13853300 0.00596500
v -0.04910200 0.10647300 0.00596500
v -0.04898000 0.10647800 0.00624500
v -0.05030100 0.13853800 0.00624500
v -0.04840300 0.09027300 0.00596500
v -0.04828900 0.09027200 0.00623600
v -0.04870700 0.10648900 0.00647300
v -0.05002800 0.13855000 0.00647300
v -0.04803000 0.09027800 0.00645600
v -0.04808000 0.08470400 0.00596500
v -0.04798600 0.08468700 0.00621000
v -0.04776900 0.08467500 0.00640400
v -0.04723600 0.08473800 0.00645200
v -0.04749400 0.08470700 0.00649400
v -0.04741900 0.09031300 0.00653300
v -0.04771100 0.09029600 0.00657000
v -0.04807100 0.10651600 0.00656000
v -0.04939100 0.13857600 0.00656000
v -0.04969400 0.13856300 0.00659500
v -0.04837400 0.10650300 0.00659500
v -0.04788900 0.10652300 0.00631500
v -0.04920900 0.13858300 0.00631500
v -0.04724100 0.09031500 0.00629900
v -0.04782800 0.10652600 0.00596500
v -0.04914900 0.13858600 0.00596500
v -0.04718000 0.09031300 0.00596500
v -0.04707000 0.08472400 0.00624900
v -0.04700900 0.08470600 0.00596500
v -0.04723600 0.08473800 0.00547700
v -0.04707000 0.08472400 0.00568100
v -0.04741900 0.09031300 0.00539600
v -0.04724100 0.09031500 0.00563100
v -0.04807100 0.10651600 0.00536900
v -0.04939100 0.13857600 0.00536900
v -0.04920900 0.13858300 0.00561400
v -0.04788900 0.10652300 0.00561400
v -0.04837400 0.10650300 0.00533400
v -0.04969400 0.13856300 0.00533400
v -0.04771100 0.09029600 0.00535900
v -0.04870700 0.10648900 0.00545700
v -0.05002800 0.13855000 0.00545700
v -0.04803000 0.09027800 0.00547400
v -0.04749400 0.08470700 0.00543500
v -0.04776900 0.08467500 0.00552600
v -0.04798600 0.08468700 0.00571900
v -0.04828900 0.09027200 0.00569300
v -0.05030100 0.13853800 0.00568400
v -0.04898000 0.10647800 0.00568400
v -0.06378700 0.13684800 0.00596500
v -0.06211800 0.10577500 0.00596500
v -0.06199700 0.10578200 0.00624500
v -0.06366500 0.13685400 0.00624500
v -0.06124400 0.09007400 0.00596500
v -0.06112900 0.09007500 0.00623600
v -0.06172400 0.10579600 0.00647300
v -0.06339300 0.13686900 0.00647300
v -0.06087100 0.09008400 0.00645600
v -0.06086100 0.08467800 0.00596500
v -0.06076600 0.08466300 0.00621000
v -0.06054900 0.08465400 0.00640400
v -0.06001700 0.08472300 0.00645200
v -0.06027500 0.08468900 0.00649400
v -0.06026000 0.09012700 0.00653300
v -0.06055200 0.09010600 0.00657000
v -0.06108800 0.10583100 0.00656000
v -0.06275600 0.13690300 0.00656000
v -0.06305900 0.13688700 0.00659500
v -0.06139100 0.10581400 0.00659500
v -0.06090600 0.10584000 0.00631500
v -0.06257400 0.13691300 0.00631500
v -0.06008200 0.09013200 0.00629900
v -0.06084600 0.10584400 0.00596500
v -0.06251400 0.13691600 0.00596500
v -0.06002200 0.09013000 0.00596500
v -0.05985100 0.08471200 0.00624900
v -0.05979000 0.08469500 0.00596500
v -0.06001700 0.08472300 0.00547700
v -0.05985100 0.08471200 0.00568100
v -0.06026000 0.09012700 0.00539600
v -0.06008200 0.09013200 0.00563100
v -0.06108800 0.10583100 0.00536900
v -0.06275600 0.13690300 0.00536900
v -0.06257400 0.13691300 0.00561400
v -0.06090600 0.10584000 0.00561400
v -0.06139100 0.10581400 0.00533400
v -0.06305900 0.13688700 0.00533400
v -0.06055200 0.09010600 0.00535900
v -0.06172400 0.10579600 0.00545700
v -0.06339300 0.13686900 0.00545700
v -0.06087100 0.09008400 0.00547400
v -0.06027500 0.08468900 0.00543500
v -0.06054900 0.08465400 0.00552600
v -0.06076600 0.08466300 0.00571900
v -0.06112900 0.09007500 0.00569300
v -0.06366500 0.13685400 0.00568400
v -0.06199700 0.10578200 0.00568400
v -0.07451100 0.13445500 0.00596500
v -0.07184200 0.10477700 0.00596500
v -0.07172100 0.10478800 0.00624500
v -0.07439000 0.13446600 0.00624500
v -0.07046300 0.08978200 0.00596500
v -0.07034800 0.08978800 0.00623600
v -0.07144900 0.10481300 0.00647300
v -0.07411800 0.13449000 0.00647300
v -0.07009000 0.08980600 0.00645600
v -0.06990500 0.08463200 0.00596500
v -0.06981100 0.08462100 0.00621000
v -0.06959400 0.08462100 0.00640400
v -0.06906400 0.08470700 0.00645200
v -0.06932100 0.08466500 0.00649400
v -0.06948200 0.08987000 0.00653300
v -0.06977200 0.08983900 0.00657000
v -0.07081500 0.10487000 0.00656000
v -0.07348300 0.13454700 0.00656000
v -0.07378500 0.13452000 0.00659500
v -0.07111700 0.10484200 0.00659500
v -0.07063300 0.10488600 0.00631500
v -0.07330200 0.13456400 0.00631500
v -0.06930400 0.08988200 0.00629900
v -0.07057300 0.10489100 0.00596500
v -0.07324100 0.13456900 0.00596500
v -0.06924300 0.08988200 0.00596500
v -0.06889700 0.08470300 0.00624900
v -0.06883600 0.08468900 0.00596500
v -0.06906400 0.08470800 0.00547700
v -0.06889700 0.08470300 0.00568100
v -0.06948200 0.08987100 0.00539600
v -0.06930400 0.08988200 0.00563100
v -0.07081500 0.10487000 0.00536900
v -0.07348300 0.13454800 0.00536900
v -0.07330200 0.13456400 0.00561400
v -0.07063300 0.10488600 0.00561400
v -0.07111700 0.10484300 0.00533400
v -0.07378500 0.13452000 0.00533400
v -0.06977200 0.08984000 0.00535900
v -0.07144900 0.10481300 0.00545700
v -0.07411800 0.13449000 0.00545700
v -0.07009000 0.08980600 0.00547400
v -0.06932100 0.08466500 0.00543500
v -0.06959400 0.08462100 0.00552600
v -0.06981100 0.08462100 0.00571900
v -0.07034800 0.08978800 0.00569300
v -0.07439000 0.13446600 0.00568400
v -0.07172100 0.10478800 0.00568400
v -0.09061000 0.14698400 0.00596500
v -0.08742100 0.12177100 0.00596500
v -0.08730000 0.12178600 0.00624500
v -0.09049000 0.14700000 0.00624500
v -0.08577800 0.10903300 0.00596500
v -0.08566400 0.10904400 0.00623600
v -0.08702900 0.12182100 0.00647300
v -0.09021900 0.14703400 0.00647300
v -0.08540700 0.10907200 0.00645600
v -0.08513100 0.10466200 0.00596500
v -0.08503600 0.10465800 0.00621000
v -0.08481900 0.10466800 0.00640400
v -0.08429300 0.10476800 0.00645200
v -0.08454800 0.10471900 0.00649400
v -0.08480100 0.10915700 0.00653300
v -0.08509000 0.10911600 0.00657000
v -0.08639700 0.12190100 0.00656000
v -0.08958700 0.14711400 0.00656000
v -0.08988800 0.14707600 0.00659500
v -0.08669800 0.12186300 0.00659500
v -0.08621700 0.12192300 0.00631500
v -0.08940600 0.14713700 0.00631500
v -0.08462400 0.10917500 0.00629900
v -0.08615600 0.12193100 0.00596500
v -0.08934600 0.14714400 0.00596500
v -0.08456300 0.10917900 0.00596500
v -0.08412600 0.10477300 0.00624900
v -0.08406500 0.10476400 0.00596500
v -0.08429300 0.10476800 0.00547700
v -0.08412600 0.10477300 0.00568100
v -0.08480100 0.10915700 0.00539600
v -0.08462400 0.10917500 0.00563100
v -0.08639700 0.12190100 0.00536900
v -0.08958700 0.14711400 0.00536900
v -0.08940600 0.14713700 0.00561400
v -0.08621700 0.12192300 0.00561400
v -0.08669800 0.12186300 0.00533400
v -0.08988800 0.14707600 0.00533400
v -0.08509000 0.10911600 0.00535900
v -0.08702900 0.12182100 0.00545700
v -0.09021900 0.14703400 0.00545700
v -0.08540700 0.10907200 0.00547400
v -0.08454800 0.10471900 0.00543500
v -0.08481900 0.10466800 0.00552600
v -0.08503600 0.10465800 0.00571900
v -0.08566400 0.10904400 0.00569300
v -0.09049000 0.14700000 0.00568400
v -0.08730000 0.12178600 0.00568400
v 0.01918000 0.32718300 0.00656000
v 0.01948300 0.32717800 0.00659500
v 0.01800700 0.26129800 0.00656000
v 0.01831000 0.26129200 0.00659500
v 0.01981700 0.32717200 0.00647300
v 0.01864400 0.26128600 0.00647300
v 0.01683300 0.19541300 0.00656000
v 0.01585400 0.14043500 0.00656000
v 0.01615800 0.14043000 0.00659500
v 0.01713700 0.19540700 0.00659500
v 0.01649200 0.14042400 0.00647300
v 0.01747100 0.19540100 0.00647300
v 0.01688600 0.14041700 0.00596500
v 0.01786500 0.19539400 0.00596500
v 0.01774400 0.19539600 0.00624500
v 0.01676500 0.14041900 0.00624500
v 0.01903800 0.26127900 0.00596500
v 0.01891700 0.26128200 0.00624500
v 0.02021100 0.32716500 0.00596500
v 0.02009000 0.32716700 0.00624500
v 0.01918000 0.32718300 0.00536900
v 0.01899800 0.32718600 0.00561400
v 0.01800700 0.26129800 0.00536900
v 0.01782500 0.26130100 0.00561400
v 0.01893700 0.32718700 0.00596500
v 0.01776400 0.26130200 0.00596500
v 0.01683300 0.19541300 0.00536900
v 0.01585400 0.14043500 0.00536900
v 0.01567200 0.14043800 0.00561400
v 0.01665100 0.19541600 0.00561400
v 0.01561200 0.14043900 0.00596500
v 0.01659100 0.19541700 0.00596500
v 0.01665100 0.19541600 0.00631500
v 0.01567200 0.14043800 0.00631500
v 0.01782500 0.26130100 0.00631500
v 0.01899800 0.32718600 0.00631500
v 0.02009000 0.32716700 0.00568400
v 0.01891700 0.26128200 0.00568400
v 0.01981700 0.32717200 0.00545700
v 0.01864400 0.26128600 0.00545700
v 0.01676500 0.14041900 0.00568400
v 0.01774400 0.19539600 0.00568400
v 0.01649200 0.14042400 0.00545700
v 0.01747100 0.19540100 0.00545700
v 0.01713700 0.19540700 0.00533400
v 0.01615800 0.14043000 0.00533400
v 0.01831000 0.26129200 0.00533400
v 0.01948300 0.32717800 0.00533400
v 0.03129200 0.32560700 0.00656000
v 0.03159600 0.32559900 0.00659500
v 0.02963700 0.26014900 0.00656000
v 0.02994000 0.26014200 0.00659500
v 0.03192900 0.32559100 0.00647300
v 0.03027400 0.26013300 0.00647300
v 0.02798200 0.19469200 0.00656000
v 0.02660100 0.14007200 0.00656000
v 0.02690400 0.14006400 0.00659500
v 0.02828500 0.19468500 0.00659500
v 0.02723800 0.14005600 0.00647300
v 0.02861900 0.19467600 0.00647300
v 0.02763200 0.14004600 0.00596500
v 0.02901300 0.19466600 0.00596500
v 0.02889200 0.19466900 0.00624500
v 0.02751100 0.14004900 0.00624500
v 0.03066900 0.26012300 0.00596500
v 0.03054700 0.26012600 0.00624500
v 0.03232400 0.32558100 0.00596500
v 0.03220200 0.32558400 0.00624500
v 0.03129200 0.32560700 0.00536900
v 0.03111000 0.32561100 0.00561400
v 0.02963700 0.26014900 0.00536900
v 0.02945500 0.26015400 0.00561400
v 0.03105000 0.32561300 0.00596500
v 0.02939400 0.26015600 0.00596500
v 0.02798200 0.19469200 0.00536900
v 0.02660100 0.14007200 0.00536900
v 0.02641900 0.14007600 0.00561400
v 0.02780000 0.19469700 0.00561400
v 0.02635800 0.14007800 0.00596500
v 0.02773900 0.19469800 0.00596500
v 0.02780000 0.19469700 0.00631500
v 0.02641900 0.14007600 0.00631500
v 0.02945500 0.26015400 0.00631500
v 0.03111000 0.32561100 0.00631500
v 0.03220200 0.32558400 0.00568400
v 0.03054700 0.26012600 0.00568400
v 0.03192900 0.32559100 0.00545700
v 0.03027400 0.26013300 0.00545700
v 0.02751100 0.14004900 0.00568400
v 0.02889200 0.19466900 0.00568400
v 0.02723800 0.14005600 0.00545700
v 0.02861900 0.19467600 0.00545700
v 0.02828500 0.19468500 0.00533400
v 0.02690400 0.14006400 0.00533400
v 0.02994000 0.26014200 0.00533400
v 0.03159600 0.32559900 0.00533400
v 0.04389400 0.32280900 0.00656000
v 0.04419700 0.32279900 0.00659500
v 0.04175500 0.25811100 0.00656000
v 0.04205900 0.25810100 0.00659500
v 0.04453100 0.32278800 0.00647300
v 0.04239200 0.25809000 0.00647300
v 0.03961700 0.19341300 0.00656000
v 0.03783200 0.13942600 0.00656000
v 0.03813600 0.13941600 0.00659500
v 0.03992000 0.19340300 0.00659500
v 0.03846900 0.13940500 0.00647300
v 0.04025400 0.19339200 0.00647300
v 0.03886400 0.13939200 0.00596500
v 0.04064800 0.19337900 0.00596500
v 0.04052700 0.19338300 0.00624500
v 0.03874200 0.13939600 0.00624500
v 0.04278700 0.25807700 0.00596500
v 0.04266500 0.25808100 0.00624500
v 0.04492500 0.32277500 0.00596500
v 0.04480400 0.32277900 0.00624500
v 0.04389400 0.32281000 0.00536900
v 0.04371200 0.32281600 0.00561400
v 0.04175500 0.25811100 0.00536900
v 0.04157400 0.25811700 0.00561400
v 0.04365100 0.32281800 0.00596500
v 0.04151300 0.25811900 0.00596500
v 0.03961700 0.19341300 0.00536900
v 0.03783200 0.13942600 0.00536900
v 0.03765000 0.13943200 0.00561400
v 0.03943500 0.19341900 0.00561400
v 0.03759000 0.13943400 0.00596500
v 0.03937400 0.19342100 0.00596500
v 0.03943500 0.19341900 0.00631500
v 0.03765000 0.13943200 0.00631500
v 0.04157400 0.25811700 0.00631500
v 0.04371200 0.32281500 0.00631500
v 0.04480400 0.32277900 0.00568400
v 0.04266500 0.25808100 0.00568400
v 0.04453100 0.32278900 0.00545700
v 0.04239200 0.25809000 0.00545700
v 0.03874200 0.13939600 0.00568400
v 0.04052700 0.19338300 0.00568400
v 0.03846900 0.13940500 0.00545700
v 0.04025400 0.19339200 0.00545700
v 0.03992000 0.19340300 0.00533400
v 0.03813600 0.13941600 0.00533400
v 0.04205900 0.25810100 0.00533400
v 0.04419700 0.32280000 0.00533400
v 0.05623400 0.31995100 0.00656000
v 0.05653700 0.31993900 0.00659500
v 0.05361100 0.25602800 0.00656000
v 0.05391400 0.25601600 0.00659500
v 0.05687100 0.31992500 0.00647300
v 0.05424700 0.25600200 0.00647300
v 0.05098700 0.19210600 0.00656000
v 0.04879800 0.13876600 0.00656000
v 0.04910100 0.13875300 0.00659500
v 0.05129000 0.19209300 0.00659500
v 0.04943500 0.13874000 0.00647300
v 0.05162400 0.19208000 0.00647300
v 0.04982900 0.13872400 0.00596500
v 0.05201800 0.19206400 0.00596500
v 0.05189700 0.19206800 0.00624500
v 0.04970800 0.13872800 0.00624500
v 0.05464200 0.25598600 0.00596500
v 0.05452000 0.25599100 0.00624500
v 0.05726500 0.31990900 0.00596500
v 0.05714400 0.31991400 0.00624500
v 0.05623400 0.31995100 0.00536900
v 0.05605200 0.31995900 0.00561400
v 0.05361100 0.25602900 0.00536900
v 0.05342900 0.25603600 0.00561400
v 0.05599200 0.31996100 0.00596500
v 0.05336800 0.25603800 0.00596500
v 0.05098700 0.19210600 0.00536900
v 0.04879800 0.13876600 0.00536900
v 0.04861600 0.13877300 0.00561400
v 0.05080500 0.19211300 0.00561400
v 0.04855600 0.13877600 0.00596500
v 0.05074500 0.19211600 0.00596500
v 0.05080500 0.19211300 0.00631500
v 0.04861600 0.13877300 0.00631500
v 0.05342900 0.25603600 0.00631500
v 0.05605200 0.31995900 0.00631500
v 0.05714400 0.31991400 0.00568400
v 0.05452000 0.25599100 0.00568400
v 0.05687100 0.31992500 0.00545700
v 0.05424700 0.25600200 0.00545700
v 0.04970800 0.13872900 0.00568400
v 0.05189700 0.19206900 0.00568400
v 0.04943500 0.13874000 0.00545700
v 0.05162400 0.19208000 0.00545700
v 0.05129000 0.19209400 0.00533400
v 0.04910100 0.13875400 0.00533400
v 0.05391400 0.25601600 0.00533400
v 0.05653700 0.31993900 0.00533400
v 0.07155800 0.31186400 0.00656000
v 0.07186100 0.31184800 0.00659500
v 0.06824300 0.25013500 0.00656000
v 0.06854600 0.25011800 0.00659500
v 0.07219400 0.31183000 0.00647300
v 0.06887900 0.25010100 0.00647300
v 0.06492900 0.18840600 0.00656000
v 0.06216300 0.13689600 0.00656000
v 0.06246600 0.13688000 0.00659500
v 0.06523200 0.18838900 0.00659500
v 0.06280000 0.13686200 0.00647300
v 0.06556500 0.18837100 0.00647300
v 0.06319300 0.13684100 0.00596500
v 0.06595900 0.18835000 0.00596500
v 0.06583800 0.18835700 0.00624500
v 0.06307200 0.13684700 0.00624500
v 0.06927300 0.25007900 0.00596500
v 0.06915200 0.25008600 0.00624500
v 0.07258800 0.31180900 0.00596500
v 0.07246700 0.31181500 0.00624500
v 0.07155800 0.31186400 0.00536900
v 0.07137600 0.31187400 0.00561400
v 0.06824300 0.25013500 0.00536900
v 0.06806100 0.25014400 0.00561400
v 0.07131500 0.31187700 0.00596500
v 0.06800100 0.25014800 0.00596500
v 0.06492900 0.18840600 0.00536900
v 0.06216300 0.13689600 0.00536900
v 0.06198100 0.13690600 0.00561400
v 0.06474700 0.18841500 0.00561400
v 0.06192100 0.13690900 0.00596500
v 0.06468600 0.18841900 0.00596500
v 0.06474700 0.18841500 0.00631500
v 0.06198100 0.13690600 0.00631500
v 0.06806100 0.25014400 0.00631500
v 0.07137600 0.31187400 0.00631500
v 0.07246700 0.31181500 0.00568400
v 0.06915200 0.25008600 0.00568400
v 0.07219400 0.31183000 0.00545700
v 0.06887900 0.25010100 0.00545700
v 0.06307200 0.13684700 0.00568400
v 0.06583800 0.18835700 0.00568400
v 0.06280000 0.13686200 0.00545700
v 0.06556500 0.18837100 0.00545700
v 0.06523200 0.18838900 0.00533400
v 0.06246600 0.13688000 0.00533400
v 0.06854600 0.25011800 0.00533400
v 0.07186100 0.31184800 0.00533400
v 0.08791600 0.30165500 0.00656000
v 0.08821800 0.30162800 0.00659500
v 0.08261500 0.24269700 0.00656000
v 0.08291700 0.24266900 0.00659500
v 0.08855100 0.30159800 0.00647300
v 0.08324900 0.24264000 0.00647300
v 0.07731300 0.18373800 0.00656000
v 0.07289000 0.13454000 0.00656000
v 0.07319200 0.13451300 0.00659500
v 0.07761600 0.18371100 0.00659500
v 0.07352400 0.13448300 0.00647300
v 0.07794800 0.18368100 0.00647300
v 0.07391700 0.13444800 0.00596500
v 0.07834100 0.18364600 0.00596500
v 0.07822000 0.18365700 0.00624500
v 0.07379600 0.13445900 0.00624500
v 0.08364200 0.24260400 0.00596500
v 0.08352100 0.24261500 0.00624500
v 0.08894400 0.30156300 0.00596500
v 0.08882300 0.30157400 0.00624500
v 0.08791600 0.30165600 0.00536900
v 0.08773500 0.30167200 0.00561400
v 0.08261500 0.24269700 0.00536900
v 0.08243300 0.24271300 0.00561400
v 0.08767400 0.30167700 0.00596500
v 0.08237300 0.24271900 0.00596500
v 0.07731300 0.18373800 0.00536900
v 0.07289000 0.13454100 0.00536900
v 0.07270800 0.13455700 0.00561400
v 0.07713200 0.18375500 0.00561400
v 0.07264800 0.13456200 0.00596500
v 0.07707200 0.18376000 0.00596500
v 0.07713200 0.18375500 0.00631500
v 0.07270800 0.13455700 0.00631500
v 0.08243300 0.24271300 0.00631500
v 0.08773500 0.30167200 0.00631500
v 0.08882300 0.30157400 0.00568400
v 0.08352100 0.24261500 0.00568400
v 0.08855100 0.30159800 0.00545700
v 0.08324900 0.24264000 0.00545700
v 0.07379600 0.13445900 0.00568400
v 0.07822000 0.18365700 0.00568400
v 0.07352400 0.13448400 0.00545700
v 0.07794800 0.18368100 0.00545700
v 0.07761600 0.18371100 0.00533400
v 0.07319200 0.13451400 0.00533400
v 0.08291700 0.24267000 0.00533400
v 0.08821800 0.30162800 0.00533400
v 0.10695500 0.28908400 0.00656000
v 0.10725600 0.28904600 0.00659500
v 0.10061800 0.23899400 0.00656000
v 0.10091900 0.23895600 0.00659500
v 0.10758700 0.28900400 0.00647300
v 0.10125000 0.23891400 0.00647300
v 0.09428100 0.18890500 0.00656000
v 0.08899300 0.14710800 0.00656000
v 0.08929500 0.14707000 0.00659500
v 0.09458200 0.18886700 0.00659500
v 0.08962600 0.14702800 0.00647300
v 0.09491300 0.18882500 0.00647300
v 0.09001700 0.14697900 0.00596500
v 0.09530500 0.18877500 0.00596500
v 0.09518400 0.18879100 0.00624500
v 0.08989700 0.14699400 0.00624500
v 0.10164200 0.23886500 0.00596500
v 0.10152100 0.23888000 0.00624500
v 0.10797800 0.28895400 0.00596500
v 0.10785800 0.28896900 0.00624500
v 0.10695500 0.28908400 0.00536900
v 0.10677400 0.28910700 0.00561400
v 0.10061800 0.23899400 0.00536900
v 0.10043700 0.23901700 0.00561400
v 0.10671400 0.28911400 0.00596500
v 0.10037700 0.23902500 0.00596500
v 0.09428100 0.18890500 0.00536900
v 0.08899300 0.14710800 0.00536900
v 0.08881300 0.14713100 0.00561400
v 0.09410100 0.18892800 0.00561400
v 0.08875300 0.14713900 0.00596500
v 0.09404000 0.18893500 0.00596500
v 0.09410100 0.18892800 0.00631500
v 0.08881300 0.14713100 0.00631500
v 0.10043700 0.23901700 0.00631500
v 0.10677400 0.28910700 0.00631500
v 0.10785800 0.28897000 0.00568400
v 0.10152100 0.23888000 0.00568400
v 0.10758700 0.28900400 0.00545700
v 0.10125000 0.23891400 0.00545700
v 0.08989700 0.14699400 0.00568400
v 0.09518400 0.18879100 0.00568400
v 0.08962600 0.14702800 0.00545700
v 0.09491300 0.18882500 0.00545700
v 0.09458200 0.18886700 0.00533400
v 0.08929500 0.14707000 0.00533400
v 0.10091900 0.23895600 0.00533400
v 0.10725600 0.28904600 0.00533400
v 0.00596800 0.32845800 0.00656000
v 0.00627100 0.32845500 0.00659500
v 0.00525900 0.26222700 0.00656000
v 0.00556300 0.26222300 0.00659500
v 0.00660500 0.32845100 0.00647300
v 0.00589600 0.26222000 0.00647300
v 0.00455100 0.19599500 0.00656000
v 0.00395900 0.14072800 0.00656000
v 0.00426300 0.14072500 0.00659500
v 0.00485400 0.19599200 0.00659500
v 0.00459700 0.14072200 0.00647300
v 0.00518800 0.19598800 0.00647300
v 0.00499100 0.14071700 0.00596500
v 0.00558200 0.19598400 0.00596500
v 0.00546100 0.19598500 0.00624500
v 0.00487000 0.14071900 0.00624500
v 0.00629100 0.26221500 0.00596500
v 0.00616900 0.26221700 0.00624500
v 0.00699900 0.32844700 0.00596500
v 0.00687800 0.32844900 0.00624500
v 0.00596800 0.32845800 0.00536900
v 0.00578600 0.32846000 0.00561400
v 0.00525900 0.26222700 0.00536900
v 0.00507700 0.26222900 0.00561400
v 0.00572500 0.32846100 0.00596500
v 0.00501600 0.26222900 0.00596500
v 0.00455100 0.19599500 0.00536900
v 0.00395900 0.14072800 0.00536900
v 0.00377700 0.14073000 0.00561400
v 0.00436900 0.19599700 0.00561400
v 0.00371700 0.14073100 0.00596500
v 0.00430800 0.19599800 0.00596500
v 0.00436900 0.19599700 0.00631500
v 0.00377700 0.14073000 0.00631500
v 0.00507700 0.26222900 0.00631500
v 0.00578600 0.32846000 0.00631500
v 0.00687800 0.32844900 0.00568400
v 0.00616900 0.26221700 0.00568400
v 0.00660500 0.32845100 0.00545700
v 0.00589600 0.26222000 0.00545700
v 0.00487000 0.14071900 0.00568400
v 0.00546100 0.19598500 0.00568400
v 0.00459700 0.14072200 0.00545700
v 0.00518800 0.19598800 0.00545700
v 0.00485400 0.19599200 0.00533400
v 0.00426300 0.14072500 0.00533400
v 0.00556300 0.26222300 0.00533400
v 0.00627100 0.32845500 0.00533400
v -0.00704100 0.32888300 0.00596500
v -0.00692000 0.32888400 0.00624500
v -0.00648200 0.26253600 0.00596500
v -0.00636100 0.26253700 0.00624500
v -0.00664700 0.32888600 0.00647300
v -0.00608800 0.26253900 0.00647300
v -0.00592300 0.19618900 0.00596500
v -0.00580200 0.19619000 0.00624500
v -0.00552800 0.19619200 0.00647300
v -0.00489100 0.19619800 0.00656000
v -0.00519500 0.19619500 0.00659500
v -0.00545000 0.26254500 0.00656000
v -0.00575400 0.26254200 0.00659500
v -0.00601000 0.32889200 0.00656000
v -0.00631300 0.32888900 0.00659500
v -0.00582700 0.32889300 0.00631500
v -0.00526800 0.26254600 0.00631500
v -0.00576700 0.32889400 0.00596500
v -0.00520800 0.26254700 0.00596500
v -0.00470900 0.19619900 0.00631500
v -0.00464800 0.19620000 0.00596500
v -0.00489100 0.19619800 0.00536900
v -0.00470900 0.19619900 0.00561400
v -0.00545000 0.26254500 0.00536900
v -0.00526800 0.26254600 0.00561400
v -0.00601000 0.32889200 0.00536900
v -0.00582700 0.32889300 0.00561400
v -0.00631300 0.32888900 0.00533400
v -0.00575400 0.26254200 0.00533400
v -0.00664700 0.32888600 0.00545700
v -0.00608800 0.26253900 0.00545700
v -0.00519500 0.19619500 0.00533400
v -0.00552800 0.19619200 0.00545700
v -0.00580200 0.19619000 0.00568400
v -0.00636100 0.26253700 0.00568400
v -0.00692000 0.32888400 0.00568400
v -0.02080400 0.32759900 0.00596500
v -0.02068300 0.32760100 0.00624500
v -0.01963100 0.26159800 0.00596500
v -0.01951000 0.26160000 0.00624500
v -0.02041000 0.32760600 0.00647300
v -0.01923700 0.26160500 0.00647300
v -0.01845800 0.19559700 0.00596500
v -0.01833600 0.19560000 0.00624500
v -0.01806300 0.19560400 0.00647300
v -0.01742600 0.19561600 0.00656000
v -0.01773000 0.19561000 0.00659500
v -0.01859900 0.26161700 0.00656000
v -0.01890300 0.26161100 0.00659500
v -0.01977300 0.32761700 0.00656000
v -0.02007600 0.32761200 0.00659500
v -0.01959100 0.32762100 0.00631500
v -0.01841700 0.26162000 0.00631500
v -0.01953000 0.32762200 0.00596500
v -0.01835700 0.26162100 0.00596500
v -0.01724400 0.19561900 0.00631500
v -0.01718400 0.19562000 0.00596500
v -0.01742600 0.19561600 0.00536900
v -0.01724400 0.19561900 0.00561400
v -0.01859900 0.26161700 0.00536900
v -0.01841700 0.26162000 0.00561400
v -0.01977300 0.32761700 0.00536900
v -0.01959100 0.32762100 0.00561400
v -0.02007600 0.32761200 0.00533400
v -0.01890300 0.26161100 0.00533400
v -0.02041000 0.32760600 0.00545700
v -0.01923700 0.26160500 0.00545700
v -0.01773000 0.19561100 0.00533400
v -0.01806300 0.19560500 0.00545700
v -0.01833600 0.19560000 0.00568400
v -0.01951000 0.26160100 0.00568400
v -0.02068300 0.32760100 0.00568400
v -0.03291700 0.32558900 0.00596500
v -0.03279500 0.32559200 0.00624500
v -0.03126100 0.26013200 0.00596500
v -0.03114000 0.26013500 0.00624500
v -0.03252200 0.32559900 0.00647300
v -0.03086700 0.26014200 0.00647300
v -0.02960600 0.19467400 0.00596500
v -0.02948500 0.19467800 0.00624500
v -0.02921200 0.19468400 0.00647300
v -0.02857500 0.19470100 0.00656000
v -0.02887800 0.19469300 0.00659500
v -0.03023000 0.26015800 0.00656000
v -0.03053300 0.26015000 0.00659500
v -0.03188500 0.32561500 0.00656000
v -0.03218900 0.32560700 0.00659500
v -0.03170300 0.32562000 0.00631500
v -0.03004800 0.26016300 0.00631500
v -0.03164300 0.32562100 0.00596500
v -0.02998700 0.26016400 0.00596500
v -0.02839300 0.19470500 0.00631500
v -0.02833200 0.19470700 0.00596500
v -0.02857500 0.19470100 0.00536900
v -0.02839300 0.19470500 0.00561400
v -0.03023000 0.26015800 0.00536900
v -0.03004800 0.26016300 0.00561400
v -0.03188500 0.32561500 0.00536900
v -0.03170300 0.32562000 0.00561400
v -0.03218900 0.32560700 0.00533400
v -0.03053300 0.26015000 0.00533400
v -0.03252200 0.32559900 0.00545700
v -0.03086700 0.26014200 0.00545700
v -0.02887800 0.19469300 0.00533400
v -0.02921200 0.19468400 0.00545700
v -0.02948500 0.19467800 0.00568400
v -0.03114000 0.26013500 0.00568400
v -0.03279500 0.32559200 0.00568400
v -0.04551800 0.32162600 0.00596500
v -0.04539700 0.32163000 0.00624500
v -0.04338000 0.25724200 0.00596500
v -0.04325800 0.25724600 0.00624500
v -0.04512400 0.32163900 0.00647300
v -0.04298500 0.25725500 0.00647300
v -0.04124100 0.19285700 0.00596500
v -0.04112000 0.19286100 0.00624500
v -0.04084700 0.19287000 0.00647300
v -0.04021000 0.19289100 0.00656000
v -0.04051300 0.19288100 0.00659500
v -0.04234900 0.25727600 0.00656000
v -0.04265200 0.25726600 0.00659500
v -0.04448700 0.32166000 0.00656000
v -0.04479000 0.32165000 0.00659500
v -0.04430500 0.32166600 0.00631500
v -0.04216700 0.25728200 0.00631500
v -0.04424400 0.32166800 0.00596500
v -0.04210600 0.25728400 0.00596500
v -0.04002800 0.19289700 0.00631500
v -0.03996700 0.19289900 0.00596500
v -0.04021000 0.19289100 0.00536900
v -0.04002800 0.19289700 0.00561400
v -0.04234900 0.25727600 0.00536900
v -0.04216700 0.25728200 0.00561400
v -0.04448700 0.32166000 0.00536900
v -0.04430500 0.32166600 0.00561400
v -0.04479000 0.32165000 0.00533400
v -0.04265200 0.25726600 0.00533400
v -0.04512400 0.32163900 0.00545700
v -0.04298500 0.25725500 0.00545700
v -0.04051300 0.19288100 0.00533400
v -0.04084700 0.19287000 0.00545700
v -0.04112000 0.19286100 0.00568400
v -0.04325800 0.25724600 0.00568400
v -0.04539700 0.32163000 0.00568400
v -0.05785800 0.31906500 0.00596500
v -0.05773700 0.31907000 0.00624500
v -0.05523500 0.25537300 0.00596500
v -0.05511300 0.25537800 0.00624500
v -0.05746400 0.31908100 0.00647300
v -0.05484100 0.25539000 0.00647300
v -0.05261100 0.19168200 0.00596500
v -0.05249000 0.19168600 0.00624500
v -0.05221700 0.19169800 0.00647300
v -0.05158000 0.19172400 0.00656000
v -0.05188400 0.19171100 0.00659500
v -0.05420400 0.25541600 0.00656000
v -0.05450700 0.25540300 0.00659500
v -0.05682700 0.31910800 0.00656000
v -0.05713000 0.31909500 0.00659500
v -0.05664500 0.31911500 0.00631500
v -0.05402200 0.25542300 0.00631500
v -0.05658500 0.31911800 0.00596500
v -0.05396100 0.25542600 0.00596500
v -0.05139800 0.19173100 0.00631500
v -0.05133800 0.19173400 0.00596500
v -0.05158000 0.19172400 0.00536900
v -0.05139800 0.19173100 0.00561400
v -0.05420400 0.25541600 0.00536900
v -0.05402200 0.25542300 0.00561400
v -0.05682700 0.31910800 0.00536900
v -0.05664500 0.31911500 0.00561400
v -0.05713000 0.31909500 0.00533400
v -0.05450700 0.25540300 0.00533400
v -0.05746400 0.31908100 0.00545700
v -0.05484100 0.25539000 0.00545700
v -0.05188400 0.19171100 0.00533400
v -0.05221700 0.19169800 0.00545700
v -0.05249000 0.19168600 0.00568400
v -0.05511300 0.25537800 0.00568400
v -0.05773700 0.31907000 0.00568400
v -0.07318100 0.31181700 0.00596500
v -0.07306000 0.31182300 0.00624500
v -0.06986700 0.25008700 0.00596500
v -0.06974500 0.25009400 0.00624500
v -0.07278700 0.31183800 0.00647300
v -0.06947300 0.25010900 0.00647300
v -0.06655200 0.18835800 0.00596500
v -0.06643100 0.18836400 0.00624500
v -0.06615800 0.18837900 0.00647300
v -0.06552200 0.18841300 0.00656000
v -0.06582500 0.18839700 0.00659500
v -0.06883600 0.25014300 0.00656000
v -0.06913900 0.25012600 0.00659500
v -0.07215100 0.31187200 0.00656000
v -0.07245400 0.31185600 0.00659500
v -0.07196900 0.31188200 0.00631500
v -0.06865400 0.25015200 0.00631500
v -0.07190800 0.31188500 0.00596500
v -0.06859400 0.25015600 0.00596500
v -0.06534000 0.18842300 0.00631500
v -0.06528000 0.18842600 0.00596500
v -0.06552200 0.18841300 0.00536900
v -0.06534000 0.18842300 0.00561400
v -0.06883600 0.25014300 0.00536900
v -0.06865400 0.25015200 0.00561400
v -0.07215100 0.31187200 0.00536900
v -0.07196900 0.31188200 0.00561400
v -0.07245400 0.31185600 0.00533400
v -0.06913900 0.25012600 0.00533400
v -0.07278700 0.31183800 0.00545700
v -0.06947300 0.25010900 0.00545700
v -0.06582500 0.18839700 0.00533400
v -0.06615800 0.18837900 0.00545700
v -0.06643100 0.18836400 0.00568400
v -0.06974500 0.25009400 0.00568400
v -0.07306000 0.31182300 0.00568400
v -0.08953700 0.30157100 0.00596500
v -0.08941600 0.30158100 0.00624500
v -0.08423600 0.24261200 0.00596500
v -0.08411500 0.24262300 0.00624500
v -0.08914400 0.30160600 0.00647300
v -0.08384300 0.24264700 0.00647300
v -0.07893400 0.18365300 0.00596500
v -0.07881300 0.18366400 0.00624500
v -0.07854100 0.18368900 0.00647300
v -0.07790700 0.18374600 0.00656000
v -0.07820900 0.18371800 0.00659500
v -0.08320800 0.24270400 0.00656000
v -0.08351000 0.24267700 0.00659500
v -0.08850900 0.30166300 0.00656000
v -0.08881200 0.30163600 0.00659500
v -0.08832800 0.30167900 0.00631500
v -0.08302700 0.24272100 0.00631500
v -0.08826800 0.30168500 0.00596500
v -0.08296600 0.24272600 0.00596500
v -0.07772500 0.18376200 0.00631500
v -0.07766500 0.18376800 0.00596500
v -0.07790700 0.18374600 0.00536900
v -0.07772500 0.18376200 0.00561400
v -0.08320800 0.24270500 0.00536900
v -0.08302700 0.24272100 0.00561400
v -0.08850900 0.30166300 0.00536900
v -0.08832800 0.30167900 0.00561400
v -0.08881200 0.30163600 0.00533400
v -0.08351000 0.24267700 0.00533400
v -0.08914400 0.30160600 0.00545700
v -0.08384300 0.24264800 0.00545700
v -0.07820900 0.18371900 0.00533400
v -0.07854100 0.18368900 0.00545700
v -0.07881300 0.18366400 0.00568400
v -0.08411500 0.24262300 0.00568400
v -0.08941600 0.30158100 0.00568400
v -0.10857200 0.28896100 0.00596500
v -0.10845100 0.28897600 0.00624500
v -0.10223500 0.23887100 0.00596500
v -0.10211500 0.23888700 0.00624500
v -0.10818000 0.28901000 0.00647300
v -0.10184400 0.23892100 0.00647300
v -0.09589800 0.18878200 0.00596500
v -0.09577800 0.18879700 0.00624500
v -0.09550700 0.18883100 0.00647300
v -0.09487500 0.18891100 0.00656000
v -0.09517600 0.18887300 0.00659500
v -0.10121100 0.23900100 0.00656000
v -0.10151300 0.23896300 0.00659500
v -0.10754800 0.28909000 0.00656000
v -0.10784900 0.28905200 0.00659500
v -0.10736800 0.28911300 0.00631500
v -0.10103100 0.23902400 0.00631500
v -0.10730700 0.28912100 0.00596500
v -0.10097100 0.23903100 0.00596500
v -0.09469400 0.18893400 0.00631500
v -0.09463400 0.18894200 0.00596500
v -0.09487500 0.18891100 0.00536900
v -0.09469400 0.18893400 0.00561400
v -0.10121100 0.23900100 0.00536900
v -0.10103100 0.23902400 0.00561400
v -0.10754800 0.28909000 0.00536900
v -0.10736800 0.28911300 0.00561400
v -0.10784900 0.28905200 0.00533400
v -0.10151300 0.23896300 0.00533400
v -0.10818000 0.28901000 0.00545700
v -0.10184400 0.23892100 0.00545700
v -0.09517600 0.18887300 0.00533400
v -0.09550700 0.18883100 0.00545700
v -0.09577800 0.18879700 0.00568400
v -0.10211500 0.23888700 0.00568400
v -0.10845100 0.28897600 0.00568400
v 0.01526400 0.10727200 0.00656000
v 0.01556700 0.10726700 0.00659500
v 0.01498100 0.09051400 0.00653300
v 0.01527300 0.09050300 0.00657000
v 0.01590100 0.10726100 0.00647300
v 0.01559300 0.09049200 0.00645600
v 0.01492500 0.08474900 0.00645200
v 0.01518400 0.08472300 0.00649400
v 0.01545900 0.08469700 0.00640400
v 0.01577000 0.08473400 0.00596500
v 0.01567600 0.08471400 0.00621000
v 0.01596600 0.09049600 0.00596500
v 0.01585100 0.09049300 0.00623600
v 0.01629600 0.10725400 0.00596500
v 0.01617400 0.10725600 0.00624500
v 0.01526400 0.10727200 0.00536900
v 0.01508200 0.10727500 0.00561400
v 0.01498100 0.09051400 0.00539600
v 0.01480300 0.09051100 0.00563100
v 0.01502100 0.10727600 0.00596500
v 0.01474300 0.09050700 0.00596500
v 0.01492500 0.08474900 0.00547700
v 0.01475900 0.08473100 0.00568100
v 0.01469900 0.08471000 0.00596500
v 0.01475900 0.08473100 0.00624900
v 0.01480300 0.09051100 0.00629900
v 0.01508200 0.10727500 0.00631500
v 0.01617400 0.10725600 0.00568400
v 0.01585100 0.09049300 0.00569300
v 0.01590100 0.10726100 0.00545700
v 0.01559300 0.09049200 0.00547400
v 0.01567600 0.08471400 0.00571900
v 0.01545900 0.08469700 0.00552600
v 0.01518400 0.08472300 0.00543500
v 0.01527300 0.09050300 0.00535900
v 0.01556700 0.10726700 0.00533400
v 0.02576800 0.10712400 0.00656000
v 0.02607100 0.10711700 0.00659500
v 0.02536200 0.09047500 0.00653300
v 0.02565400 0.09046200 0.00657000
v 0.02640500 0.10710800 0.00647300
v 0.02597300 0.09044900 0.00645600
v 0.02526400 0.08474700 0.00645200
v 0.02552300 0.08471900 0.00649400
v 0.02579800 0.08469100 0.00640400
v 0.02610800 0.08472600 0.00596500
v 0.02601500 0.08470700 0.00621000
v 0.02634700 0.09045000 0.00596500
v 0.02623200 0.09044700 0.00623600
v 0.02679900 0.10709800 0.00596500
v 0.02667800 0.10710100 0.00624500
v 0.02576800 0.10712400 0.00536900
v 0.02558600 0.10712900 0.00561400
v 0.02536200 0.09047500 0.00539600
v 0.02518400 0.09047400 0.00563100
v 0.02552500 0.10713000 0.00596500
v 0.02512400 0.09047000 0.00596500
v 0.02526400 0.08474700 0.00547700
v 0.02509800 0.08473000 0.00568100
v 0.02503800 0.08471000 0.00596500
v 0.02509800 0.08473000 0.00624900
v 0.02518400 0.09047400 0.00629900
v 0.02558600 0.10712900 0.00631500
v 0.02667800 0.10710100 0.00568400
v 0.02623200 0.09044700 0.00569300
v 0.02640500 0.10710800 0.00545700
v 0.02597300 0.09044900 0.00547400
v 0.02601500 0.08470700 0.00571900
v 0.02579800 0.08469100 0.00552600
v 0.02552300 0.08471900 0.00543500
v 0.02565400 0.09046200 0.00535900
v 0.02607100 0.10711700 0.00533400
v 0.03675600 0.10686000 0.00656000
v 0.03705900 0.10685000 0.00659500
v 0.03622800 0.09040400 0.00653300
v 0.03652000 0.09038900 0.00657000
v 0.03739300 0.10683900 0.00647300
v 0.03683900 0.09037300 0.00645600
v 0.03608700 0.08474200 0.00645200
v 0.03634600 0.08471300 0.00649400
v 0.03662100 0.08468300 0.00640400
v 0.03693200 0.08471500 0.00596500
v 0.03683800 0.08469600 0.00621000
v 0.03721200 0.09037100 0.00596500
v 0.03709800 0.09037000 0.00623600
v 0.03778700 0.10682600 0.00596500
v 0.03766600 0.10683000 0.00624500
v 0.03675600 0.10686100 0.00536900
v 0.03657400 0.10686700 0.00561400
v 0.03622800 0.09040400 0.00539600
v 0.03605000 0.09040400 0.00563100
v 0.03651300 0.10686800 0.00596500
v 0.03598900 0.09040100 0.00596500
v 0.03608700 0.08474300 0.00547700
v 0.03592100 0.08472700 0.00568100
v 0.03586100 0.08470800 0.00596500
v 0.03592100 0.08472700 0.00624900
v 0.03605000 0.09040400 0.00629900
v 0.03657400 0.10686600 0.00631500
v 0.03766600 0.10683000 0.00568400
v 0.03709800 0.09037000 0.00569300
v 0.03739300 0.10684000 0.00545700
v 0.03683900 0.09037300 0.00547400
v 0.03683800 0.08469700 0.00571900
v 0.03662100 0.08468300 0.00552600
v 0.03634600 0.08471300 0.00543500
v 0.03652000 0.09038900 0.00535900
v 0.03705900 0.10685100 0.00533400
v 0.04747800 0.10659100 0.00656000
v 0.04778100 0.10657800 0.00659500
v 0.04682600 0.09033100 0.00653300
v 0.04711800 0.09031400 0.00657000
v 0.04811400 0.10656500 0.00647300
v 0.04743700 0.09029600 0.00645600
v 0.04664300 0.08473700 0.00645200
v 0.04690100 0.08470600 0.00649400
v 0.04717600 0.08467400 0.00640400
v 0.04748700 0.08470300 0.00596500
v 0.04739300 0.08468600 0.00621000
v 0.04781000 0.09029100 0.00596500
v 0.04769600 0.09029000 0.00623600
v 0.04850900 0.10654900 0.00596500
v 0.04838700 0.10655300 0.00624500
v 0.04747800 0.10659100 0.00536900
v 0.04729600 0.10659800 0.00561400
v 0.04682600 0.09033100 0.00539600
v 0.04664800 0.09033300 0.00563100
v 0.04723500 0.10660100 0.00596500
v 0.04658700 0.09033100 0.00596500
v 0.04664300 0.08473800 0.00547700
v 0.04647700 0.08472400 0.00568100
v 0.04641600 0.08470500 0.00596500
v 0.04647700 0.08472300 0.00624900
v 0.04664800 0.09033300 0.00629900
v 0.04729600 0.10659800 0.00631500
v 0.04838700 0.10655400 0.00568400
v 0.04769600 0.09029000 0.00569300
v 0.04811400 0.10656500 0.00545700
v 0.04743700 0.09029600 0.00547400
v 0.04739300 0.08468600 0.00571900
v 0.04717600 0.08467400 0.00552600
v 0.04690100 0.08470600 0.00543500
v 0.04711800 0.09031400 0.00535900
v 0.04778100 0.10657900 0.00533400
v 0.06049500 0.10582500 0.00656000
v 0.06079800 0.10580900 0.00659500
v 0.05966800 0.09012300 0.00653300
v 0.05995900 0.09010200 0.00657000
v 0.06113100 0.10579100 0.00647300
v 0.06027800 0.09008000 0.00645600
v 0.05942400 0.08472100 0.00645200
v 0.05968200 0.08468700 0.00649400
v 0.05995600 0.08465200 0.00640400
v 0.06026800 0.08467500 0.00596500
v 0.06017300 0.08466000 0.00621000
v 0.06065100 0.09007000 0.00596500
v 0.06053700 0.09007100 0.00623600
v 0.06152500 0.10577000 0.00596500
v 0.06140400 0.10577600 0.00624500
v 0.06049500 0.10582500 0.00536900
v 0.06031300 0.10583500 0.00561400
v 0.05966800 0.09012300 0.00539600
v 0.05948900 0.09012800 0.00563100
v 0.06025300 0.10583800 0.00596500
v 0.05942900 0.09012600 0.00596500
v 0.05942400 0.08472100 0.00547700
v 0.05925800 0.08470900 0.00568100
v 0.05919700 0.08469200 0.00596500
v 0.05925800 0.08470900 0.00624900
v 0.05948900 0.09012800 0.00629900
v 0.06031300 0.10583500 0.00631500
v 0.06140400 0.10577600 0.00568400
v 0.06053700 0.09007100 0.00569300
v 0.06113100 0.10579100 0.00545700
v 0.06027800 0.09008000 0.00547400
v 0.06017300 0.08466000 0.00571900
v 0.05995600 0.08465200 0.00552600
v 0.05968200 0.08468700 0.00543500
v 0.05995900 0.09010200 0.00535900
v 0.06079800 0.10580900 0.00533400
v 0.07022100 0.10486400 0.00656000
v 0.07052400 0.10483700 0.00659500
v 0.06888800 0.08986600 0.00653300
v 0.06917900 0.08983500 0.00657000
v 0.07085600 0.10480700 0.00647300
v 0.06949700 0.08980200 0.00645600
v 0.06847100 0.08470500 0.00645200
v 0.06872800 0.08466200 0.00649400
v 0.06900100 0.08461800 0.00640400
v 0.06931300 0.08462900 0.00596500
v 0.06921800 0.08461800 0.00621000
v 0.06986900 0.08977800 0.00596500
v 0.06975500 0.08978400 0.00623600
v 0.07124900 0.10477200 0.00596500
v 0.07112800 0.10478300 0.00624500
v 0.07022100 0.10486400 0.00536900
v 0.07004000 0.10488100 0.00561400
v 0.06888800 0.08986700 0.00539600
v 0.06871100 0.08987800 0.00563100
v 0.06998000 0.10488600 0.00596500
v 0.06865000 0.08987800 0.00596500
v 0.06847100 0.08470500 0.00547700
v 0.06830400 0.08470000 0.00568100
v 0.06824300 0.08468700 0.00596500
v 0.06830400 0.08470000 0.00624900
v 0.06871100 0.08987800 0.00629900
v 0.07004000 0.10488000 0.00631500
v 0.07112800 0.10478300 0.00568400
v 0.06975500 0.08978400 0.00569300
v 0.07085600 0.10480700 0.00545700
v 0.06949700 0.08980200 0.00547400
v 0.06921800 0.08461800 0.00571900
v 0.06900100 0.08461900 0.00552600
v 0.06872800 0.08466300 0.00543500
v 0.06917900 0.08983600 0.00535900
v 0.07052400 0.10483700 0.00533400
v 0.08580400 0.12189600 0.00656000
v 0.08610500 0.12185800 0.00659500
v 0.08420800 0.10915400 0.00653300
v 0.08449700 0.10911300 0.00657000
v 0.08643600 0.12181600 0.00647300
v 0.08481300 0.10906900 0.00645600
v 0.08370000 0.10476600 0.00645200
v 0.08395500 0.10471700 0.00649400
v 0.08422600 0.10466600 0.00640400
v 0.08453800 0.10466000 0.00596500
v 0.08444300 0.10465500 0.00621000
v 0.08518500 0.10903000 0.00596500
v 0.08507100 0.10904000 0.00623600
v 0.08682700 0.12176600 0.00596500
v 0.08670700 0.12178200 0.00624500
v 0.08580400 0.12189600 0.00536900
v 0.08562300 0.12191900 0.00561400
v 0.08420800 0.10915400 0.00539600
v 0.08403000 0.10917200 0.00563100
v 0.08556300 0.12192600 0.00596500
v 0.08397000 0.10917500 0.00596500
v 0.08370000 0.10476600 0.00547700
v 0.08353300 0.10477000 0.00568100
v 0.08347200 0.10476200 0.00596500
v 0.08353300 0.10477000 0.00624900
v 0.08403000 0.10917200 0.00629900
v 0.08562300 0.12191900 0.00631500
v 0.08670700 0.12178200 0.00568400
v 0.08507100 0.10904000 0.00569300
v 0.08643600 0.12181600 0.00545700
v 0.08481300 0.10906900 0.00547400
v 0.08444300 0.10465500 0.00571900
v 0.08422600 0.10466600 0.00552600
v 0.08395500 0.10471700 0.00543500
v 0.08449700 0.10911300 0.00535900
v 0.08610500 0.12185800 0.00533400
v 0.00360300 0.10739100 0.00656000
v 0.00390600 0.10738800 0.00659500
v 0.00343800 0.09054500 0.00653300
v 0.00373000 0.09053600 0.00657000
v 0.00424000 0.10738400 0.00647300
v 0.00405000 0.09052800 0.00645600
v 0.00342300 0.08475000 0.00645200
v 0.00368200 0.08472600 0.00649400
v 0.00395700 0.08470200 0.00640400
v 0.00426800 0.08474100 0.00596500
v 0.00417400 0.08472100 0.00621000
v 0.00442300 0.09053400 0.00596500
v 0.00430900 0.09053000 0.00623600
v 0.00463400 0.10738000 0.00596500
v 0.00451300 0.10738200 0.00624500
v 0.00360300 0.10739100 0.00536900
v 0.00342100 0.10739300 0.00561400
v 0.00343800 0.09054500 0.00539600
v 0.00326000 0.09054100 0.00563100
v 0.00336000 0.10739400 0.00596500
v 0.00320000 0.09053700 0.00596500
v 0.00342300 0.08475000 0.00547700
v 0.00325700 0.08473100 0.00568100
v 0.00319700 0.08471000 0.00596500
v 0.00325700 0.08473100 0.00624900
v 0.00326000 0.09054100 0.00629900
v 0.00342100 0.10739300 0.00631500
v 0.00451300 0.10738200 0.00568400
v 0.00430900 0.09053000 0.00569300
v 0.00424000 0.10738400 0.00545700
v 0.00405000 0.09052800 0.00547400
v 0.00417400 0.08472100 0.00571900
v 0.00395700 0.08470200 0.00552600
v 0.00368200 0.08472600 0.00543500
v 0.00373000 0.09053600 0.00535900
v 0.00390600 0.10738800 0.00533400
v -0.14120300 0.24409700 0.00621000
v -0.14119600 0.24419000 0.00596500
v -0.14121000 0.24388000 0.00640400
v -0.13667100 0.24417300 0.00623600
v -0.13666900 0.24428700 0.00596500
v -0.13667200 0.24391400 0.00645600
v -0.14119500 0.24334500 0.00645200
v -0.14120300 0.24360400 0.00649400
v -0.13666800 0.24330200 0.00653300
v -0.13667000 0.24359500 0.00657000
v -0.12326300 0.24360100 0.00659500
v -0.12326300 0.24329800 0.00656000
v -0.12326300 0.24393500 0.00647300
v -0.12326300 0.24433000 0.00596500
v -0.12326300 0.24420800 0.00624500
v -0.14120200 0.24317900 0.00624900
v -0.14120900 0.24312000 0.00596500
v -0.13667000 0.24312400 0.00629900
v -0.13667200 0.24306400 0.00596500
v -0.14119500 0.24334500 0.00547700
v -0.14120200 0.24317900 0.00568100
v -0.13666800 0.24330200 0.00539600
v -0.13667000 0.24312400 0.00563100
v -0.12326200 0.24311600 0.00561400
v -0.12326300 0.24329800 0.00536900
v -0.12326200 0.24305500 0.00596500
v -0.12326200 0.24311600 0.00631500
v -0.14120300 0.24360400 0.00543500
v -0.14121000 0.24388000 0.00552600
v -0.13667000 0.24359500 0.00535900
v -0.13667200 0.24391400 0.00547400
v -0.14120300 0.24409700 0.00571900
v -0.13667100 0.24417300 0.00569300
v -0.12326300 0.24420800 0.00568400
v -0.12326300 0.24393500 0.00545700
v -0.12326300 0.24360100 0.00533400
v 0.14334600 0.24384300 0.00649400
v 0.14333900 0.24358400 0.00645200
v 0.14335300 0.24411900 0.00640400
v 0.13881300 0.24382600 0.00657000
v 0.13881200 0.24353300 0.00653300
v 0.13881500 0.24414500 0.00645600
v 0.14333800 0.24442800 0.00596500
v 0.14334500 0.24433500 0.00621000
v 0.13881100 0.24451800 0.00596500
v 0.13881300 0.24440400 0.00623600
v 0.12540600 0.24441700 0.00624500
v 0.12540500 0.24453800 0.00596500
v 0.12540600 0.24414400 0.00647300
v 0.12540600 0.24350600 0.00656000
v 0.12540600 0.24381000 0.00659500
v 0.14334500 0.24433500 0.00571900
v 0.14335300 0.24411900 0.00552600
v 0.13881300 0.24440400 0.00569300
v 0.13881500 0.24414500 0.00547400
v 0.14333900 0.24358400 0.00547700
v 0.14334600 0.24384300 0.00543500
v 0.13881200 0.24353300 0.00539600
v 0.13881300 0.24382600 0.00535900
v 0.12540600 0.24381000 0.00533400
v 0.12540600 0.24350600 0.00536900
v 0.12540600 0.24414400 0.00545700
v 0.12540600 0.24441700 0.00568400
v 0.14334600 0.24341800 0.00568100
v 0.14335300 0.24335800 0.00596500
v 0.13881400 0.24335500 0.00563100
v 0.13881600 0.24329500 0.00596500
v 0.14334600 0.24341800 0.00624900
v 0.13881400 0.24335500 0.00629900
v 0.12540600 0.24332400 0.00631500
v 0.12540700 0.24326400 0.00596500
v 0.12540600 0.24332400 0.00561400
v -0.14437900 0.25781700 0.00621000
v -0.14437300 0.25791100 0.00596500
v -0.14438600 0.25760100 0.00640400
v -0.13979900 0.25789400 0.00623600
v -0.13979700 0.25800800 0.00596500
v -0.13980000 0.25763500 0.00645600
v -0.14437200 0.25706600 0.00645200
v -0.14437900 0.25732500 0.00649400
v -0.13979600 0.25702300 0.00653300
v -0.13979800 0.25731600 0.00657000
v -0.12624500 0.25732200 0.00659500
v -0.12624500 0.25701900 0.00656000
v -0.12624600 0.25765600 0.00647300
v -0.12624600 0.25805100 0.00596500
v -0.12624600 0.25792900 0.00624500
v -0.14437900 0.25690000 0.00624900
v -0.14438600 0.25684100 0.00596500
v -0.13979800 0.25684500 0.00629900
v -0.13980000 0.25678500 0.00596500
v -0.14437200 0.25706600 0.00547700
v -0.14437900 0.25690000 0.00568100
v -0.13979600 0.25702300 0.00539600
v -0.13979800 0.25684500 0.00563100
v -0.12624500 0.25683700 0.00561400
v -0.12624500 0.25701900 0.00536900
v -0.12624500 0.25677600 0.00596500
v -0.12624500 0.25683700 0.00631500
v -0.14437900 0.25732500 0.00543500
v -0.14438600 0.25760100 0.00552600
v -0.13979800 0.25731600 0.00535900
v -0.13980000 0.25763500 0.00547400
v -0.14437900 0.25781700 0.00571900
v -0.13979900 0.25789400 0.00569300
v -0.12624600 0.25792900 0.00568400
v -0.12624600 0.25765600 0.00545700
v -0.12624500 0.25732200 0.00533400
v 0.14327600 0.25756400 0.00649400
v 0.14326900 0.25730500 0.00645200
v 0.14328200 0.25784000 0.00640400
v 0.13869500 0.25754700 0.00657000
v 0.13869300 0.25725400 0.00653300
v 0.13869600 0.25786600 0.00645600
v 0.14326800 0.25814900 0.00596500
v 0.14327500 0.25805600 0.00621000
v 0.13869200 0.25823900 0.00596500
v 0.13869400 0.25812500 0.00623600
v 0.12514100 0.25813800 0.00624500
v 0.12514100 0.25825900 0.00596500
v 0.12514100 0.25786500 0.00647300
v 0.12514200 0.25722700 0.00656000
v 0.12514200 0.25753100 0.00659500
v 0.14327500 0.25805600 0.00571900
v 0.14328200 0.25784000 0.00552600
v 0.13869400 0.25812500 0.00569300
v 0.13869600 0.25786600 0.00547400
v 0.14326900 0.25730500 0.00547700
v 0.14327600 0.25756400 0.00543500
v 0.13869300 0.25725400 0.00539600
v 0.13869500 0.25754700 0.00535900
v 0.12514200 0.25753100 0.00533400
v 0.12514200 0.25722700 0.00536900
v 0.12514100 0.25786500 0.00545700
v 0.12514100 0.25813800 0.00568400
v 0.14327600 0.25713900 0.00568100
v 0.14328300 0.25707900 0.00596500
v 0.13869500 0.25707600 0.00563100
v 0.13869700 0.25701600 0.00596500
v 0.14327600 0.25713900 0.00624900
v 0.13869500 0.25707600 0.00629900
v 0.12514200 0.25704500 0.00631500
v 0.12514200 0.25698500 0.00596500
v 0.12514200 0.25704500 0.00561400
v -0.14500000 0.27092700 0.00621000
v -0.14499300 0.27102000 0.00596500
v -0.14500700 0.27071100 0.00640400
v -0.14039000 0.27100300 0.00623600
v -0.14038900 0.27111800 0.00596500
v -0.14039200 0.27074400 0.00645600
v -0.14499300 0.27017600 0.00645200
v -0.14500000 0.27043500 0.00649400
v -0.14038800 0.27013300 0.00653300
v -0.14039000 0.27042500 0.00657000
v -0.12675000 0.27043200 0.00659500
v -0.12674900 0.27012800 0.00656000
v -0.12675000 0.27076600 0.00647300
v -0.12675000 0.27116000 0.00596500
v -0.12675000 0.27103900 0.00624500
v -0.14500000 0.27001000 0.00624900
v -0.14500700 0.26995000 0.00596500
v -0.14039000 0.26995500 0.00629900
v -0.14039100 0.26989400 0.00596500
v -0.14499300 0.27017600 0.00547700
v -0.14500000 0.27001000 0.00568100
v -0.14038800 0.27013300 0.00539600
v -0.14039000 0.26995500 0.00563100
v -0.12674900 0.26994600 0.00561400
v -0.12674900 0.27012800 0.00536900
v -0.12674900 0.26988600 0.00596500
v -0.12674900 0.26994600 0.00631500
v -0.14500000 0.27043500 0.00543500
v -0.14500700 0.27071100 0.00552600
v -0.14039000 0.27042500 0.00535900
v -0.14039200 0.27074400 0.00547400
v -0.14500000 0.27092700 0.00571900
v -0.14039000 0.27100300 0.00569300
v -0.12675000 0.27103900 0.00568400
v -0.12675000 0.27076600 0.00545700
v -0.12675000 0.27043200 0.00533400
v 0.14451800 0.27067300 0.00649400
v 0.14451100 0.27041400 0.00645200
v 0.14452500 0.27094900 0.00640400
v 0.13990800 0.27065600 0.00657000
v 0.13990600 0.27036400 0.00653300
v 0.13990900 0.27097500 0.00645600
v 0.14451000 0.27125900 0.00596500
v 0.14451700 0.27116600 0.00621000
v 0.13990600 0.27134900 0.00596500
v 0.13990700 0.27123400 0.00623600
v 0.12626700 0.27124700 0.00624500
v 0.12626700 0.27136900 0.00596500
v 0.12626700 0.27097400 0.00647300
v 0.12626800 0.27033700 0.00656000
v 0.12626800 0.27064000 0.00659500
v 0.14451700 0.27116600 0.00571900
v 0.14452500 0.27094900 0.00552600
v 0.13990700 0.27123400 0.00569300
v 0.13990900 0.27097500 0.00547400
v 0.14451100 0.27041400 0.00547700
v 0.14451800 0.27067300 0.00543500
v 0.13990600 0.27036400 0.00539600
v 0.13990800 0.27065600 0.00535900
v 0.12626800 0.27064000 0.00533400
v 0.12626800 0.27033700 0.00536900
v 0.12626700 0.27097400 0.00545700
v 0.12626700 0.27124700 0.00568400
v 0.14451800 0.27024800 0.00568100
v 0.14452500 0.27018900 0.00596500
v 0.13990800 0.27018600 0.00563100
v 0.13991000 0.27012500 0.00596500
v 0.14451800 0.27024800 0.00624900
v 0.13990800 0.27018600 0.00629900
v 0.12626800 0.27015500 0.00631500
v 0.12626800 0.27009400 0.00596500
v 0.12626800 0.27015500 0.00561400
v -0.14368800 0.28272400 0.00621000
v -0.14368100 0.28281700 0.00596500
v -0.14369500 0.28250700 0.00640400
v -0.13910800 0.28280000 0.00623600
v -0.13910600 0.28291400 0.00596500
v -0.13910900 0.28254100 0.00645600
v -0.14368100 0.28197200 0.00645200
v -0.14368800 0.28223100 0.00649400
v -0.13910500 0.28192900 0.00653300
v -0.13910700 0.28222200 0.00657000
v -0.12555400 0.28222800 0.00659500
v -0.12555400 0.28192500 0.00656000
v -0.12555400 0.28256200 0.00647300
v -0.12555500 0.28295700 0.00596500
v -0.12555500 0.28283500 0.00624500
v -0.14368800 0.28180600 0.00624900
v -0.14369500 0.28174700 0.00596500
v -0.13910700 0.28175100 0.00629900
v -0.13910900 0.28169100 0.00596500
v -0.14368100 0.28197200 0.00547700
v -0.14368800 0.28180600 0.00568100
v -0.13910500 0.28192900 0.00539600
v -0.13910700 0.28175100 0.00563100
v -0.12555400 0.28174300 0.00561400
v -0.12555400 0.28192500 0.00536900
v -0.12555400 0.28168200 0.00596500
v -0.12555400 0.28174300 0.00631500
v -0.14368800 0.28223100 0.00543500
v -0.14369500 0.28250700 0.00552600
v -0.13910700 0.28222200 0.00535900
v -0.13910900 0.28254100 0.00547400
v -0.14368800 0.28272400 0.00571900
v -0.13910800 0.28280000 0.00569300
v -0.12555500 0.28283500 0.00568400
v -0.12555400 0.28256200 0.00545700
v -0.12555400 0.28222800 0.00533400
v 0.14396600 0.28247000 0.00649400
v 0.14395900 0.28221100 0.00645200
v 0.14397300 0.28274600 0.00640400
v 0.13938500 0.28245300 0.00657000
v 0.13938400 0.28216000 0.00653300
v 0.13938700 0.28277200 0.00645600
v 0.14395900 0.28305500 0.00596500
v 0.14396600 0.28296200 0.00621000
v 0.13938300 0.28314500 0.00596500
v 0.13938500 0.28303100 0.00623600
v 0.12583200 0.28304400 0.00624500
v 0.12583200 0.28316500 0.00596500
v 0.12583200 0.28277100 0.00647300
v 0.12583300 0.28213300 0.00656000
v 0.12583200 0.28243700 0.00659500
v 0.14396600 0.28296200 0.00571900
v 0.14397300 0.28274600 0.00552600
v 0.13938500 0.28303100 0.00569300
v 0.13938700 0.28277200 0.00547400
v 0.14395900 0.28221100 0.00547700
v 0.14396600 0.28247000 0.00543500
v 0.13938400 0.28216000 0.00539600
v 0.13938500 0.28245300 0.00535900
v 0.12583200 0.28243700 0.00533400
v 0.12583300 0.28213300 0.00536900
v 0.12583200 0.28277100 0.00545700
v 0.12583200 0.28304400 0.00568400
v 0.14396700 0.28204500 0.00568100
v 0.14397400 0.28198500 0.00596500
v 0.13938600 0.28198200 0.00563100
v 0.13938800 0.28192200 0.00596500
v 0.14396700 0.28204500 0.00624900
v 0.13938600 0.28198200 0.00629900
v 0.12583300 0.28195100 0.00631500
v 0.12583300 0.28189100 0.00596500
v 0.12583300 0.28195100 0.00561400
v -0.14313800 0.29391200 0.00621000
v -0.14313100 0.29400500 0.00596500
v -0.14314500 0.29369500 0.00640400
v -0.13855700 0.29398800 0.00623600
v -0.13855500 0.29410200 0.00596500
v -0.13855900 0.29372900 0.00645600
v -0.14313000 0.29316000 0.00645200
v -0.14313700 0.29341900 0.00649400
v -0.13855400 0.29311700 0.00653300
v -0.13855600 0.29341000 0.00657000
v -0.12500300 0.29341700 0.00659500
v -0.12500300 0.29311300 0.00656000
v -0.12500400 0.29375000 0.00647300
v -0.12500400 0.29414500 0.00596500
v -0.12500400 0.29402300 0.00624500
v -0.14313700 0.29299500 0.00624900
v -0.14314400 0.29293500 0.00596500
v -0.13855600 0.29293900 0.00629900
v -0.13855800 0.29287900 0.00596500
v -0.14313000 0.29316000 0.00547700
v -0.14313700 0.29299500 0.00568100
v -0.13855400 0.29311700 0.00539600
v -0.13855600 0.29293900 0.00563100
v -0.12500300 0.29293100 0.00561400
v -0.12500300 0.29311300 0.00536900
v -0.12500300 0.29287000 0.00596500
v -0.12500300 0.29293100 0.00631500
v -0.14313700 0.29341900 0.00543500
v -0.14314500 0.29369500 0.00552600
v -0.13855600 0.29341000 0.00535900
v -0.13855900 0.29372900 0.00547400
v -0.14313800 0.29391200 0.00571900
v -0.13855700 0.29398800 0.00569300
v -0.12500400 0.29402300 0.00568400
v -0.12500400 0.29375000 0.00545700
v -0.12500300 0.29341700 0.00533400
v 0.14452300 0.29365800 0.00649400
v 0.14451600 0.29339900 0.00645200
v 0.14452900 0.29393400 0.00640400
v 0.13994200 0.29364100 0.00657000
v 0.13994000 0.29334800 0.00653300
v 0.13994300 0.29396000 0.00645600
v 0.14451500 0.29424400 0.00596500
v 0.14452200 0.29415000 0.00621000
v 0.13993900 0.29433300 0.00596500
v 0.13994100 0.29421900 0.00623600
v 0.12638800 0.29423200 0.00624500
v 0.12638800 0.29435300 0.00596500
v 0.12638800 0.29395900 0.00647300
v 0.12638900 0.29332200 0.00656000
v 0.12638800 0.29362500 0.00659500
v 0.14452200 0.29415000 0.00571900
v 0.14452900 0.29393400 0.00552600
v 0.13994100 0.29421900 0.00569300
v 0.13994300 0.29396000 0.00547400
v 0.14451600 0.29339900 0.00547700
v 0.14452300 0.29365800 0.00543500
v 0.13994000 0.29334800 0.00539600
v 0.13994200 0.29364100 0.00535900
v 0.12638800 0.29362500 0.00533400
v 0.12638900 0.29332200 0.00536900
v 0.12638800 0.29395900 0.00545700
v 0.12638800 0.29423200 0.00568400
v 0.14452300 0.29323300 0.00568100
v 0.14453000 0.29317400 0.00596500
v 0.13994200 0.29317000 0.00563100
v 0.13994400 0.29311000 0.00596500
v 0.14452300 0.29323300 0.00624900
v 0.13994200 0.29317000 0.00629900
v 0.12638900 0.29314000 0.00631500
v 0.12638900 0.29307900 0.00596500
v 0.12638900 0.29314000 0.00561400
v -0.14065400 0.30632800 0.00621000
v -0.14064700 0.30642100 0.00596500
v -0.14066100 0.30611100 0.00640400
v -0.13619000 0.30640400 0.00623600
v -0.13618800 0.30651800 0.00596500
v -0.13619200 0.30614500 0.00645600
v -0.14064700 0.30557600 0.00645200
v -0.14065400 0.30583500 0.00649400
v -0.13618700 0.30553300 0.00653300
v -0.13618900 0.30582600 0.00657000
v -0.12298600 0.30583200 0.00659500
v -0.12298600 0.30552900 0.00656000
v -0.12298600 0.30616600 0.00647300
v -0.12298600 0.30656100 0.00596500
v -0.12298600 0.30643900 0.00624500
v -0.14065400 0.30541000 0.00624900
v -0.14066100 0.30535100 0.00596500
v -0.13618900 0.30535500 0.00629900
v -0.13619100 0.30529500 0.00596500
v -0.14064700 0.30557600 0.00547700
v -0.14065400 0.30541000 0.00568100
v -0.13618700 0.30553300 0.00539600
v -0.13618900 0.30535500 0.00563100
v -0.12298500 0.30534700 0.00561400
v -0.12298600 0.30552900 0.00536900
v -0.12298500 0.30528600 0.00596500
v -0.12298500 0.30534700 0.00631500
v -0.14065400 0.30583500 0.00543500
v -0.14066100 0.30611100 0.00552600
v -0.13618900 0.30582600 0.00535900
v -0.13619200 0.30614500 0.00547400
v -0.14065400 0.30632800 0.00571900
v -0.13619000 0.30640400 0.00569300
v -0.12298600 0.30643900 0.00568400
v -0.12298600 0.30616600 0.00545700
v -0.12298600 0.30583200 0.00533400
v 0.13954800 0.30607400 0.00649400
v 0.13954100 0.30581500 0.00645200
v 0.13955500 0.30635000 0.00640400
v 0.13508400 0.30605700 0.00657000
v 0.13508200 0.30576400 0.00653300
v 0.13508500 0.30637600 0.00645600
v 0.13954000 0.30665900 0.00596500
v 0.13954700 0.30656600 0.00621000
v 0.13508100 0.30674900 0.00596500
v 0.13508300 0.30663500 0.00623600
v 0.12187900 0.30664800 0.00624500
v 0.12187900 0.30676900 0.00596500
v 0.12188000 0.30637500 0.00647300
v 0.12188000 0.30573700 0.00656000
v 0.12188000 0.30604100 0.00659500
v 0.13954700 0.30656600 0.00571900
v 0.13955500 0.30635000 0.00552600
v 0.13508300 0.30663500 0.00569300
v 0.13508500 0.30637600 0.00547400
v 0.13954100 0.30581500 0.00547700
v 0.13954800 0.30607400 0.00543500
v 0.13508200 0.30576400 0.00539600
v 0.13508400 0.30605700 0.00535900
v 0.12188000 0.30604100 0.00533400
v 0.12188000 0.30573700 0.00536900
v 0.12188000 0.30637500 0.00545700
v 0.12187900 0.30664800 0.00568400
v 0.13954800 0.30564900 0.00568100
v 0.13955500 0.30558900 0.00596500
v 0.13508400 0.30558600 0.00563100
v 0.13508600 0.30552600 0.00596500
v 0.13954800 0.30564900 0.00624900
v 0.13508400 0.30558600 0.00629900
v 0.12188000 0.30555500 0.00631500
v 0.12188000 0.30549500 0.00596500
v 0.12188000 0.30555500 0.00561400
v -0.13941300 0.31934800 0.00621000
v -0.13940600 0.31944200 0.00596500
v -0.13941900 0.31913200 0.00640400
v -0.13500600 0.31942500 0.00623600
v -0.13500500 0.31953900 0.00596500
v -0.13500800 0.31916600 0.00645600
v -0.13940500 0.31859700 0.00645200
v -0.13941200 0.31885600 0.00649400
v -0.13500400 0.31855400 0.00653300
v -0.13500600 0.31884700 0.00657000
v -0.12197700 0.31885300 0.00659500
v -0.12197700 0.31855000 0.00656000
v -0.12197700 0.31918700 0.00647300
v -0.12197800 0.31958200 0.00596500
v -0.12197800 0.31946000 0.00624500
v -0.13941200 0.31843100 0.00624900
v -0.13941900 0.31837200 0.00596500
v -0.13500600 0.31837600 0.00629900
v -0.13500700 0.31831600 0.00596500
v -0.13940500 0.31859700 0.00547700
v -0.13941200 0.31843100 0.00568100
v -0.13500400 0.31855400 0.00539600
v -0.13500600 0.31837600 0.00563100
v -0.12197700 0.31836800 0.00561400
v -0.12197700 0.31855000 0.00536900
v -0.12197700 0.31830700 0.00596500
v -0.12197700 0.31836800 0.00631500
v -0.13941200 0.31885600 0.00543500
v -0.13941900 0.31913200 0.00552600
v -0.13500600 0.31884700 0.00535900
v -0.13500800 0.31916600 0.00547400
v -0.13941300 0.31934800 0.00571900
v -0.13500600 0.31942500 0.00569300
v -0.12197700 0.31946000 0.00568400
v -0.12197700 0.31918700 0.00545700
v -0.12197700 0.31885300 0.00533400
v 0.13706400 0.31909500 0.00649400
v 0.13705700 0.31883600 0.00645200
v 0.13707000 0.31937100 0.00640400
v 0.13265800 0.31907700 0.00657000
v 0.13265600 0.31878500 0.00653300
v 0.13265900 0.31939700 0.00645600
v 0.13705600 0.31968000 0.00596500
v 0.13706300 0.31958700 0.00621000
v 0.13265500 0.31977000 0.00596500
v 0.13265700 0.31965600 0.00623600
v 0.11962800 0.31966900 0.00624500
v 0.11962800 0.31979000 0.00596500
v 0.11962800 0.31939600 0.00647300
v 0.11962900 0.31875800 0.00656000
v 0.11962900 0.31906200 0.00659500
v 0.13706300 0.31958700 0.00571900
v 0.13707000 0.31937100 0.00552600
v 0.13265700 0.31965600 0.00569300
v 0.13265900 0.31939700 0.00547400
v 0.13705700 0.31883600 0.00547700
v 0.13706400 0.31909500 0.00543500
v 0.13265600 0.31878500 0.00539600
v 0.13265800 0.31907700 0.00535900
v 0.11962900 0.31906200 0.00533400
v 0.11962900 0.31875800 0.00536900
v 0.11962800 0.31939600 0.00545700
v 0.11962800 0.31966900 0.00568400
v 0.13706400 0.31867000 0.00568100
v 0.13707100 0.31861000 0.00596500
v 0.13265800 0.31860700 0.00563100
v 0.13266000 0.31854700 0.00596500
v 0.13706400 0.31867000 0.00624900
v 0.13265800 0.31860700 0.00629900
v 0.11962900 0.31857600 0.00631500
v 0.11962900 0.31851600 0.00596500
v 0.11962900 0.31857600 0.00561400
v -0.13692900 0.33292500 0.00621000
v -0.13692200 0.33301800 0.00596500
v -0.13693600 0.33270800 0.00640400
v -0.13258100 0.33300100 0.00623600
v -0.13258000 0.33311500 0.00596500
v -0.13258300 0.33274200 0.00645600
v -0.13692200 0.33217400 0.00645200
v -0.13692900 0.33243300 0.00649400
v -0.13257900 0.33213100 0.00653300
v -0.13258100 0.33242300 0.00657000
v -0.11972700 0.33243000 0.00659600
v -0.11972600 0.33212600 0.00656100
v -0.11972700 0.33276300 0.00647300
v -0.11972700 0.33315800 0.00596500
v -0.11972700 0.33303600 0.00624500
v -0.13692800 0.33200800 0.00624900
v -0.13693500 0.33194800 0.00596500
v -0.13258100 0.33195300 0.00629900
v -0.13258200 0.33189200 0.00596500
v -0.13692100 0.33217400 0.00547700
v -0.13692800 0.33200800 0.00568100
v -0.13257900 0.33213100 0.00539600
v -0.13258000 0.33195300 0.00563100
v -0.11972600 0.33194400 0.00561400
v -0.11972600 0.33212600 0.00536900
v -0.11972600 0.33188300 0.00596500
v -0.11972600 0.33194400 0.00631500
v -0.13692900 0.33243300 0.00543500
v -0.13693600 0.33270800 0.00552600
v -0.13258100 0.33242300 0.00535900
v -0.13258300 0.33274200 0.00547400
v -0.13692900 0.33292500 0.00572000
v -0.13258100 0.33300100 0.00569300
v -0.11972700 0.33303600 0.00568400
v -0.11972700 0.33276300 0.00545700
v -0.11972600 0.33243000 0.00533400
v 0.13582000 0.33267100 0.00649400
v 0.13581300 0.33241200 0.00645200
v 0.13582700 0.33294700 0.00640400
v 0.13147200 0.33265400 0.00657000
v 0.13147100 0.33236100 0.00653300
v 0.13147400 0.33297300 0.00645600
v 0.13581300 0.33325700 0.00596500
v 0.13582000 0.33316300 0.00621000
v 0.13147000 0.33334600 0.00596500
v 0.13147200 0.33323200 0.00623600
v 0.11861700 0.33324500 0.00624500
v 0.11861700 0.33336600 0.00596500
v 0.11861800 0.33297200 0.00647300
v 0.11861800 0.33233500 0.00656000
v 0.11861800 0.33263800 0.00659500
v 0.13582000 0.33316300 0.00571900
v 0.13582700 0.33294700 0.00552600
v 0.13147200 0.33323200 0.00569300
v 0.13147400 0.33297300 0.00547400
v 0.13581300 0.33241200 0.00547700
v 0.13582000 0.33267100 0.00543500
v 0.13147100 0.33236100 0.00539600
v 0.13147200 0.33265400 0.00535900
v 0.11861800 0.33263800 0.00533400
v 0.11861800 0.33233500 0.00536900
v 0.11861800 0.33297200 0.00545700
v 0.11861700 0.33324500 0.00568400
v 0.13582100 0.33224600 0.00568100
v 0.13582800 0.33218700 0.00596500
v 0.13147300 0.33218300 0.00563100
v 0.13147400 0.33212300 0.00596500
v 0.13582100 0.33224600 0.00624900
v 0.13147300 0.33218300 0.00629900
v 0.11861800 0.33215300 0.00631500
v 0.11861800 0.33209200 0.00596500
v 0.11861800 0.33215300 0.00561400
v -0.13258300 0.34596300 0.00621000
v -0.13257600 0.34605600 0.00596500
v -0.13259000 0.34574700 0.00640400
v -0.12839000 0.34603900 0.00623600
v -0.12838900 0.34615400 0.00596500
v -0.12839200 0.34578000 0.00645600
v -0.13257500 0.34521200 0.00645200
v -0.13258300 0.34547100 0.00649400
v -0.12838800 0.34516900 0.00653300
v -0.12839000 0.34546100 0.00657000
v -0.11600100 0.34546800 0.00659500
v -0.11600100 0.34516400 0.00656000
v -0.11600200 0.34580200 0.00647300
v -0.11600200 0.34619600 0.00596500
v -0.11600200 0.34607500 0.00624500
v -0.13258200 0.34504600 0.00624900
v -0.13258900 0.34498600 0.00596500
v -0.12839000 0.34499100 0.00629900
v -0.12839100 0.34493000 0.00596500
v -0.13257500 0.34521200 0.00547700
v -0.13258200 0.34504600 0.00568100
v -0.12838800 0.34516900 0.00539600
v -0.12839000 0.34499100 0.00563100
v -0.11600100 0.34498200 0.00561400
v -0.11600100 0.34516400 0.00536900
v -0.11600100 0.34492200 0.00596500
v -0.11600100 0.34498200 0.00631500
v -0.13258300 0.34547100 0.00543500
v -0.13259000 0.34574700 0.00552600
v -0.12839000 0.34546100 0.00535900
v -0.12839200 0.34578000 0.00547400
v -0.13258300 0.34596300 0.00571900
v -0.12839000 0.34603900 0.00569300
v -0.11600200 0.34607500 0.00568400
v -0.11600200 0.34580200 0.00545700
v -0.11600100 0.34546800 0.00533400
v 0.13022900 0.34570900 0.00649400
v 0.13022300 0.34545000 0.00645200
v 0.13023600 0.34598500 0.00640400
v 0.12603700 0.34569200 0.00657000
v 0.12603500 0.34540000 0.00653300
v 0.12603800 0.34601100 0.00645600
v 0.13022200 0.34629500 0.00596500
v 0.13022900 0.34620200 0.00621000
v 0.12603400 0.34638500 0.00596500
v 0.12603600 0.34627000 0.00623600
v 0.11364800 0.34628300 0.00624500
v 0.11364800 0.34640500 0.00596500
v 0.11364800 0.34601000 0.00647300
v 0.11364900 0.34537300 0.00656000
v 0.11364800 0.34567600 0.00659500
v 0.13022900 0.34620200 0.00571900
v 0.13023600 0.34598500 0.00552600
v 0.12603600 0.34627000 0.00569300
v 0.12603800 0.34601100 0.00547400
v 0.13022300 0.34545000 0.00547700
v 0.13022900 0.34570900 0.00543500
v 0.12603500 0.34540000 0.00539600
v 0.12603700 0.34569200 0.00535900
v 0.11364800 0.34567600 0.00533400
v 0.11364900 0.34537300 0.00536900
v 0.11364800 0.34601000 0.00545700
v 0.11364800 0.34628300 0.00568400
v 0.13023000 0.34528500 0.00568100
v 0.13023700 0.34522500 0.00596500
v 0.12603700 0.34522200 0.00563100
v 0.12603900 0.34516100 0.00596500
v 0.13023000 0.34528500 0.00624900
v 0.12603700 0.34522200 0.00629900
v 0.11364900 0.34519100 0.00631500
v 0.11364900 0.34513000 0.00596500
v 0.11364900 0.34519100 0.00561400
v -0.12389100 0.36265900 0.00621000
v -0.12388400 0.36275200 0.00596500
v -0.12389800 0.36244200 0.00640400
v -0.11997000 0.36273500 0.00623600
v -0.11996800 0.36284900 0.00596500
v -0.11997200 0.36247600 0.00645600
v -0.12388300 0.36190700 0.00645200
v -0.12389000 0.36216600 0.00649400
v -0.11996700 0.36186400 0.00653300
v -0.11997000 0.36215700 0.00657000
v -0.10839600 0.36216400 0.00659500
v -0.10839600 0.36186000 0.00656000
v -0.10839700 0.36249700 0.00647300
v -0.10839700 0.36289200 0.00596500
v -0.10839700 0.36277000 0.00624500
v -0.12389000 0.36174200 0.00624900
v -0.12389700 0.36168200 0.00596500
v -0.11996900 0.36168600 0.00629900
v -0.11997100 0.36162600 0.00596500
v -0.12388300 0.36190700 0.00547700
v -0.12389000 0.36174200 0.00568100
v -0.11996700 0.36186400 0.00539600
v -0.11996900 0.36168600 0.00563100
v -0.10839600 0.36167800 0.00561400
v -0.10839600 0.36186000 0.00536900
v -0.10839600 0.36161700 0.00596500
v -0.10839600 0.36167800 0.00631500
v -0.12389000 0.36216600 0.00543500
v -0.12389800 0.36244200 0.00552600
v -0.11997000 0.36215700 0.00535900
v -0.11997200 0.36247600 0.00547400
v -0.12389100 0.36265900 0.00571900
v -0.11997000 0.36273500 0.00569300
v -0.10839700 0.36277000 0.00568400
v -0.10839700 0.36249700 0.00545700
v -0.10839600 0.36216400 0.00533400
v 0.12153200 0.36240500 0.00649400
v 0.12152500 0.36214600 0.00645200
v 0.12153800 0.36268100 0.00640400
v 0.11761100 0.36238800 0.00657000
v 0.11760900 0.36209500 0.00653300
v 0.11761200 0.36270700 0.00645600
v 0.12152400 0.36299000 0.00596500
v 0.12153100 0.36289700 0.00621000
v 0.11760800 0.36308000 0.00596500
v 0.11761000 0.36296600 0.00623600
v 0.10603700 0.36297900 0.00624500
v 0.10603700 0.36310000 0.00596500
v 0.10603700 0.36270600 0.00647300
v 0.10603800 0.36206800 0.00656000
v 0.10603700 0.36237200 0.00659500
v 0.12153100 0.36289700 0.00571900
v 0.12153800 0.36268100 0.00552600
v 0.11761000 0.36296600 0.00569300
v 0.11761200 0.36270700 0.00547400
v 0.12152500 0.36214600 0.00547700
v 0.12153200 0.36240500 0.00543500
v 0.11760900 0.36209500 0.00539600
v 0.11761100 0.36238800 0.00535900
v 0.10603700 0.36237200 0.00533400
v 0.10603800 0.36206800 0.00536900
v 0.10603700 0.36270600 0.00545700
v 0.10603700 0.36297900 0.00568400
v 0.12153200 0.36198000 0.00568100
v 0.12153900 0.36192100 0.00596500
v 0.11761100 0.36191700 0.00563100
v 0.11761300 0.36185700 0.00596500
v 0.12153200 0.36198000 0.00624900
v 0.11761100 0.36191700 0.00629900
v 0.10603800 0.36188600 0.00631500
v 0.10603800 0.36182600 0.00596500
v 0.10603800 0.36188600 0.00561400
v -0.11085300 0.37995400 0.00621000
v -0.11084600 0.38004700 0.00596500
v -0.11086000 0.37973800 0.00640400
v -0.10726200 0.38003000 0.00623600
v -0.10726000 0.38014500 0.00596500
v -0.10726300 0.37977100 0.00645600
v -0.11084500 0.37920300 0.00645200
v -0.11085200 0.37946200 0.00649400
v -0.10725900 0.37916000 0.00653300
v -0.10726100 0.37945200 0.00657000
v -0.09667800 0.37945900 0.00659500
v -0.09667800 0.37915500 0.00656000
v -0.09667800 0.37979300 0.00647300
v -0.09667900 0.38018700 0.00596500
v -0.09667900 0.38006600 0.00624500
v -0.11085200 0.37903700 0.00624900
v -0.11085900 0.37897700 0.00596500
v -0.10726100 0.37898200 0.00629900
v -0.10726200 0.37892100 0.00596500
v -0.11084500 0.37920300 0.00547700
v -0.11085200 0.37903700 0.00568100
v -0.10725900 0.37916000 0.00539600
v -0.10726100 0.37898200 0.00563100
v -0.09667700 0.37897300 0.00561400
v -0.09667800 0.37915500 0.00536900
v -0.09667700 0.37891300 0.00596500
v -0.09667700 0.37897300 0.00631500
v -0.11085200 0.37946200 0.00543500
v -0.11086000 0.37973800 0.00552600
v -0.10726100 0.37945200 0.00535900
v -0.10726300 0.37977100 0.00547400
v -0.11085300 0.37995400 0.00571900
v -0.10726200 0.38003000 0.00569300
v -0.09667900 0.38006600 0.00568400
v -0.09667800 0.37979300 0.00545700
v -0.09667800 0.37945900 0.00533400
v 0.11345100 0.37970000 0.00649400
v 0.11344500 0.37944100 0.00645200
v 0.11345800 0.37997600 0.00640400
v 0.10986100 0.37968300 0.00657000
v 0.10985900 0.37939100 0.00653300
v 0.10986200 0.38000200 0.00645600
v 0.11344400 0.38028600 0.00596500
v 0.11345100 0.38019200 0.00621000
v 0.10985800 0.38037600 0.00596500
v 0.10986000 0.38026100 0.00623600
v 0.09927700 0.38027400 0.00624500
v 0.09927600 0.38039500 0.00596500
v 0.09927700 0.38000100 0.00647300
v 0.09927700 0.37936400 0.00656000
v 0.09927700 0.37966700 0.00659500
v 0.11345100 0.38019200 0.00571900
v 0.11345800 0.37997600 0.00552600
v 0.10986000 0.38026100 0.00569300
v 0.10986200 0.38000200 0.00547400
v 0.11344500 0.37944100 0.00547700
v 0.11345100 0.37970000 0.00543500
v 0.10985900 0.37939100 0.00539600
v 0.10986100 0.37968300 0.00535900
v 0.09927700 0.37966700 0.00533400
v 0.09927700 0.37936400 0.00536900
v 0.09927700 0.38000100 0.00545700
v 0.09927700 0.38027400 0.00568400
v 0.11345200 0.37927500 0.00568100
v 0.11345900 0.37921600 0.00596500
v 0.10986100 0.37921300 0.00563100
v 0.10986300 0.37915200 0.00596500
v 0.11345200 0.37927500 0.00624900
v 0.10986100 0.37921300 0.00629900
v 0.09927800 0.37918200 0.00631500
v 0.09927800 0.37912100 0.00596500
v 0.09927800 0.37918200 0.00561400
v -0.09967700 0.39784800 0.00621000
v -0.09967000 0.39794100 0.00596500
v -0.09968400 0.39763200 0.00640400
v -0.09646500 0.39792400 0.00623600
v -0.09646300 0.39803900 0.00596500
v -0.09646600 0.39766600 0.00645600
v -0.09966900 0.39709700 0.00645200
v -0.09967700 0.39735600 0.00649400
v -0.09646200 0.39705400 0.00653300
v -0.09646400 0.39734600 0.00657000
v -0.08701600 0.39735300 0.00659500
v -0.08701600 0.39705000 0.00656000
v -0.08701600 0.39768700 0.00647300
v -0.08701700 0.39808100 0.00596500
v -0.08701700 0.39796000 0.00624500
v -0.09967600 0.39693100 0.00624900
v -0.09968300 0.39687200 0.00596500
v -0.09646400 0.39687600 0.00629900
v -0.09646500 0.39681600 0.00596500
v -0.09966900 0.39709700 0.00547700
v -0.09967600 0.39693100 0.00568100
v -0.09646200 0.39705400 0.00539600
v -0.09646400 0.39687600 0.00563100
v -0.08701500 0.39686700 0.00561400
v -0.08701600 0.39705000 0.00536900
v -0.08701500 0.39680700 0.00596500
v -0.08701500 0.39686800 0.00631500
v -0.09967700 0.39735600 0.00543500
v -0.09968400 0.39763200 0.00552600
v -0.09646400 0.39734600 0.00535900
v -0.09646600 0.39766600 0.00547400
v -0.09967700 0.39784800 0.00571900
v -0.09646500 0.39792400 0.00569300
v -0.08701700 0.39796000 0.00568400
v -0.08701600 0.39768700 0.00545700
v -0.08701600 0.39735300 0.00533400
v 0.10040600 0.39759400 0.00649400
v 0.10039900 0.39733500 0.00645200
v 0.10041300 0.39787000 0.00640400
v 0.09719300 0.39757700 0.00657000
v 0.09719200 0.39728500 0.00653300
v 0.09719500 0.39789600 0.00645600
v 0.10039800 0.39818000 0.00596500
v 0.10040500 0.39808700 0.00621000
v 0.09719100 0.39827000 0.00596500
v 0.09719300 0.39815500 0.00623600
v 0.08774500 0.39816800 0.00624500
v 0.08774400 0.39829000 0.00596500
v 0.08774500 0.39789500 0.00647300
v 0.08774600 0.39725800 0.00656000
v 0.08774500 0.39756100 0.00659500
v 0.10040500 0.39808700 0.00571900
v 0.10041300 0.39787000 0.00552600
v 0.09719300 0.39815500 0.00569300
v 0.09719500 0.39789600 0.00547400
v 0.10039900 0.39733500 0.00547700
v 0.10040600 0.39759400 0.00543500
v 0.09719200 0.39728500 0.00539600
v 0.09719300 0.39757700 0.00535900
v 0.08774500 0.39756100 0.00533400
v 0.08774600 0.39725800 0.00536900
v 0.08774500 0.39789500 0.00545700
v 0.08774500 0.39816800 0.00568400
v 0.10040600 0.39717000 0.00568100
v 0.10041300 0.39711000 0.00596500
v 0.09719400 0.39710700 0.00563100
v 0.09719600 0.39704600 0.00596500
v 0.10040600 0.39717000 0.00624900
v 0.09719400 0.39710700 0.00629900
v 0.08774600 0.39707600 0.00631500
v 0.08774600 0.39701500 0.00596500
v 0.08774600 0.39707600 0.00561400
v -0.09777200 0.12646000 0.00621000
v -0.09776400 0.12655300 0.00596500
v -0.09777800 0.12624300 0.00640400
v -0.09458800 0.12653600 0.00623600
v -0.09458700 0.12665000 0.00596500
v -0.09459000 0.12627700 0.00645600
v -0.09776400 0.12570800 0.00645200
v -0.09777100 0.12596700 0.00649400
v -0.09458600 0.12566500 0.00653300
v -0.09458800 0.12595800 0.00657000
v -0.08522700 0.12596400 0.00659600
v -0.08522700 0.12566100 0.00656100
v -0.08522700 0.12629800 0.00647300
v -0.08522800 0.12669300 0.00596500
v -0.08522800 0.12657100 0.00624500
v -0.09777000 0.12554200 0.00624900
v -0.09777700 0.12548300 0.00596500
v -0.09458700 0.12548700 0.00629900
v -0.09458900 0.12542700 0.00596500
v -0.09776300 0.12570800 0.00547700
v -0.09777000 0.12554200 0.00568100
v -0.09458500 0.12566500 0.00539600
v -0.09458700 0.12548700 0.00563100
v -0.08522600 0.12547900 0.00561400
v -0.08522600 0.12566100 0.00536900
v -0.08522600 0.12541800 0.00596500
v -0.08522600 0.12547900 0.00631500
v -0.09777100 0.12596700 0.00543500
v -0.09777800 0.12624300 0.00552600
v -0.09458700 0.12595800 0.00535900
v -0.09458900 0.12627700 0.00547400
v -0.09777100 0.12646000 0.00572000
v -0.09458800 0.12653600 0.00569300
v -0.08522700 0.12657100 0.00568400
v -0.08522700 0.12629800 0.00545700
v -0.08522700 0.12596400 0.00533400
v 0.10044800 0.12620600 0.00649400
v 0.10044100 0.12594700 0.00645200
v 0.10045400 0.12648200 0.00640400
v 0.09726400 0.12618800 0.00657000
v 0.09726300 0.12589600 0.00653300
v 0.09726600 0.12650800 0.00645600
v 0.10044000 0.12679100 0.00596500
v 0.10044700 0.12669800 0.00621000
v 0.09726200 0.12688100 0.00596500
v 0.09726400 0.12676700 0.00623600
v 0.08790300 0.12678000 0.00624500
v 0.08790300 0.12690100 0.00596500
v 0.08790300 0.12650700 0.00647300
v 0.08790400 0.12586900 0.00656000
v 0.08790400 0.12617300 0.00659500
v 0.10044700 0.12669800 0.00571900
v 0.10045400 0.12648200 0.00552600
v 0.09726400 0.12676700 0.00569300
v 0.09726600 0.12650800 0.00547400
v 0.10044100 0.12594700 0.00547700
v 0.10044800 0.12620600 0.00543500
v 0.09726300 0.12589600 0.00539600
v 0.09726400 0.12618800 0.00535900
v 0.08790400 0.12617300 0.00533400
v 0.08790400 0.12586900 0.00536900
v 0.08790300 0.12650700 0.00545700
v 0.08790300 0.12678000 0.00568400
v 0.10044800 0.12578100 0.00568100
v 0.10045500 0.12572100 0.00596500
v 0.09726500 0.12571800 0.00563100
v 0.09726700 0.12565800 0.00596500
v 0.10044800 0.12578100 0.00624900
v 0.09726500 0.12571800 0.00629900
v 0.08790400 0.12568700 0.00631500
v 0.08790400 0.12562600 0.00596500
v 0.08790400 0.12568700 0.00561400
v -0.11395700 0.15000100 0.00621000
v -0.11395000 0.15009400 0.00596500
v -0.11396400 0.14978500 0.00640400
v -0.11030800 0.15007800 0.00623600
v -0.11030600 0.15019200 0.00596500
v -0.11030900 0.14981900 0.00645600
v -0.11394900 0.14925000 0.00645200
v -0.11395700 0.14950900 0.00649400
v -0.11030500 0.14920700 0.00653300
v -0.11030700 0.14949900 0.00657000
v -0.09954900 0.14950600 0.00659500
v -0.09954900 0.14920300 0.00656000
v -0.09955000 0.14984000 0.00647300
v -0.09955000 0.15023400 0.00596500
v -0.09955000 0.15011300 0.00624500
v -0.11395600 0.14908400 0.00624900
v -0.11396300 0.14902500 0.00596500
v -0.11030700 0.14902900 0.00629900
v -0.11030900 0.14896900 0.00596500
v -0.11394900 0.14925000 0.00547700
v -0.11395600 0.14908400 0.00568100
v -0.11030500 0.14920700 0.00539600
v -0.11030700 0.14902900 0.00563100
v -0.09954900 0.14902100 0.00561400
v -0.09954900 0.14920300 0.00536900
v -0.09954900 0.14896000 0.00596500
v -0.09954900 0.14902100 0.00631500
v -0.11395700 0.14950900 0.00543500
v -0.11396400 0.14978500 0.00552600
v -0.11030700 0.14949900 0.00535900
v -0.11030900 0.14981900 0.00547400
v -0.11395700 0.15000100 0.00571900
v -0.11030800 0.15007800 0.00569300
v -0.09955000 0.15011300 0.00568400
v -0.09955000 0.14984000 0.00545700
v -0.09954900 0.14950600 0.00533400
v 0.11407400 0.14974700 0.00649400
v 0.11406800 0.14948800 0.00645200
v 0.11408100 0.15002300 0.00640400
v 0.11042500 0.14973000 0.00657000
v 0.11042400 0.14943800 0.00653300
v 0.11042700 0.15004900 0.00645600
v 0.11406700 0.15033300 0.00596500
v 0.11407400 0.15024000 0.00621000
v 0.11042300 0.15042300 0.00596500
v 0.11042500 0.15030800 0.00623600
v 0.09966700 0.15032100 0.00624500
v 0.09966600 0.15044300 0.00596500
v 0.09966700 0.15004800 0.00647300
v 0.09966800 0.14941100 0.00656000
v 0.09966700 0.14971400 0.00659500
v 0.11407400 0.15024000 0.00571900
v 0.11408100 0.15002300 0.00552600
v 0.11042500 0.15030800 0.00569300
v 0.11042700 0.15004900 0.00547400
v 0.11406800 0.14948800 0.00547700
v 0.11407500 0.14974700 0.00543500
v 0.11042400 0.14943800 0.00539600
v 0.11042500 0.14973000 0.00535900
v 0.09966700 0.14971400 0.00533400
v 0.09966800 0.14941100 0.00536900
v 0.09966700 0.15004800 0.00545700
v 0.09966700 0.15032100 0.00568400
v 0.11407500 0.14932300 0.00568100
v 0.11408200 0.14926300 0.00596500
v 0.11042600 0.14926000 0.00563100
v 0.11042800 0.14919900 0.00596500
v 0.11407500 0.14932300 0.00624900
v 0.11042600 0.14926000 0.00629900
v 0.09966800 0.14922900 0.00631500
v 0.09966800 0.14916800 0.00596500
v 0.09966800 0.14922900 0.00561400
v -0.12389100 0.17039000 0.00621000
v -0.12388400 0.17048300 0.00596500
v -0.12389800 0.17017300 0.00640400
v -0.11997000 0.17046600 0.00623600
v -0.11996800 0.17058100 0.00596500
v -0.11997200 0.17020700 0.00645600
v -0.12388300 0.16963900 0.00645200
v -0.12389000 0.16989800 0.00649400
v -0.11996800 0.16959600 0.00653300
v -0.11997000 0.16988800 0.00657000
v -0.10839600 0.16989500 0.00659500
v -0.10839600 0.16959100 0.00656000
v -0.10839700 0.17022800 0.00647300
v -0.10839700 0.17062300 0.00596500
v -0.10839700 0.17050200 0.00624500
v -0.12389000 0.16947300 0.00624900
v -0.12389700 0.16941300 0.00596500
v -0.11996900 0.16941800 0.00629900
v -0.11997100 0.16935700 0.00596500
v -0.12388300 0.16963900 0.00547700
v -0.12389000 0.16947300 0.00568100
v -0.11996700 0.16959600 0.00539600
v -0.11996900 0.16941800 0.00563100
v -0.10839600 0.16940900 0.00561400
v -0.10839600 0.16959100 0.00536900
v -0.10839600 0.16934800 0.00596500
v -0.10839600 0.16940900 0.00631500
v -0.12389000 0.16989800 0.00543500
v -0.12389800 0.17017300 0.00552600
v -0.11997000 0.16988800 0.00535900
v -0.11997200 0.17020700 0.00547400
v -0.12389100 0.17039000 0.00571900
v -0.11997000 0.17046600 0.00569300
v -0.10839700 0.17050200 0.00568400
v -0.10839700 0.17022800 0.00545700
v -0.10839600 0.16989500 0.00533400
v 0.12153200 0.17013600 0.00649400
v 0.12152500 0.16987700 0.00645200
v 0.12153800 0.17041200 0.00640400
v 0.11761100 0.17011900 0.00657000
v 0.11760900 0.16982600 0.00653300
v 0.11761200 0.17043800 0.00645600
v 0.12152400 0.17072200 0.00596500
v 0.12153100 0.17062800 0.00621000
v 0.11760800 0.17081100 0.00596500
v 0.11761000 0.17069700 0.00623600
v 0.10603700 0.17071000 0.00624500
v 0.10603700 0.17083100 0.00596500
v 0.10603700 0.17043700 0.00647300
v 0.10603800 0.16980000 0.00656000
v 0.10603700 0.17010300 0.00659500
v 0.12153100 0.17062800 0.00571900
v 0.12153800 0.17041200 0.00552600
v 0.11761000 0.17069700 0.00569300
v 0.11761200 0.17043800 0.00547400
v 0.12152500 0.16987700 0.00547700
v 0.12153200 0.17013600 0.00543500
v 0.11760900 0.16982600 0.00539600
v 0.11761100 0.17011900 0.00535900
v 0.10603700 0.17010300 0.00533400
v 0.10603800 0.16980000 0.00536900
v 0.10603700 0.17043700 0.00545700
v 0.10603700 0.17071000 0.00568400
v 0.12153200 0.16971100 0.00568100
v 0.12153900 0.16965200 0.00596500
v 0.11761100 0.16964800 0.00563100
v 0.11761300 0.16958800 0.00596500
v 0.12153200 0.16971100 0.00624900
v 0.11761100 0.16964800 0.00629900
v 0.10603800 0.16961800 0.00631500
v 0.10603800 0.16955700 0.00596500
v 0.10603800 0.16961800 0.00561400
v -0.12699500 0.18465300 0.00621000
v -0.12698800 0.18474600 0.00596500
v -0.12700200 0.18443700 0.00640400
v -0.12292900 0.18472900 0.00623600
v -0.12292700 0.18484400 0.00596500
v -0.12293000 0.18447100 0.00645600
v -0.12698800 0.18390200 0.00645200
v -0.12699500 0.18416100 0.00649400
v -0.12292600 0.18385900 0.00653300
v -0.12292800 0.18415100 0.00657000
v -0.11091800 0.18415800 0.00659600
v -0.11091800 0.18385500 0.00656100
v -0.11091900 0.18449200 0.00647300
v -0.11091900 0.18488600 0.00596500
v -0.11091900 0.18476500 0.00624500
v -0.12699400 0.18373600 0.00624900
v -0.12700100 0.18367600 0.00596500
v -0.12292800 0.18368100 0.00629900
v -0.12293000 0.18362000 0.00596500
v -0.12698700 0.18390200 0.00547700
v -0.12699400 0.18373600 0.00568100
v -0.12292600 0.18385900 0.00539600
v -0.12292800 0.18368100 0.00563100
v -0.11091800 0.18367200 0.00561400
v -0.11091800 0.18385500 0.00536900
v -0.11091800 0.18361200 0.00596500
v -0.11091800 0.18367200 0.00631500
v -0.12699500 0.18416100 0.00543500
v -0.12700200 0.18443700 0.00552600
v -0.12292800 0.18415100 0.00535900
v -0.12293000 0.18447100 0.00547400
v -0.12699500 0.18465300 0.00572000
v -0.12292900 0.18472900 0.00569300
v -0.11091900 0.18476500 0.00568400
v -0.11091800 0.18449200 0.00545700
v -0.11091800 0.18415800 0.00533400
v 0.12774200 0.18439900 0.00649400
v 0.12773600 0.18414000 0.00645200
v 0.12774900 0.18467500 0.00640400
v 0.12367600 0.18438200 0.00657000
v 0.12367400 0.18409000 0.00653300
v 0.12367700 0.18470100 0.00645600
v 0.12773500 0.18498500 0.00596500
v 0.12774200 0.18489200 0.00621000
v 0.12367300 0.18507500 0.00596500
v 0.12367500 0.18496000 0.00623600
v 0.11166500 0.18497300 0.00624500
v 0.11166500 0.18509500 0.00596500
v 0.11166600 0.18470000 0.00647300
v 0.11166600 0.18406300 0.00656000
v 0.11166600 0.18436600 0.00659500
v 0.12774200 0.18489200 0.00571900
v 0.12774900 0.18467500 0.00552600
v 0.12367500 0.18496000 0.00569300
v 0.12367700 0.18470100 0.00547400
v 0.12773500 0.18414000 0.00547700
v 0.12774200 0.18439900 0.00543500
v 0.12367400 0.18409000 0.00539600
v 0.12367600 0.18438200 0.00535900
v 0.11166600 0.18436600 0.00533400
v 0.11166600 0.18406300 0.00536900
v 0.11166600 0.18470000 0.00545700
v 0.11166500 0.18497300 0.00568400
v 0.12774300 0.18397500 0.00568100
v 0.12775000 0.18391500 0.00596500
v 0.12367600 0.18391200 0.00563100
v 0.12367800 0.18385100 0.00596500
v 0.12774300 0.18397500 0.00624900
v 0.12367600 0.18391200 0.00629900
v 0.11166600 0.18388100 0.00631500
v 0.11166600 0.18382000 0.00596500
v 0.11166600 0.18388100 0.00561400
v -0.13568700 0.19946500 0.00621000
v -0.13568000 0.19955800 0.00596500
v -0.13569400 0.19924900 0.00640400
v -0.13139800 0.19954100 0.00623600
v -0.13139600 0.19965600 0.00596500
v -0.13139900 0.19928200 0.00645600
v -0.13568000 0.19871400 0.00645200
v -0.13568700 0.19897300 0.00649400
v -0.13139500 0.19867100 0.00653300
v -0.13139700 0.19896300 0.00657000
v -0.11871800 0.19897000 0.00659500
v -0.11871700 0.19866600 0.00656000
v -0.11871800 0.19930400 0.00647300
v -0.11871800 0.19969800 0.00596500
v -0.11871800 0.19957700 0.00624500
v -0.13568700 0.19854800 0.00624900
v -0.13569400 0.19848800 0.00596500
v -0.13139700 0.19849300 0.00629900
v -0.13139900 0.19843200 0.00596500
v -0.13568000 0.19871400 0.00547700
v -0.13568700 0.19854800 0.00568100
v -0.13139500 0.19867100 0.00539600
v -0.13139700 0.19849300 0.00563100
v -0.11871700 0.19848400 0.00561400
v -0.11871700 0.19866600 0.00536900
v -0.11871700 0.19842400 0.00596500
v -0.11871700 0.19848400 0.00631500
v -0.13568700 0.19897300 0.00543500
v -0.13569400 0.19924900 0.00552600
v -0.13139700 0.19896300 0.00535900
v -0.13139900 0.19928200 0.00547400
v -0.13568700 0.19946500 0.00571900
v -0.13139800 0.19954100 0.00569300
v -0.11871800 0.19957700 0.00568400
v -0.11871800 0.19930400 0.00545700
v -0.11871800 0.19897000 0.00533400
v 0.13333600 0.19921100 0.00649400
v 0.13332900 0.19895200 0.00645200
v 0.13334300 0.19948700 0.00640400
v 0.12904600 0.19919400 0.00657000
v 0.12904500 0.19890200 0.00653300
v 0.12904800 0.19951300 0.00645600
v 0.13332800 0.19979700 0.00596500
v 0.13333500 0.19970400 0.00621000
v 0.12904400 0.19988700 0.00596500
v 0.12904600 0.19977200 0.00623600
v 0.11636600 0.19978500 0.00624500
v 0.11636600 0.19990700 0.00596500
v 0.11636600 0.19951200 0.00647300
v 0.11636700 0.19887500 0.00656000
v 0.11636700 0.19917800 0.00659500
v 0.13333500 0.19970400 0.00571900
v 0.13334300 0.19948700 0.00552600
v 0.12904600 0.19977200 0.00569300
v 0.12904800 0.19951300 0.00547400
v 0.13332900 0.19895200 0.00547700
v 0.13333600 0.19921100 0.00543500
v 0.12904500 0.19890200 0.00539600
v 0.12904600 0.19919400 0.00535900
v 0.11636700 0.19917800 0.00533400
v 0.11636700 0.19887500 0.00536900
v 0.11636600 0.19951200 0.00545700
v 0.11636600 0.19978500 0.00568400
v 0.13333600 0.19878600 0.00568100
v 0.13334300 0.19872700 0.00596500
v 0.12904700 0.19872400 0.00563100
v 0.12904800 0.19866300 0.00596500
v 0.13333600 0.19878600 0.00624900
v 0.12904700 0.19872400 0.00629900
v 0.11636700 0.19869300 0.00631500
v 0.11636700 0.19863200 0.00596500
v 0.11636700 0.19869300 0.00561400
v -0.13817100 0.21487600 0.00621000
v -0.13816400 0.21496900 0.00596500
v -0.13817800 0.21465900 0.00640400
v -0.13377500 0.21495200 0.00623600
v -0.13377300 0.21506600 0.00596500
v -0.13377600 0.21469300 0.00645600
v -0.13816300 0.21412400 0.00645200
v -0.13817000 0.21438300 0.00649400
v -0.13377200 0.21408100 0.00653300
v -0.13377400 0.21437400 0.00657000
v -0.12077400 0.21438000 0.00659500
v -0.12077400 0.21407700 0.00656000
v -0.12077400 0.21471400 0.00647300
v -0.12077500 0.21510900 0.00596500
v -0.12077500 0.21498700 0.00624500
v -0.13817000 0.21395900 0.00624900
v -0.13817700 0.21389900 0.00596500
v -0.13377400 0.21390300 0.00629900
v -0.13377500 0.21384300 0.00596500
v -0.13816300 0.21412400 0.00547700
v -0.13817000 0.21395900 0.00568100
v -0.13377200 0.21408100 0.00539600
v -0.13377400 0.21390300 0.00563100
v -0.12077400 0.21389500 0.00561400
v -0.12077400 0.21407700 0.00536900
v -0.12077400 0.21383400 0.00596500
v -0.12077400 0.21389500 0.00631500
v -0.13817000 0.21438300 0.00543500
v -0.13817800 0.21465900 0.00552600
v -0.13377400 0.21437400 0.00535900
v -0.13377600 0.21469300 0.00547400
v -0.13817100 0.21487600 0.00571900
v -0.13377500 0.21495200 0.00569300
v -0.12077500 0.21498700 0.00568400
v -0.12077400 0.21471400 0.00545700
v -0.12077400 0.21438000 0.00533400
v 0.13768300 0.21462200 0.00649400
v 0.13767600 0.21436300 0.00645200
v 0.13769000 0.21489800 0.00640400
v 0.13328600 0.21460500 0.00657000
v 0.13328500 0.21431200 0.00653300
v 0.13328800 0.21492400 0.00645600
v 0.13767500 0.21520800 0.00596500
v 0.13768200 0.21511400 0.00621000
v 0.13328400 0.21529700 0.00596500
v 0.13328600 0.21518300 0.00623600
v 0.12028600 0.21519600 0.00624500
v 0.12028600 0.21531700 0.00596500
v 0.12028600 0.21492300 0.00647300
v 0.12028700 0.21428600 0.00656000
v 0.12028700 0.21458900 0.00659500
v 0.13768200 0.21511400 0.00571900
v 0.13769000 0.21489800 0.00552600
v 0.13328600 0.21518300 0.00569300
v 0.13328800 0.21492400 0.00547400
v 0.13767600 0.21436300 0.00547700
v 0.13768300 0.21462200 0.00543500
v 0.13328500 0.21431200 0.00539600
v 0.13328600 0.21460500 0.00535900
v 0.12028700 0.21458900 0.00533400
v 0.12028700 0.21428600 0.00536900
v 0.12028600 0.21492300 0.00545700
v 0.12028600 0.21519600 0.00568400
v 0.13768300 0.21419700 0.00568100
v 0.13769000 0.21413800 0.00596500
v 0.13328700 0.21413400 0.00563100
v 0.13328900 0.21407400 0.00596500
v 0.13768300 0.21419700 0.00624900
v 0.13328700 0.21413400 0.00629900
v 0.12028700 0.21410300 0.00631500
v 0.12028700 0.21404300 0.00596500
v 0.12028700 0.21410300 0.00561400
v -0.14189600 0.23080600 0.00621000
v -0.14188900 0.23089900 0.00596500
v -0.14190300 0.23058900 0.00640400
v -0.13743200 0.23088200 0.00623600
v -0.13743000 0.23099600 0.00596500
v -0.13743300 0.23062300 0.00645600
v -0.14188800 0.23005400 0.00645200
v -0.14189600 0.23031300 0.00649400
v -0.13742900 0.23001100 0.00653300
v -0.13743100 0.23030400 0.00657000
v -0.12422800 0.23031000 0.00659500
v -0.12422700 0.23000700 0.00656000
v -0.12422800 0.23064400 0.00647300
v -0.12422800 0.23103900 0.00596500
v -0.12422800 0.23091700 0.00624500
v -0.14189500 0.22988900 0.00624900
v -0.14190200 0.22982900 0.00596500
v -0.13743100 0.22983300 0.00629900
v -0.13743300 0.22977300 0.00596500
v -0.14188800 0.23005400 0.00547700
v -0.14189500 0.22988900 0.00568100
v -0.13742900 0.23001100 0.00539600
v -0.13743100 0.22983300 0.00563100
v -0.12422700 0.22982500 0.00561400
v -0.12422700 0.23000700 0.00536900
v -0.12422700 0.22976400 0.00596500
v -0.12422700 0.22982500 0.00631500
v -0.14189600 0.23031300 0.00543500
v -0.14190300 0.23058900 0.00552600
v -0.13743100 0.23030400 0.00535900
v -0.13743300 0.23062300 0.00547400
v -0.14189600 0.23080600 0.00571900
v -0.13743200 0.23088200 0.00569300
v -0.12422800 0.23091700 0.00568400
v -0.12422800 0.23064400 0.00545700
v -0.12422800 0.23031000 0.00533400
v 0.13830400 0.23055200 0.00649400
v 0.13829700 0.23029300 0.00645200
v 0.13831100 0.23082800 0.00640400
v 0.13384000 0.23053500 0.00657000
v 0.13383800 0.23024200 0.00653300
v 0.13384100 0.23085400 0.00645600
v 0.13829600 0.23113800 0.00596500
v 0.13830300 0.23104400 0.00621000
v 0.13383700 0.23122700 0.00596500
v 0.13383900 0.23111300 0.00623600
v 0.12063500 0.23112600 0.00624500
v 0.12063500 0.23124700 0.00596500
v 0.12063600 0.23085300 0.00647300
v 0.12063600 0.23021600 0.00656000
v 0.12063600 0.23051900 0.00659500
v 0.13830300 0.23104400 0.00571900
v 0.13831100 0.23082800 0.00552600
v 0.13383900 0.23111300 0.00569300
v 0.13384100 0.23085400 0.00547400
v 0.13829700 0.23029300 0.00547700
v 0.13830400 0.23055200 0.00543500
v 0.13383800 0.23024200 0.00539600
v 0.13384000 0.23053500 0.00535900
v 0.12063600 0.23051900 0.00533400
v 0.12063600 0.23021500 0.00536900
v 0.12063600 0.23085300 0.00545700
v 0.12063500 0.23112600 0.00568400
v 0.13830400 0.23012700 0.00568100
v 0.13831100 0.23006800 0.00596500
v 0.13384000 0.23006400 0.00563100
v 0.13384200 0.23000400 0.00596500
v 0.13830400 0.23012700 0.00624900
v 0.13384000 0.23006400 0.00629900
v 0.12063600 0.23003300 0.00631500
v 0.12063600 0.22997300 0.00596500
v 0.12063600 0.23003300 0.00561400
f 1 2 3
f 1 3 4
f 2 5 6
f 2 6 3
f 4 3 7
f 4 7 8
f 3 6 9
f 3 9 7
f 10 11 12
f 10 12 13
f 13 12 14
f 13 14 15
f 5 10 13
f 5 13 6
f 6 13 15
f 6 15 9
f 16 17 18
f 16 18 19
f 17 20 21
f 17 21 18
f 19 18 15
f 19 15 14
f 18 21 9
f 18 9 15
f 22 23 24
f 22 24 25
f 25 24 8
f 25 8 7
f 20 22 25
f 20 25 21
f 21 25 7
f 21 7 9
f 26 27 28
f 26 28 29
f 27 30 31
f 27 31 28
f 29 28 32
f 29 32 33
f 28 31 34
f 28 34 32
f 35 36 37
f 35 37 38
f 38 37 39
f 38 39 40
f 30 35 38
f 30 38 31
f 31 38 40
f 31 40 34
f 41 42 43
f 41 43 44
f 42 45 46
f 42 46 43
f 44 43 40
f 44 40 39
f 43 46 34
f 43 34 40
f 47 48 49
f 47 49 50
f 50 49 33
f 50 33 32
f 45 47 50
f 45 50 46
f 46 50 32
f 46 32 34
f 51 52 53
f 51 53 54
f 52 55 56
f 52 56 53
f 54 53 57
f 54 57 58
f 53 56 59
f 53 59 57
f 60 61 62
f 60 62 63
f 63 62 64
f 63 64 65
f 55 60 63
f 55 63 56
f 56 63 65
f 56 65 59
f 66 67 68
f 66 68 69
f 67 70 71
f 67 71 68
f 69 68 65
f 69 65 64
f 68 71 59
f 68 59 65
f 72 73 74
f 72 74 75
f 75 74 58
f 75 58 57
f 70 72 75
f 70 75 71
f 71 75 57
f 71 57 59
f 76 77 78
f 76 78 79
f 77 80 81
f 77 81 78
f 79 78 82
f 79 82 83
f 78 81 84
f 78 84 82
f 85 11 86
f 85 86 87
f 87 86 88
f 87 88 89
f 80 85 87
f 80 87 81
f 81 87 89
f 81 89 84
f 90 91 92
f 90 92 93
f 91 94 95
f 91 95 92
f 93 92 89
f 93 89 88
f 92 95 84
f 92 84 89
f 96 97 98
f 96 98 99
f 99 98 83
f 99 83 82
f 94 96 99
f 94 99 95
f 95 99 82
f 95 82 84
f 100 101 102
f 100 102 103
f 101 104 105
f 101 105 102
f 103 102 106
f 103 106 107
f 102 105 108
f 102 108 106
f 109 110 111
f 109 111 112
f 112 111 113
f 112 113 114
f 104 109 112
f 104 112 105
f 105 112 114
f 105 114 108
f 115 116 117
f 115 117 118
f 116 119 120
f 116 120 117
f 118 117 114
f 118 114 113
f 117 120 108
f 117 108 114
f 121 122 123
f 121 123 124
f 124 123 107
f 124 107 106
f 119 121 124
f 119 124 120
f 120 124 106
f 120 106 108
f 125 126 127
f 125 127 128
f 126 129 130
f 126 130 127
f 128 127 131
f 128 131 132
f 127 130 133
f 127 133 131
f 134 76 135
f 134 135 136
f 136 135 137
f 136 137 138
f 129 134 136
f 129 136 130
f 130 136 138
f 130 138 133
f 110 109 139
f 110 139 140
f 109 104 141
f 109 141 139
f 140 139 138
f 140 138 137
f 139 141 133
f 139 133 138
f 101 100 142
f 101 142 143
f 143 142 132
f 143 132 131
f 104 101 143
f 104 143 141
f 141 143 131
f 141 131 133
f 16 19 144
f 16 144 145
f 19 14 146
f 19 146 144
f 145 144 147
f 145 147 148
f 144 146 149
f 144 149 147
f 12 11 85
f 12 85 150
f 150 85 80
f 150 80 151
f 14 12 150
f 14 150 146
f 146 150 151
f 146 151 149
f 76 134 152
f 76 152 77
f 134 129 153
f 134 153 152
f 77 152 151
f 77 151 80
f 152 153 149
f 152 149 151
f 126 125 154
f 126 154 155
f 155 154 148
f 155 148 147
f 129 126 155
f 129 155 153
f 153 155 147
f 153 147 149
f 156 157 158
f 156 158 159
f 157 160 161
f 157 161 158
f 159 158 162
f 159 162 163
f 158 161 164
f 158 164 162
f 165 166 167
f 165 167 168
f 168 167 169
f 168 169 170
f 160 165 168
f 160 168 161
f 161 168 170
f 161 170 164
f 171 172 173
f 171 173 174
f 172 175 176
f 172 176 173
f 174 173 170
f 174 170 169
f 173 176 164
f 173 164 170
f 177 178 179
f 177 179 180
f 180 179 163
f 180 163 162
f 175 177 180
f 175 180 176
f 176 180 162
f 176 162 164
f 51 181 182
f 51 182 183
f 181 184 185
f 181 185 182
f 183 182 186
f 183 186 187
f 182 185 188
f 182 188 186
f 189 166 165
f 189 165 190
f 190 165 160
f 190 160 191
f 184 189 190
f 184 190 185
f 185 190 191
f 185 191 188
f 156 192 193
f 156 193 157
f 192 194 195
f 192 195 193
f 157 193 191
f 157 191 160
f 193 195 188
f 193 188 191
f 196 23 197
f 196 197 198
f 198 197 187
f 198 187 186
f 194 196 198
f 194 198 195
f 195 198 186
f 195 186 188
f 199 200 201
f 199 201 202
f 200 203 204
f 200 204 201
f 202 201 205
f 202 205 206
f 201 204 207
f 201 207 205
f 208 209 210
f 208 210 211
f 211 210 212
f 211 212 213
f 203 208 211
f 203 211 204
f 204 211 213
f 204 213 207
f 214 215 216
f 214 216 217
f 215 218 219
f 215 219 216
f 217 216 213
f 217 213 212
f 216 219 207
f 216 207 213
f 220 221 222
f 220 222 223
f 223 222 206
f 223 206 205
f 218 220 223
f 218 223 219
f 219 223 205
f 219 205 207
f 209 224 225
f 209 225 210
f 224 226 227
f 224 227 225
f 210 225 228
f 210 228 212
f 225 227 229
f 225 229 228
f 230 231 232
f 230 232 233
f 233 232 234
f 233 234 235
f 226 230 233
f 226 233 227
f 227 233 235
f 227 235 229
f 236 237 238
f 236 238 239
f 237 240 241
f 237 241 238
f 239 238 235
f 239 235 234
f 238 241 229
f 238 229 235
f 242 214 217
f 242 217 243
f 243 217 212
f 243 212 228
f 240 242 243
f 240 243 241
f 241 243 228
f 241 228 229
f 36 244 245
f 36 245 37
f 244 246 247
f 244 247 245
f 37 245 248
f 37 248 39
f 245 247 249
f 245 249 248
f 250 236 239
f 250 239 251
f 251 239 234
f 251 234 252
f 246 250 251
f 246 251 247
f 247 251 252
f 247 252 249
f 231 253 254
f 231 254 232
f 253 255 256
f 253 256 254
f 232 254 252
f 232 252 234
f 254 256 249
f 254 249 252
f 257 41 44
f 257 44 258
f 258 44 39
f 258 39 248
f 255 257 258
f 255 258 256
f 256 258 248
f 256 248 249
f 259 260 261
f 259 261 262
f 260 263 264
f 260 264 261
f 262 261 265
f 262 265 266
f 261 264 267
f 261 267 265
f 268 269 270
f 268 270 271
f 271 270 272
f 271 272 273
f 263 268 271
f 263 271 264
f 264 271 273
f 264 273 267
f 274 275 276
f 274 276 277
f 275 278 279
f 275 279 276
f 277 276 273
f 277 273 272
f 276 279 267
f 276 267 273
f 280 281 282
f 280 282 283
f 283 282 266
f 283 266 265
f 278 280 283
f 278 283 279
f 279 283 265
f 279 265 267
f 284 285 286
f 284 286 287
f 285 288 289
f 285 289 286
f 287 286 290
f 287 290 291
f 286 289 292
f 286 292 290
f 293 274 277
f 293 277 294
f 294 277 272
f 294 272 295
f 288 293 294
f 288 294 289
f 289 294 295
f 289 295 292
f 269 296 297
f 269 297 270
f 296 298 299
f 296 299 297
f 270 297 295
f 270 295 272
f 297 299 292
f 297 292 295
f 300 48 301
f 300 301 302
f 302 301 291
f 302 291 290
f 298 300 302
f 298 302 299
f 299 302 290
f 299 290 292
f 303 304 305
f 303 305 306
f 304 307 308
f 304 308 305
f 306 305 309
f 306 309 310
f 305 308 311
f 305 311 309
f 312 313 314
f 312 314 315
f 315 314 316
f 315 316 317
f 307 312 315
f 307 315 308
f 308 315 317
f 308 317 311
f 318 319 320
f 318 320 321
f 319 322 323
f 319 323 320
f 321 320 317
f 321 317 316
f 320 323 311
f 320 311 317
f 324 325 326
f 324 326 327
f 327 326 310
f 327 310 309
f 322 324 327
f 322 327 323
f 323 327 309
f 323 309 311
f 328 329 330
f 328 330 331
f 329 332 333
f 329 333 330
f 331 330 334
f 331 334 335
f 330 333 336
f 330 336 334
f 337 303 306
f 337 306 338
f 338 306 310
f 338 310 339
f 332 337 338
f 332 338 333
f 333 338 339
f 333 339 336
f 325 340 341
f 325 341 326
f 340 342 343
f 340 343 341
f 326 341 339
f 326 339 310
f 341 343 336
f 341 336 339
f 344 345 346
f 344 346 347
f 347 346 335
f 347 335 334
f 342 344 347
f 342 347 343
f 343 347 334
f 343 334 336
f 61 348 349
f 61 349 62
f 348 350 351
f 348 351 349
f 62 349 352
f 62 352 64
f 349 351 353
f 349 353 352
f 354 328 331
f 354 331 355
f 355 331 335
f 355 335 356
f 350 354 355
f 350 355 351
f 351 355 356
f 351 356 353
f 345 357 358
f 345 358 346
f 357 359 360
f 357 360 358
f 346 358 356
f 346 356 335
f 358 360 353
f 358 353 356
f 361 66 69
f 361 69 362
f 362 69 64
f 362 64 352
f 359 361 362
f 359 362 360
f 360 362 352
f 360 352 353
f 363 364 365
f 363 365 366
f 364 367 368
f 364 368 365
f 366 365 369
f 366 369 370
f 365 368 371
f 365 371 369
f 372 373 374
f 372 374 375
f 375 374 376
f 375 376 377
f 367 372 375
f 367 375 368
f 368 375 377
f 368 377 371
f 378 379 380
f 378 380 381
f 379 382 383
f 379 383 380
f 381 380 377
f 381 377 376
f 380 383 371
f 380 371 377
f 384 385 386
f 384 386 387
f 387 386 370
f 387 370 369
f 382 384 387
f 382 387 383
f 383 387 369
f 383 369 371
f 26 388 389
f 26 389 390
f 388 391 392
f 388 392 389
f 390 389 393
f 390 393 394
f 389 392 395
f 389 395 393
f 396 363 366
f 396 366 397
f 397 366 370
f 397 370 398
f 391 396 397
f 391 397 392
f 392 397 398
f 392 398 395
f 385 399 400
f 385 400 386
f 399 401 402
f 399 402 400
f 386 400 398
f 386 398 370
f 400 402 395
f 400 395 398
f 403 73 404
f 403 404 405
f 405 404 394
f 405 394 393
f 401 403 405
f 401 405 402
f 402 405 393
f 402 393 395
f 406 407 408
f 406 408 409
f 407 410 411
f 407 411 408
f 409 408 412
f 409 412 413
f 408 411 414
f 408 414 412
f 415 416 417
f 415 417 418
f 418 417 419
f 418 419 420
f 410 415 418
f 410 418 411
f 411 418 420
f 411 420 414
f 421 422 423
f 421 423 424
f 422 425 426
f 422 426 423
f 424 423 420
f 424 420 419
f 423 426 414
f 423 414 420
f 427 428 429
f 427 429 430
f 430 429 413
f 430 413 412
f 425 427 430
f 425 430 426
f 426 430 412
f 426 412 414
f 1 431 432
f 1 432 433
f 431 434 435
f 431 435 432
f 433 432 436
f 433 436 437
f 432 435 438
f 432 438 436
f 439 406 409
f 439 409 440
f 440 409 413
f 440 413 441
f 434 439 440
f 434 440 435
f 435 440 441
f 435 441 438
f 428 442 443
f 428 443 429
f 442 444 445
f 442 445 443
f 429 443 441
f 429 441 413
f 443 445 438
f 443 438 441
f 446 447 448
f 446 448 449
f 449 448 437
f 449 437 436
f 444 446 449
f 444 449 445
f 445 449 436
f 445 436 438
f 11 10 450
f 11 450 86
f 10 5 451
f 10 451 450
f 86 450 452
f 86 452 88
f 450 451 453
f 450 453 452
f 2 1 433
f 2 433 454
f 454 433 437
f 454 437 455
f 5 2 454
f 5 454 451
f 451 454 455
f 451 455 453
f 447 456 457
f 447 457 448
f 456 458 459
f 456 459 457
f 448 457 455
f 448 455 437
f 457 459 453
f 457 453 455
f 460 90 93
f 460 93 461
f 461 93 88
f 461 88 452
f 458 460 461
f 458 461 459
f 459 461 452
f 459 452 453
f 462 463 464
f 462 464 465
f 463 466 467
f 463 467 464
f 465 464 468
f 465 468 469
f 464 467 470
f 464 470 468
f 471 472 473
f 471 473 474
f 474 473 475
f 474 475 476
f 466 471 474
f 466 474 467
f 467 474 476
f 467 476 470
f 477 478 479
f 477 479 480
f 478 481 482
f 478 482 479
f 480 479 476
f 480 476 475
f 479 482 470
f 479 470 476
f 483 484 485
f 483 485 486
f 486 485 469
f 486 469 468
f 481 483 486
f 481 486 482
f 482 486 468
f 482 468 470
f 487 488 489
f 487 489 490
f 488 491 492
f 488 492 489
f 490 489 493
f 490 493 494
f 489 492 495
f 489 495 493
f 496 462 465
f 496 465 497
f 497 465 469
f 497 469 498
f 491 496 497
f 491 497 492
f 492 497 498
f 492 498 495
f 484 499 500
f 484 500 485
f 499 501 502
f 499 502 500
f 485 500 498
f 485 498 469
f 500 502 495
f 500 495 498
f 503 97 504
f 503 504 505
f 505 504 494
f 505 494 493
f 501 503 505
f 501 505 502
f 502 505 493
f 502 493 495
f 313 506 507
f 313 507 508
f 506 509 510
f 506 510 507
f 508 507 511
f 508 511 512
f 507 510 513
f 507 513 511
f 514 122 515
f 514 515 516
f 516 515 517
f 516 517 518
f 509 514 516
f 509 516 510
f 510 516 518
f 510 518 513
f 519 520 521
f 519 521 522
f 520 523 524
f 520 524 521
f 522 521 518
f 522 518 517
f 521 524 513
f 521 513 518
f 525 526 527
f 525 527 528
f 528 527 512
f 528 512 511
f 523 525 528
f 523 528 524
f 524 528 511
f 524 511 513
f 472 529 530
f 472 530 531
f 529 532 533
f 529 533 530
f 531 530 534
f 531 534 535
f 530 533 536
f 530 536 534
f 537 199 538
f 537 538 539
f 539 538 540
f 539 540 541
f 532 537 539
f 532 539 533
f 533 539 541
f 533 541 536
f 542 543 544
f 542 544 545
f 543 546 547
f 543 547 544
f 545 544 541
f 545 541 540
f 544 547 536
f 544 536 541
f 548 549 550
f 548 550 551
f 551 550 535
f 551 535 534
f 546 548 551
f 546 551 547
f 547 551 534
f 547 534 536
f 221 552 553
f 221 553 554
f 552 555 556
f 552 556 553
f 554 553 557
f 554 557 558
f 553 556 559
f 553 559 557
f 560 318 561
f 560 561 562
f 562 561 563
f 562 563 564
f 555 560 562
f 555 562 556
f 556 562 564
f 556 564 559
f 565 566 567
f 565 567 568
f 566 569 570
f 566 570 567
f 568 567 564
f 568 564 563
f 567 570 559
f 567 559 564
f 571 572 573
f 571 573 574
f 574 573 558
f 574 558 557
f 569 571 574
f 569 574 570
f 570 574 557
f 570 557 559
f 115 575 576
f 115 576 577
f 575 578 579
f 575 579 576
f 577 576 580
f 577 580 581
f 576 579 582
f 576 582 580
f 583 477 584
f 583 584 585
f 585 584 586
f 585 586 587
f 578 583 585
f 578 585 579
f 579 585 587
f 579 587 582
f 588 589 590
f 588 590 591
f 589 592 593
f 589 593 590
f 591 590 587
f 591 587 586
f 590 593 582
f 590 582 587
f 594 595 596
f 594 596 597
f 597 596 581
f 597 581 580
f 592 594 597
f 592 597 593
f 593 597 580
f 593 580 582
f 171 598 599
f 171 599 172
f 598 600 601
f 598 601 599
f 172 599 602
f 172 602 175
f 599 601 603
f 599 603 602
f 604 605 606
f 604 606 607
f 607 606 608
f 607 608 609
f 600 604 607
f 600 607 601
f 601 607 609
f 601 609 603
f 610 611 612
f 610 612 613
f 611 614 615
f 611 615 612
f 613 612 609
f 613 609 608
f 612 615 603
f 612 603 609
f 616 178 177
f 616 177 617
f 617 177 175
f 617 175 602
f 614 616 617
f 614 617 615
f 615 617 602
f 615 602 603
f 259 262 618
f 259 618 619
f 262 266 620
f 262 620 618
f 619 618 621
f 619 621 622
f 618 620 623
f 618 623 621
f 282 281 624
f 282 624 625
f 625 624 626
f 625 626 627
f 266 282 625
f 266 625 620
f 620 625 627
f 620 627 623
f 628 629 630
f 628 630 631
f 629 632 633
f 629 633 630
f 631 630 627
f 631 627 626
f 630 633 623
f 630 623 627
f 634 635 636
f 634 636 637
f 637 636 622
f 637 622 621
f 632 634 637
f 632 637 633
f 633 637 621
f 633 621 623
f 373 638 639
f 373 639 374
f 638 640 641
f 638 641 639
f 374 639 642
f 374 642 376
f 639 641 643
f 639 643 642
f 644 645 646
f 644 646 647
f 647 646 648
f 647 648 649
f 640 644 647
f 640 647 641
f 641 647 649
f 641 649 643
f 650 651 652
f 650 652 653
f 651 654 655
f 651 655 652
f 653 652 649
f 653 649 648
f 652 655 643
f 652 643 649
f 656 378 381
f 656 381 657
f 657 381 376
f 657 376 642
f 654 656 657
f 654 657 655
f 655 657 642
f 655 642 643
f 658 659 660
f 658 660 661
f 659 662 663
f 659 663 660
f 661 660 664
f 661 664 665
f 660 663 666
f 660 666 664
f 667 416 668
f 667 668 669
f 669 668 670
f 669 670 671
f 662 667 669
f 662 669 663
f 663 669 671
f 663 671 666
f 672 673 674
f 672 674 675
f 673 676 677
f 673 677 674
f 675 674 671
f 675 671 670
f 674 677 666
f 674 666 671
f 678 679 680
f 678 680 681
f 681 680 665
f 681 665 664
f 676 678 681
f 676 681 677
f 677 681 664
f 677 664 666
f 682 683 684
f 682 684 685
f 683 686 687
f 683 687 684
f 685 684 688
f 685 688 689
f 684 687 690
f 684 690 688
f 691 692 693
f 691 693 694
f 694 693 695
f 694 695 696
f 686 691 694
f 686 694 687
f 687 694 696
f 687 696 690
f 628 631 697
f 628 697 698
f 631 626 699
f 631 699 697
f 698 697 696
f 698 696 695
f 697 699 690
f 697 690 696
f 624 281 700
f 624 700 701
f 701 700 689
f 701 689 688
f 626 624 701
f 626 701 699
f 699 701 688
f 699 688 690
f 702 703 704
f 702 704 705
f 703 706 707
f 703 707 704
f 705 704 708
f 705 708 709
f 704 707 710
f 704 710 708
f 711 610 712
f 711 712 713
f 713 712 714
f 713 714 715
f 706 711 713
f 706 713 707
f 707 713 715
f 707 715 710
f 716 717 718
f 716 718 719
f 717 720 721
f 717 721 718
f 719 718 715
f 719 715 714
f 718 721 710
f 718 710 715
f 722 723 724
f 722 724 725
f 725 724 709
f 725 709 708
f 720 722 725
f 720 725 721
f 721 725 708
f 721 708 710
f 726 727 728
f 726 728 729
f 727 730 731
f 727 731 728
f 729 728 732
f 729 732 733
f 728 731 734
f 728 734 732
f 735 736 737
f 735 737 738
f 738 737 739
f 738 739 740
f 730 735 738
f 730 738 731
f 731 738 740
f 731 740 734
f 645 741 742
f 645 742 743
f 741 744 745
f 741 745 742
f 743 742 740
f 743 740 739
f 742 745 734
f 742 734 740
f 746 635 747
f 746 747 748
f 748 747 733
f 748 733 732
f 744 746 748
f 744 748 745
f 745 748 732
f 745 732 734
f 605 749 750
f 605 750 751
f 749 752 753
f 749 753 750
f 751 750 754
f 751 754 755
f 750 753 756
f 750 756 754
f 757 650 758
f 757 758 759
f 759 758 760
f 759 760 761
f 752 757 759
f 752 759 753
f 753 759 761
f 753 761 756
f 762 763 764
f 762 764 765
f 763 766 767
f 763 767 764
f 765 764 761
f 765 761 760
f 764 767 756
f 764 756 761
f 768 769 770
f 768 770 771
f 771 770 755
f 771 755 754
f 766 768 771
f 766 771 767
f 767 771 754
f 767 754 756
f 772 773 774
f 772 774 775
f 773 776 777
f 773 777 774
f 775 774 778
f 775 778 779
f 774 777 780
f 774 780 778
f 781 782 783
f 781 783 784
f 784 783 785
f 784 785 786
f 776 781 784
f 776 784 777
f 777 784 786
f 777 786 780
f 723 722 787
f 723 787 788
f 722 720 789
f 722 789 787
f 788 787 786
f 788 786 785
f 787 789 780
f 787 780 786
f 717 716 790
f 717 790 791
f 791 790 779
f 791 779 778
f 720 717 791
f 720 791 789
f 789 791 778
f 789 778 780
f 792 793 794
f 792 794 795
f 793 796 797
f 793 797 794
f 795 794 798
f 795 798 799
f 794 797 800
f 794 800 798
f 801 736 735
f 801 735 802
f 802 735 730
f 802 730 803
f 796 801 802
f 796 802 797
f 797 802 803
f 797 803 800
f 726 804 805
f 726 805 727
f 804 806 807
f 804 807 805
f 727 805 803
f 727 803 730
f 805 807 800
f 805 800 803
f 808 809 810
f 808 810 811
f 811 810 799
f 811 799 798
f 806 808 811
f 806 811 807
f 807 811 798
f 807 798 800
f 769 768 812
f 769 812 813
f 768 766 814
f 768 814 812
f 813 812 815
f 813 815 816
f 812 814 817
f 812 817 815
f 763 762 818
f 763 818 819
f 819 818 820
f 819 820 821
f 766 763 819
f 766 819 814
f 814 819 821
f 814 821 817
f 822 823 824
f 822 824 825
f 823 826 827
f 823 827 824
f 825 824 821
f 825 821 820
f 824 827 817
f 824 817 821
f 828 829 830
f 828 830 831
f 831 830 816
f 831 816 815
f 826 828 831
f 826 831 827
f 827 831 815
f 827 815 817
f 782 781 832
f 782 832 833
f 781 776 834
f 781 834 832
f 833 832 835
f 833 835 836
f 832 834 837
f 832 837 835
f 773 772 838
f 773 838 839
f 839 838 840
f 839 840 841
f 776 773 839
f 776 839 834
f 834 839 841
f 834 841 837
f 842 843 844
f 842 844 845
f 843 846 847
f 843 847 844
f 845 844 841
f 845 841 840
f 844 847 837
f 844 837 841
f 848 849 850
f 848 850 851
f 851 850 836
f 851 836 835
f 846 848 851
f 846 851 847
f 847 851 835
f 847 835 837
f 829 828 852
f 829 852 853
f 828 826 854
f 828 854 852
f 853 852 855
f 853 855 856
f 852 854 857
f 852 857 855
f 823 822 858
f 823 858 859
f 859 858 860
f 859 860 861
f 826 823 859
f 826 859 854
f 854 859 861
f 854 861 857
f 862 863 864
f 862 864 865
f 863 866 867
f 863 867 864
f 865 864 861
f 865 861 860
f 864 867 857
f 864 857 861
f 868 869 870
f 868 870 871
f 871 870 856
f 871 856 855
f 866 868 871
f 866 871 867
f 867 871 855
f 867 855 857
f 872 873 874
f 872 874 875
f 873 876 877
f 873 877 874
f 875 874 878
f 875 878 879
f 874 877 880
f 874 880 878
f 881 882 883
f 881 883 884
f 884 883 885
f 884 885 886
f 876 881 884
f 876 884 877
f 877 884 886
f 877 886 880
f 887 888 889
f 887 889 890
f 888 891 892
f 888 892 889
f 890 889 886
f 890 886 885
f 889 892 880
f 889 880 886
f 893 894 895
f 893 895 896
f 896 895 879
f 896 879 878
f 891 893 896
f 891 896 892
f 892 896 878
f 892 878 880
f 897 898 899
f 897 899 900
f 898 901 902
f 898 902 899
f 900 899 903
f 900 903 904
f 899 902 905
f 899 905 903
f 906 907 908
f 906 908 909
f 909 908 910
f 909 910 911
f 901 906 909
f 901 909 902
f 902 909 911
f 902 911 905
f 912 913 914
f 912 914 915
f 913 916 917
f 913 917 914
f 915 914 911
f 915 911 910
f 914 917 905
f 914 905 911
f 918 919 920
f 918 920 921
f 921 920 904
f 921 904 903
f 916 918 921
f 916 921 917
f 917 921 903
f 917 903 905
f 922 923 924
f 922 924 925
f 923 926 927
f 923 927 924
f 925 924 928
f 925 928 929
f 924 927 930
f 924 930 928
f 931 932 933
f 931 933 934
f 934 933 935
f 934 935 936
f 926 931 934
f 926 934 927
f 927 934 936
f 927 936 930
f 937 938 939
f 937 939 940
f 938 941 942
f 938 942 939
f 940 939 936
f 940 936 935
f 939 942 930
f 939 930 936
f 943 944 945
f 943 945 946
f 946 945 929
f 946 929 928
f 941 943 946
f 941 946 942
f 942 946 928
f 942 928 930
f 947 948 949
f 947 949 950
f 948 951 952
f 948 952 949
f 950 949 953
f 950 953 954
f 949 952 955
f 949 955 953
f 956 957 958
f 956 958 959
f 959 958 960
f 959 960 961
f 951 956 959
f 951 959 952
f 952 959 961
f 952 961 955
f 962 963 964
f 962 964 965
f 963 966 967
f 963 967 964
f 965 964 961
f 965 961 960
f 964 967 955
f 964 955 961
f 968 969 970
f 968 970 971
f 971 970 954
f 971 954 953
f 966 968 971
f 966 971 967
f 967 971 953
f 967 953 955
f 957 972 973
f 957 973 958
f 972 974 975
f 972 975 973
f 958 973 976
f 958 976 960
f 973 975 977
f 973 977 976
f 978 922 925
f 978 925 979
f 979 925 929
f 979 929 980
f 974 978 979
f 974 979 975
f 975 979 980
f 975 980 977
f 944 981 982
f 944 982 945
f 981 983 984
f 981 984 982
f 945 982 980
f 945 980 929
f 982 984 977
f 982 977 980
f 985 962 965
f 985 965 986
f 986 965 960
f 986 960 976
f 983 985 986
f 983 986 984
f 984 986 976
f 984 976 977
f 987 988 989
f 987 989 990
f 988 991 992
f 988 992 989
f 990 989 993
f 990 993 994
f 989 992 995
f 989 995 993
f 996 947 950
f 996 950 997
f 997 950 954
f 997 954 998
f 991 996 997
f 991 997 992
f 992 997 998
f 992 998 995
f 969 999 1000
f 969 1000 970
f 999 1001 1002
f 999 1002 1000
f 970 1000 998
f 970 998 954
f 1000 1002 995
f 1000 995 998
f 1003 1004 1005
f 1003 1005 1006
f 1006 1005 994
f 1006 994 993
f 1001 1003 1006
f 1001 1006 1002
f 1002 1006 993
f 1002 993 995
f 1007 1008 1009
f 1007 1009 1010
f 1008 1011 1012
f 1008 1012 1009
f 1010 1009 1013
f 1010 1013 1014
f 1009 1012 1015
f 1009 1015 1013
f 1016 1017 1018
f 1016 1018 1019
f 1019 1018 1020
f 1019 1020 1021
f 1011 1016 1019
f 1011 1019 1012
f 1012 1019 1021
f 1012 1021 1015
f 1022 1023 1024
f 1022 1024 1025
f 1023 1026 1027
f 1023 1027 1024
f 1025 1024 1021
f 1025 1021 1020
f 1024 1027 1015
f 1024 1015 1021
f 1028 1029 1030
f 1028 1030 1031
f 1031 1030 1014
f 1031 1014 1013
f 1026 1028 1031
f 1026 1031 1027
f 1027 1031 1013
f 1027 1013 1015
f 897 1032 1033
f 897 1033 1034
f 1032 1035 1036
f 1032 1036 1033
f 1034 1033 1037
f 1034 1037 1038
f 1033 1036 1039
f 1033 1039 1037
f 1040 1041 1042
f 1040 1042 1043
f 1043 1042 1044
f 1043 1044 1045
f 1035 1040 1043
f 1035 1043 1036
f 1036 1043 1045
f 1036 1045 1039
f 1046 1047 1048
f 1046 1048 1049
f 1047 1050 1051
f 1047 1051 1048
f 1049 1048 1045
f 1049 1045 1044
f 1048 1051 1039
f 1048 1039 1045
f 1052 1022 1053
f 1052 1053 1054
f 1054 1053 1038
f 1054 1038 1037
f 1050 1052 1054
f 1050 1054 1051
f 1051 1054 1037
f 1051 1037 1039
f 1055 1056 1057
f 1055 1057 1058
f 1056 1059 1060
f 1056 1060 1057
f 1058 1057 1061
f 1058 1061 1062
f 1057 1060 1063
f 1057 1063 1061
f 1064 1065 1066
f 1064 1066 1067
f 1067 1066 1068
f 1067 1068 1069
f 1059 1064 1067
f 1059 1067 1060
f 1060 1067 1069
f 1060 1069 1063
f 1070 1071 1072
f 1070 1072 1073
f 1071 1074 1075
f 1071 1075 1072
f 1073 1072 1069
f 1073 1069 1068
f 1072 1075 1063
f 1072 1063 1069
f 1076 1077 1078
f 1076 1078 1079
f 1079 1078 1062
f 1079 1062 1061
f 1074 1076 1079
f 1074 1079 1075
f 1075 1079 1061
f 1075 1061 1063
f 682 685 1080
f 682 1080 1081
f 685 689 1082
f 685 1082 1080
f 1081 1080 1083
f 1081 1083 1084
f 1080 1082 1085
f 1080 1085 1083
f 700 281 1086
f 700 1086 1087
f 1087 1086 1088
f 1087 1088 1089
f 689 700 1087
f 689 1087 1082
f 1082 1087 1089
f 1082 1089 1085
f 421 1090 1091
f 421 1091 1092
f 1090 1093 1094
f 1090 1094 1091
f 1092 1091 1089
f 1092 1089 1088
f 1091 1094 1085
f 1091 1085 1089
f 1095 1096 1097
f 1095 1097 1098
f 1098 1097 1084
f 1098 1084 1083
f 1093 1095 1098
f 1093 1098 1094
f 1094 1098 1083
f 1094 1083 1085
f 1099 1100 1101
f 1099 1101 1102
f 1100 1103 1104
f 1100 1104 1101
f 1102 1101 1105
f 1102 1105 1106
f 1101 1104 1107
f 1101 1107 1105
f 1108 1109 1110
f 1108 1110 1111
f 1111 1110 1112
f 1111 1112 1113
f 1103 1108 1111
f 1103 1111 1104
f 1104 1111 1113
f 1104 1113 1107
f 1114 1115 1116
f 1114 1116 1117
f 1115 1118 1119
f 1115 1119 1116
f 1117 1116 1113
f 1117 1113 1112
f 1116 1119 1107
f 1116 1107 1113
f 1120 1121 1122
f 1120 1122 1123
f 1123 1122 1106
f 1123 1106 1105
f 1118 1120 1123
f 1118 1123 1119
f 1119 1123 1105
f 1119 1105 1107
f 1124 1125 1126
f 1124 1126 1127
f 1125 1128 1129
f 1125 1129 1126
f 1127 1126 1130
f 1127 1130 1131
f 1126 1129 1132
f 1126 1132 1130
f 1133 1134 1135
f 1133 1135 1136
f 1136 1135 1137
f 1136 1137 1138
f 1128 1133 1136
f 1128 1136 1129
f 1129 1136 1138
f 1129 1138 1132
f 1139 1140 1141
f 1139 1141 1142
f 1140 1143 1144
f 1140 1144 1141
f 1142 1141 1138
f 1142 1138 1137
f 1141 1144 1132
f 1141 1132 1138
f 1145 1146 1147
f 1145 1147 1148
f 1148 1147 1131
f 1148 1131 1130
f 1143 1145 1148
f 1143 1148 1144
f 1144 1148 1130
f 1144 1130 1132
f 1149 1150 1151
f 1149 1151 1152
f 1150 1153 1154
f 1150 1154 1151
f 1152 1151 1155
f 1152 1155 1156
f 1151 1154 1157
f 1151 1157 1155
f 1158 1159 1160
f 1158 1160 1161
f 1161 1160 1162
f 1161 1162 1163
f 1153 1158 1161
f 1153 1161 1154
f 1154 1161 1163
f 1154 1163 1157
f 1164 1165 1166
f 1164 1166 1167
f 1165 1168 1169
f 1165 1169 1166
f 1167 1166 1163
f 1167 1163 1162
f 1166 1169 1157
f 1166 1157 1163
f 1170 1171 1172
f 1170 1172 1173
f 1173 1172 1156
f 1173 1156 1155
f 1168 1170 1173
f 1168 1173 1169
f 1169 1173 1155
f 1169 1155 1157
f 1174 1175 1176
f 1174 1176 1177
f 1175 1178 1179
f 1175 1179 1176
f 1177 1176 1180
f 1177 1180 1181
f 1176 1179 1182
f 1176 1182 1180
f 1183 1184 1185
f 1183 1185 1186
f 1186 1185 1187
f 1186 1187 1188
f 1178 1183 1186
f 1178 1186 1179
f 1179 1186 1188
f 1179 1188 1182
f 1189 1190 1191
f 1189 1191 1192
f 1190 1193 1194
f 1190 1194 1191
f 1192 1191 1188
f 1192 1188 1187
f 1191 1194 1182
f 1191 1182 1188
f 1195 1121 1196
f 1195 1196 1197
f 1197 1196 1181
f 1197 1181 1180
f 1193 1195 1197
f 1193 1197 1194
f 1194 1197 1180
f 1194 1180 1182
f 1198 1199 1200
f 1198 1200 1201
f 1199 1202 1203
f 1199 1203 1200
f 1201 1200 1204
f 1201 1204 1205
f 1200 1203 1206
f 1200 1206 1204
f 1207 1208 1209
f 1207 1209 1210
f 1210 1209 1211
f 1210 1211 1212
f 1202 1207 1210
f 1202 1210 1203
f 1203 1210 1212
f 1203 1212 1206
f 1213 1214 1215
f 1213 1215 1216
f 1214 1217 1218
f 1214 1218 1215
f 1216 1215 1212
f 1216 1212 1211
f 1215 1218 1206
f 1215 1206 1212
f 1219 1220 1221
f 1219 1221 1222
f 1222 1221 1205
f 1222 1205 1204
f 1217 1219 1222
f 1217 1222 1218
f 1218 1222 1204
f 1218 1204 1206
f 1208 1223 1224
f 1208 1224 1209
f 1223 1225 1226
f 1223 1226 1224
f 1209 1224 1227
f 1209 1227 1211
f 1224 1226 1228
f 1224 1228 1227
f 1229 1174 1230
f 1229 1230 1231
f 1231 1230 1232
f 1231 1232 1233
f 1225 1229 1231
f 1225 1231 1226
f 1226 1231 1233
f 1226 1233 1228
f 1234 1235 1236
f 1234 1236 1237
f 1235 1238 1239
f 1235 1239 1236
f 1237 1236 1233
f 1237 1233 1232
f 1236 1239 1228
f 1236 1228 1233
f 1240 1213 1216
f 1240 1216 1241
f 1241 1216 1211
f 1241 1211 1227
f 1238 1240 1241
f 1238 1241 1239
f 1239 1241 1227
f 1239 1227 1228
f 1174 1177 1242
f 1174 1242 1230
f 1177 1181 1243
f 1177 1243 1242
f 1230 1242 1244
f 1230 1244 1232
f 1242 1243 1245
f 1242 1245 1244
f 1196 1121 1120
f 1196 1120 1246
f 1246 1120 1118
f 1246 1118 1247
f 1181 1196 1246
f 1181 1246 1243
f 1243 1246 1247
f 1243 1247 1245
f 1114 1248 1249
f 1114 1249 1115
f 1248 1250 1251
f 1248 1251 1249
f 1115 1249 1247
f 1115 1247 1118
f 1249 1251 1245
f 1249 1245 1247
f 1252 1234 1237
f 1252 1237 1253
f 1253 1237 1232
f 1253 1232 1244
f 1250 1252 1253
f 1250 1253 1251
f 1251 1253 1244
f 1251 1244 1245
f 1254 1255 1256
f 1254 1256 1257
f 1255 1258 1259
f 1255 1259 1256
f 1257 1256 1260
f 1257 1260 1261
f 1256 1259 1262
f 1256 1262 1260
f 1263 1264 1265
f 1263 1265 1266
f 1266 1265 1267
f 1266 1267 1268
f 1258 1263 1266
f 1258 1266 1259
f 1259 1266 1268
f 1259 1268 1262
f 1269 1270 1271
f 1269 1271 1272
f 1270 1273 1274
f 1270 1274 1271
f 1272 1271 1268
f 1272 1268 1267
f 1271 1274 1262
f 1271 1262 1268
f 1275 1276 1277
f 1275 1277 1278
f 1278 1277 1261
f 1278 1261 1260
f 1273 1275 1278
f 1273 1278 1274
f 1274 1278 1260
f 1274 1260 1262
f 1149 1279 1280
f 1149 1280 1281
f 1279 1282 1283
f 1279 1283 1280
f 1281 1280 1284
f 1281 1284 1285
f 1280 1283 1286
f 1280 1286 1284
f 1287 1109 1288
f 1287 1288 1289
f 1289 1288 1290
f 1289 1290 1291
f 1282 1287 1289
f 1282 1289 1283
f 1283 1289 1291
f 1283 1291 1286
f 1269 1272 1292
f 1269 1292 1293
f 1272 1267 1294
f 1272 1294 1292
f 1293 1292 1291
f 1293 1291 1290
f 1292 1294 1286
f 1292 1286 1291
f 1265 1264 1295
f 1265 1295 1296
f 1296 1295 1285
f 1296 1285 1284
f 1267 1265 1296
f 1267 1296 1294
f 1294 1296 1284
f 1294 1284 1286
f 1297 1298 1299
f 1297 1299 1300
f 1298 1301 1302
f 1298 1302 1299
f 1300 1299 1303
f 1300 1303 1304
f 1299 1302 1305
f 1299 1305 1303
f 1306 1307 1308
f 1306 1308 1309
f 1309 1308 1310
f 1309 1310 1311
f 1301 1306 1309
f 1301 1309 1302
f 1302 1309 1311
f 1302 1311 1305
f 1312 1313 1314
f 1312 1314 1315
f 1313 1316 1317
f 1313 1317 1314
f 1315 1314 1311
f 1315 1311 1310
f 1314 1317 1305
f 1314 1305 1311
f 1318 1319 1320
f 1318 1320 1321
f 1321 1320 1304
f 1321 1304 1303
f 1316 1318 1321
f 1316 1321 1317
f 1317 1321 1303
f 1317 1303 1305
f 1319 1318 1322
f 1319 1322 1323
f 1318 1316 1324
f 1318 1324 1322
f 1323 1322 1325
f 1323 1325 1326
f 1322 1324 1327
f 1322 1327 1325
f 1313 1312 1328
f 1313 1328 1329
f 1329 1328 1330
f 1329 1330 1331
f 1316 1313 1329
f 1316 1329 1324
f 1324 1329 1331
f 1324 1331 1327
f 1332 1333 1334
f 1332 1334 1335
f 1333 1336 1337
f 1333 1337 1334
f 1335 1334 1331
f 1335 1331 1330
f 1334 1337 1327
f 1334 1327 1331
f 1338 1339 1340
f 1338 1340 1341
f 1341 1340 1326
f 1341 1326 1325
f 1336 1338 1341
f 1336 1341 1337
f 1337 1341 1325
f 1337 1325 1327
f 1146 1145 1342
f 1146 1342 1343
f 1145 1143 1344
f 1145 1344 1342
f 1343 1342 1345
f 1343 1345 1346
f 1342 1344 1347
f 1342 1347 1345
f 1140 1139 1348
f 1140 1348 1349
f 1349 1348 1350
f 1349 1350 1351
f 1143 1140 1349
f 1143 1349 1344
f 1344 1349 1351
f 1344 1351 1347
f 1339 1338 1352
f 1339 1352 1353
f 1338 1336 1354
f 1338 1354 1352
f 1353 1352 1351
f 1353 1351 1350
f 1352 1354 1347
f 1352 1347 1351
f 1333 1332 1355
f 1333 1355 1356
f 1356 1355 1346
f 1356 1346 1345
f 1336 1333 1356
f 1336 1356 1354
f 1354 1356 1345
f 1354 1345 1347
f 1357 1358 1359
f 1357 1359 1360
f 1358 1361 1362
f 1358 1362 1359
f 1360 1359 1363
f 1360 1363 1364
f 1359 1362 1365
f 1359 1365 1363
f 1366 1367 1368
f 1366 1368 1369
f 1369 1368 1370
f 1369 1370 1371
f 1361 1366 1369
f 1361 1369 1362
f 1362 1369 1371
f 1362 1371 1365
f 1372 1373 1374
f 1372 1374 1375
f 1373 1376 1377
f 1373 1377 1374
f 1375 1374 1371
f 1375 1371 1370
f 1374 1377 1365
f 1374 1365 1371
f 1378 1379 1380
f 1378 1380 1381
f 1381 1380 1364
f 1381 1364 1363
f 1376 1378 1381
f 1376 1381 1377
f 1377 1381 1363
f 1377 1363 1365
f 1382 1383 1384
f 1382 1384 1385
f 1383 1386 1387
f 1383 1387 1384
f 1385 1384 1388
f 1385 1388 1389
f 1384 1387 1390
f 1384 1390 1388
f 1391 1134 1392
f 1391 1392 1393
f 1393 1392 1394
f 1393 1394 1395
f 1386 1391 1393
f 1386 1393 1387
f 1387 1393 1395
f 1387 1395 1390
f 1379 1378 1396
f 1379 1396 1397
f 1378 1376 1398
f 1378 1398 1396
f 1397 1396 1395
f 1397 1395 1394
f 1396 1398 1390
f 1396 1390 1395
f 1373 1372 1399
f 1373 1399 1400
f 1400 1399 1389
f 1400 1389 1388
f 1376 1373 1400
f 1376 1400 1398
f 1398 1400 1388
f 1398 1388 1390
f 1401 1402 1403
f 1401 1403 1404
f 1402 1405 1406
f 1402 1406 1403
f 1404 1403 1407
f 1404 1407 1408
f 1403 1406 1409
f 1403 1409 1407
f 1410 1411 1412
f 1410 1412 1413
f 1413 1412 1414
f 1413 1414 1415
f 1405 1410 1413
f 1405 1413 1406
f 1406 1413 1415
f 1406 1415 1409
f 1416 1417 1418
f 1416 1418 1419
f 1417 1420 1421
f 1417 1421 1418
f 1419 1418 1415
f 1419 1415 1414
f 1418 1421 1409
f 1418 1409 1415
f 1422 1423 1424
f 1422 1424 1425
f 1425 1424 1408
f 1425 1408 1407
f 1420 1422 1425
f 1420 1425 1421
f 1421 1425 1407
f 1421 1407 1409
f 1426 1427 1428
f 1426 1428 1429
f 1427 1430 1431
f 1427 1431 1428
f 1429 1428 1432
f 1429 1432 1433
f 1428 1431 1434
f 1428 1434 1432
f 1435 1436 1437
f 1435 1437 1438
f 1438 1437 1439
f 1438 1439 1440
f 1430 1435 1438
f 1430 1438 1431
f 1431 1438 1440
f 1431 1440 1434
f 1411 1410 1441
f 1411 1441 1442
f 1410 1405 1443
f 1410 1443 1441
f 1442 1441 1440
f 1442 1440 1439
f 1441 1443 1434
f 1441 1434 1440
f 1402 1401 1444
f 1402 1444 1445
f 1445 1444 1433
f 1445 1433 1432
f 1405 1402 1445
f 1405 1445 1443
f 1443 1445 1432
f 1443 1432 1434
f 1171 1170 1446
f 1171 1446 1447
f 1170 1168 1448
f 1170 1448 1446
f 1447 1446 1449
f 1447 1449 1450
f 1446 1448 1451
f 1446 1451 1449
f 1165 1164 1452
f 1165 1452 1453
f 1453 1452 1454
f 1453 1454 1455
f 1168 1165 1453
f 1168 1453 1448
f 1448 1453 1455
f 1448 1455 1451
f 1436 1435 1456
f 1436 1456 1457
f 1435 1430 1458
f 1435 1458 1456
f 1457 1456 1455
f 1457 1455 1454
f 1456 1458 1451
f 1456 1451 1455
f 1427 1426 1459
f 1427 1459 1460
f 1460 1459 1450
f 1460 1450 1449
f 1430 1427 1460
f 1430 1460 1458
f 1458 1460 1449
f 1458 1449 1451
f 1461 1462 1463
f 1461 1463 1464
f 1462 1465 1466
f 1462 1466 1463
f 1464 1463 1467
f 1464 1467 1468
f 1463 1466 1469
f 1463 1469 1467
f 1470 1471 1472
f 1470 1472 1473
f 1473 1472 1474
f 1473 1474 1475
f 1465 1470 1473
f 1465 1473 1466
f 1466 1473 1475
f 1466 1475 1469
f 1476 1477 1478
f 1476 1478 1479
f 1477 1480 1481
f 1477 1481 1478
f 1479 1478 1475
f 1479 1475 1474
f 1478 1481 1469
f 1478 1469 1475
f 1482 1483 1484
f 1482 1484 1485
f 1485 1484 1468
f 1485 1468 1467
f 1480 1482 1485
f 1480 1485 1481
f 1481 1485 1467
f 1481 1467 1469
f 1124 1486 1487
f 1124 1487 1488
f 1486 1489 1490
f 1486 1490 1487
f 1488 1487 1491
f 1488 1491 1492
f 1487 1490 1493
f 1487 1493 1491
f 1494 1159 1495
f 1494 1495 1496
f 1496 1495 1497
f 1496 1497 1498
f 1489 1494 1496
f 1489 1496 1490
f 1490 1496 1498
f 1490 1498 1493
f 1471 1470 1499
f 1471 1499 1500
f 1470 1465 1501
f 1470 1501 1499
f 1500 1499 1498
f 1500 1498 1497
f 1499 1501 1493
f 1499 1493 1498
f 1462 1461 1502
f 1462 1502 1503
f 1503 1502 1492
f 1503 1492 1491
f 1465 1462 1503
f 1465 1503 1501
f 1501 1503 1491
f 1501 1491 1493
f 1504 1505 1506
f 1504 1506 1507
f 1505 1508 1509
f 1505 1509 1506
f 1507 1506 1510
f 1507 1510 1511
f 1506 1509 1512
f 1506 1512 1510
f 1513 1514 1515
f 1513 1515 1516
f 1516 1515 1517
f 1516 1517 1518
f 1508 1513 1516
f 1508 1516 1509
f 1509 1516 1518
f 1509 1518 1512
f 1519 1520 1521
f 1519 1521 1522
f 1520 1523 1524
f 1520 1524 1521
f 1522 1521 1518
f 1522 1518 1517
f 1521 1524 1512
f 1521 1512 1518
f 1525 1526 1527
f 1525 1527 1528
f 1528 1527 1511
f 1528 1511 1510
f 1523 1525 1528
f 1523 1528 1524
f 1524 1528 1510
f 1524 1510 1512
f 1099 1529 1530
f 1099 1530 1531
f 1529 1532 1533
f 1529 1533 1530
f 1531 1530 1534
f 1531 1534 1535
f 1530 1533 1536
f 1530 1536 1534
f 1537 1538 1539
f 1537 1539 1540
f 1540 1539 1541
f 1540 1541 1542
f 1532 1537 1540
f 1532 1540 1533
f 1533 1540 1542
f 1533 1542 1536
f 1514 1513 1543
f 1514 1543 1544
f 1513 1508 1545
f 1513 1545 1543
f 1544 1543 1542
f 1544 1542 1541
f 1543 1545 1536
f 1543 1536 1542
f 1505 1504 1546
f 1505 1546 1547
f 1547 1546 1535
f 1547 1535 1534
f 1508 1505 1547
f 1508 1547 1545
f 1545 1547 1534
f 1545 1534 1536
f 1121 1195 1548
f 1121 1548 1122
f 1195 1193 1549
f 1195 1549 1548
f 1122 1548 1550
f 1122 1550 1106
f 1548 1549 1551
f 1548 1551 1550
f 1190 1189 1552
f 1190 1552 1553
f 1553 1552 1554
f 1553 1554 1555
f 1193 1190 1553
f 1193 1553 1549
f 1549 1553 1555
f 1549 1555 1551
f 1538 1537 1556
f 1538 1556 1557
f 1537 1532 1558
f 1537 1558 1556
f 1557 1556 1555
f 1557 1555 1554
f 1556 1558 1551
f 1556 1551 1555
f 1529 1099 1102
f 1529 1102 1559
f 1559 1102 1106
f 1559 1106 1550
f 1532 1529 1559
f 1532 1559 1558
f 1558 1559 1550
f 1558 1550 1551
f 1560 1561 1562
f 1560 1562 1563
f 1561 1564 1565
f 1561 1565 1562
f 1563 1562 1566
f 1563 1566 1567
f 1562 1565 1568
f 1562 1568 1566
f 1569 1570 1571
f 1569 1571 1572
f 1572 1571 1573
f 1572 1573 1574
f 1564 1569 1572
f 1564 1572 1565
f 1565 1572 1574
f 1565 1574 1568
f 1575 1576 1577
f 1575 1577 1578
f 1576 1579 1580
f 1576 1580 1577
f 1578 1577 1574
f 1578 1574 1573
f 1577 1580 1568
f 1577 1568 1574
f 1581 1582 1583
f 1581 1583 1584
f 1584 1583 1567
f 1584 1567 1566
f 1579 1581 1584
f 1579 1584 1580
f 1580 1584 1566
f 1580 1566 1568
f 1585 1586 1587
f 1585 1587 1588
f 1586 1589 1590
f 1586 1590 1587
f 1588 1587 1591
f 1588 1591 1592
f 1587 1590 1593
f 1587 1593 1591
f 1594 1184 1595
f 1594 1595 1596
f 1596 1595 1597
f 1596 1597 1598
f 1589 1594 1596
f 1589 1596 1590
f 1590 1596 1598
f 1590 1598 1593
f 1570 1569 1599
f 1570 1599 1600
f 1569 1564 1601
f 1569 1601 1599
f 1600 1599 1598
f 1600 1598 1597
f 1599 1601 1593
f 1599 1593 1598
f 1561 1560 1602
f 1561 1602 1603
f 1603 1602 1592
f 1603 1592 1591
f 1564 1561 1603
f 1564 1603 1601
f 1601 1603 1591
f 1601 1591 1593
f 1423 1604 1605
f 1423 1605 1606
f 1604 1607 1608
f 1604 1608 1605
f 1606 1605 1609
f 1606 1609 1610
f 1605 1608 1611
f 1605 1611 1609
f 1612 526 525
f 1612 525 1613
f 1613 525 523
f 1613 523 1614
f 1607 1612 1613
f 1607 1613 1608
f 1608 1613 1614
f 1608 1614 1611
f 519 1615 1616
f 519 1616 520
f 1615 1617 1618
f 1615 1618 1616
f 520 1616 1614
f 520 1614 523
f 1616 1618 1611
f 1616 1611 1614
f 1619 1220 1620
f 1619 1620 1621
f 1621 1620 1610
f 1621 1610 1609
f 1617 1619 1621
f 1617 1621 1618
f 1618 1621 1609
f 1618 1609 1611
f 1582 1622 1623
f 1582 1623 1624
f 1622 1625 1626
f 1622 1626 1623
f 1624 1623 1627
f 1624 1627 1628
f 1623 1626 1629
f 1623 1629 1627
f 1630 549 548
f 1630 548 1631
f 1631 548 546
f 1631 546 1632
f 1625 1630 1631
f 1625 1631 1626
f 1626 1631 1632
f 1626 1632 1629
f 542 1633 1634
f 542 1634 543
f 1633 1635 1636
f 1633 1636 1634
f 543 1634 1632
f 543 1632 546
f 1634 1636 1629
f 1634 1629 1632
f 1637 1297 1638
f 1637 1638 1639
f 1639 1638 1628
f 1639 1628 1627
f 1635 1637 1639
f 1635 1639 1636
f 1636 1639 1627
f 1636 1627 1629
f 1307 1640 1641
f 1307 1641 1642
f 1640 1643 1644
f 1640 1644 1641
f 1642 1641 1645
f 1642 1645 1646
f 1641 1644 1647
f 1641 1647 1645
f 1648 572 571
f 1648 571 1649
f 1649 571 569
f 1649 569 1650
f 1643 1648 1649
f 1643 1649 1644
f 1644 1649 1650
f 1644 1650 1647
f 565 1651 1652
f 565 1652 566
f 1651 1653 1654
f 1651 1654 1652
f 566 1652 1650
f 566 1650 569
f 1652 1654 1647
f 1652 1647 1650
f 1655 1416 1656
f 1655 1656 1657
f 1657 1656 1646
f 1657 1646 1645
f 1653 1655 1657
f 1653 1657 1654
f 1654 1657 1645
f 1654 1645 1647
f 1198 1658 1659
f 1198 1659 1660
f 1658 1661 1662
f 1658 1662 1659
f 1660 1659 1663
f 1660 1663 1664
f 1659 1662 1665
f 1659 1665 1663
f 1666 595 594
f 1666 594 1667
f 1667 594 592
f 1667 592 1668
f 1661 1666 1667
f 1661 1667 1662
f 1662 1667 1668
f 1662 1668 1665
f 588 1669 1670
f 588 1670 589
f 1669 1671 1672
f 1669 1672 1670
f 589 1670 1668
f 589 1668 592
f 1670 1672 1665
f 1670 1665 1668
f 1673 1575 1674
f 1673 1674 1675
f 1675 1674 1664
f 1675 1664 1663
f 1671 1673 1675
f 1671 1675 1672
f 1672 1675 1663
f 1672 1663 1665
f 1676 1677 1678
f 1676 1678 1679
f 1677 1680 1681
f 1677 1681 1678
f 1679 1678 1682
f 1679 1682 1683
f 1678 1681 1684
f 1678 1684 1682
f 1685 1254 1257
f 1685 1257 1686
f 1686 1257 1261
f 1686 1261 1687
f 1680 1685 1686
f 1680 1686 1681
f 1681 1686 1687
f 1681 1687 1684
f 1276 1688 1689
f 1276 1689 1277
f 1688 1690 1691
f 1688 1691 1689
f 1277 1689 1687
f 1277 1687 1261
f 1689 1691 1684
f 1689 1684 1687
f 1692 1693 1694
f 1692 1694 1695
f 1695 1694 1683
f 1695 1683 1682
f 1690 1692 1695
f 1690 1695 1691
f 1691 1695 1682
f 1691 1682 1684
f 1696 1697 1698
f 1696 1698 1699
f 1697 1700 1701
f 1697 1701 1698
f 1699 1698 1702
f 1699 1702 1703
f 1698 1701 1704
f 1698 1704 1702
f 1705 1367 1366
f 1705 1366 1706
f 1706 1366 1361
f 1706 1361 1707
f 1700 1705 1706
f 1700 1706 1701
f 1701 1706 1707
f 1701 1707 1704
f 1357 1708 1709
f 1357 1709 1358
f 1708 1710 1711
f 1708 1711 1709
f 1358 1709 1707
f 1358 1707 1361
f 1709 1711 1704
f 1709 1704 1707
f 1712 1713 1714
f 1712 1714 1715
f 1715 1714 1703
f 1715 1703 1702
f 1710 1712 1715
f 1710 1715 1711
f 1711 1715 1702
f 1711 1702 1704
f 1483 1482 1716
f 1483 1716 1717
f 1482 1480 1718
f 1482 1718 1716
f 1717 1716 1719
f 1717 1719 1720
f 1716 1718 1721
f 1716 1721 1719
f 1477 1476 1722
f 1477 1722 1723
f 1723 1722 1724
f 1723 1724 1725
f 1480 1477 1723
f 1480 1723 1718
f 1718 1723 1725
f 1718 1725 1721
f 1726 1727 1728
f 1726 1728 1729
f 1727 1730 1731
f 1727 1731 1728
f 1729 1728 1725
f 1729 1725 1724
f 1728 1731 1721
f 1728 1721 1725
f 1732 1733 1734
f 1732 1734 1735
f 1735 1734 1720
f 1735 1720 1719
f 1730 1732 1735
f 1730 1735 1731
f 1731 1735 1719
f 1731 1719 1721
f 1736 1737 1738
f 1736 1738 1739
f 1737 1740 1741
f 1737 1741 1738
f 1739 1738 1742
f 1739 1742 1743
f 1738 1741 1744
f 1738 1744 1742
f 1745 1526 1746
f 1745 1746 1747
f 1747 1746 1748
f 1747 1748 1749
f 1740 1745 1747
f 1740 1747 1741
f 1741 1747 1749
f 1741 1749 1744
f 1750 1751 1752
f 1750 1752 1753
f 1751 1754 1755
f 1751 1755 1752
f 1753 1752 1749
f 1753 1749 1748
f 1752 1755 1744
f 1752 1744 1749
f 1756 1757 1758
f 1756 1758 1759
f 1759 1758 1743
f 1759 1743 1742
f 1754 1756 1759
f 1754 1759 1755
f 1755 1759 1742
f 1755 1742 1744
f 1696 1760 1761
f 1696 1761 1697
f 1760 1762 1763
f 1760 1763 1761
f 1697 1761 1764
f 1697 1764 1700
f 1761 1763 1765
f 1761 1765 1764
f 1766 1767 1768
f 1766 1768 1769
f 1769 1768 1770
f 1769 1770 1771
f 1762 1766 1769
f 1762 1769 1763
f 1763 1769 1771
f 1763 1771 1765
f 1772 1773 1774
f 1772 1774 1775
f 1773 1776 1777
f 1773 1777 1774
f 1775 1774 1771
f 1775 1771 1770
f 1774 1777 1765
f 1774 1765 1771
f 1778 1367 1705
f 1778 1705 1779
f 1779 1705 1700
f 1779 1700 1764
f 1776 1778 1779
f 1776 1779 1777
f 1777 1779 1764
f 1777 1764 1765
f 1780 1781 1782
f 1780 1782 1783
f 1781 1784 1785
f 1781 1785 1782
f 1783 1782 1786
f 1783 1786 1787
f 1782 1785 1788
f 1782 1788 1786
f 1789 1790 1791
f 1789 1791 1792
f 1792 1791 1793
f 1792 1793 1794
f 1784 1789 1792
f 1784 1792 1785
f 1785 1792 1794
f 1785 1794 1788
f 1795 1796 1797
f 1795 1797 1798
f 1796 1799 1800
f 1796 1800 1797
f 1798 1797 1794
f 1798 1794 1793
f 1797 1800 1788
f 1797 1788 1794
f 1801 1693 1802
f 1801 1802 1803
f 1803 1802 1787
f 1803 1787 1786
f 1799 1801 1803
f 1799 1803 1800
f 1800 1803 1786
f 1800 1786 1788
f 1804 1805 1806
f 1804 1806 1807
f 1805 1808 1809
f 1805 1809 1806
f 1807 1806 1810
f 1807 1810 1811
f 1806 1809 1812
f 1806 1812 1810
f 1813 1713 1814
f 1813 1814 1815
f 1815 1814 1816
f 1815 1816 1817
f 1808 1813 1815
f 1808 1815 1809
f 1809 1815 1817
f 1809 1817 1812
f 1733 1818 1819
f 1733 1819 1820
f 1818 1821 1822
f 1818 1822 1819
f 1820 1819 1817
f 1820 1817 1816
f 1819 1822 1812
f 1819 1812 1817
f 1823 1824 1825
f 1823 1825 1826
f 1826 1825 1811
f 1826 1811 1810
f 1821 1823 1826
f 1821 1826 1822
f 1822 1826 1810
f 1822 1810 1812
f 1676 1827 1828
f 1676 1828 1829
f 1827 1830 1831
f 1827 1831 1828
f 1829 1828 1832
f 1829 1832 1833
f 1828 1831 1834
f 1828 1834 1832
f 1835 1836 1837
f 1835 1837 1838
f 1838 1837 1839
f 1838 1839 1840
f 1830 1835 1838
f 1830 1838 1831
f 1831 1838 1840
f 1831 1840 1834
f 1841 1842 1843
f 1841 1843 1844
f 1842 1845 1846
f 1842 1846 1843
f 1844 1843 1840
f 1844 1840 1839
f 1843 1846 1834
f 1843 1834 1840
f 1847 1726 1848
f 1847 1848 1849
f 1849 1848 1833
f 1849 1833 1832
f 1845 1847 1849
f 1845 1849 1846
f 1846 1849 1832
f 1846 1832 1834
f 1795 1798 1850
f 1795 1850 1851
f 1798 1793 1852
f 1798 1852 1850
f 1851 1850 1853
f 1851 1853 1854
f 1850 1852 1855
f 1850 1855 1853
f 1791 1790 1856
f 1791 1856 1857
f 1857 1856 1858
f 1857 1858 1859
f 1793 1791 1857
f 1793 1857 1852
f 1852 1857 1859
f 1852 1859 1855
f 849 848 1860
f 849 1860 1861
f 848 846 1862
f 848 1862 1860
f 1861 1860 1859
f 1861 1859 1858
f 1860 1862 1855
f 1860 1855 1859
f 843 842 1863
f 843 1863 1864
f 1864 1863 1854
f 1864 1854 1853
f 846 843 1864
f 846 1864 1862
f 1862 1864 1853
f 1862 1853 1855
f 1804 1865 1866
f 1804 1866 1867
f 1865 1868 1869
f 1865 1869 1866
f 1867 1866 1870
f 1867 1870 1871
f 1866 1869 1872
f 1866 1872 1870
f 1873 1874 1875
f 1873 1875 1876
f 1876 1875 1877
f 1876 1877 1878
f 1868 1873 1876
f 1868 1876 1869
f 1869 1876 1878
f 1869 1878 1872
f 1879 1880 1881
f 1879 1881 1882
f 1880 1883 1884
f 1880 1884 1881
f 1882 1881 1878
f 1882 1878 1877
f 1881 1884 1872
f 1881 1872 1878
f 1885 1886 1887
f 1885 1887 1888
f 1888 1887 1871
f 1888 1871 1870
f 1883 1885 1888
f 1883 1888 1884
f 1884 1888 1870
f 1884 1870 1872
f 1836 1889 1890
f 1836 1890 1837
f 1889 1891 1892
f 1889 1892 1890
f 1837 1890 1893
f 1837 1893 1839
f 1890 1892 1894
f 1890 1894 1893
f 1895 1896 1897
f 1895 1897 1898
f 1898 1897 1899
f 1898 1899 1900
f 1891 1895 1898
f 1891 1898 1892
f 1892 1898 1900
f 1892 1900 1894
f 1901 1902 1903
f 1901 1903 1904
f 1902 1905 1906
f 1902 1906 1903
f 1904 1903 1900
f 1904 1900 1899
f 1903 1906 1894
f 1903 1894 1900
f 1907 1841 1844
f 1907 1844 1908
f 1908 1844 1839
f 1908 1839 1893
f 1905 1907 1908
f 1905 1908 1906
f 1906 1908 1893
f 1906 1893 1894
f 1896 1909 1910
f 1896 1910 1897
f 1909 1911 1912
f 1909 1912 1910
f 1897 1910 1913
f 1897 1913 1899
f 1910 1912 1914
f 1910 1914 1913
f 1915 1916 1917
f 1915 1917 1918
f 1918 1917 1919
f 1918 1919 1920
f 1911 1915 1918
f 1911 1918 1912
f 1912 1918 1920
f 1912 1920 1914
f 1921 1922 1923
f 1921 1923 1924
f 1922 1925 1926
f 1922 1926 1923
f 1924 1923 1920
f 1924 1920 1919
f 1923 1926 1914
f 1923 1914 1920
f 1927 1901 1904
f 1927 1904 1928
f 1928 1904 1899
f 1928 1899 1913
f 1925 1927 1928
f 1925 1928 1926
f 1926 1928 1913
f 1926 1913 1914
f 809 1929 1930
f 809 1930 810
f 1929 1931 1932
f 1929 1932 1930
f 810 1930 1933
f 810 1933 799
f 1930 1932 1934
f 1930 1934 1933
f 1935 1936 1937
f 1935 1937 1938
f 1938 1937 1939
f 1938 1939 1940
f 1931 1935 1938
f 1931 1938 1932
f 1932 1938 1940
f 1932 1940 1934
f 1941 1942 1943
f 1941 1943 1944
f 1942 1945 1946
f 1942 1946 1943
f 1944 1943 1940
f 1944 1940 1939
f 1943 1946 1934
f 1943 1934 1940
f 1947 792 795
f 1947 795 1948
f 1948 795 799
f 1948 799 1933
f 1945 1947 1948
f 1945 1948 1946
f 1946 1948 1933
f 1946 1933 1934
f 1949 1950 1951
f 1949 1951 1952
f 1950 1953 1954
f 1950 1954 1951
f 1952 1951 1955
f 1952 1955 1956
f 1951 1954 1957
f 1951 1957 1955
f 1958 1959 1960
f 1958 1960 1961
f 1961 1960 1962
f 1961 1962 1963
f 1953 1958 1961
f 1953 1961 1954
f 1954 1961 1963
f 1954 1963 1957
f 1964 1965 1966
f 1964 1966 1967
f 1965 1968 1969
f 1965 1969 1966
f 1967 1966 1963
f 1967 1963 1962
f 1966 1969 1957
f 1966 1957 1963
f 1970 1971 1972
f 1970 1972 1973
f 1973 1972 1956
f 1973 1956 1955
f 1968 1970 1973
f 1968 1973 1969
f 1969 1973 1955
f 1969 1955 1957
f 1974 1975 1976
f 1974 1976 1977
f 1975 1978 1979
f 1975 1979 1976
f 1977 1976 1980
f 1977 1980 1981
f 1976 1979 1982
f 1976 1982 1980
f 1983 1984 1985
f 1983 1985 1986
f 1986 1985 1987
f 1986 1987 1988
f 1978 1983 1986
f 1978 1986 1979
f 1979 1986 1988
f 1979 1988 1982
f 1989 1990 1991
f 1989 1991 1992
f 1990 1993 1994
f 1990 1994 1991
f 1992 1991 1988
f 1992 1988 1987
f 1991 1994 1982
f 1991 1982 1988
f 1995 1996 1997
f 1995 1997 1998
f 1998 1997 1981
f 1998 1981 1980
f 1993 1995 1998
f 1993 1998 1994
f 1994 1998 1980
f 1994 1980 1982
f 1999 2000 2001
f 1999 2001 2002
f 2000 2003 2004
f 2000 2004 2001
f 2002 2001 2005
f 2002 2005 2006
f 2001 2004 2007
f 2001 2007 2005
f 2008 2009 2010
f 2008 2010 2011
f 2011 2010 2012
f 2011 2012 2013
f 2003 2008 2011
f 2003 2011 2004
f 2004 2011 2013
f 2004 2013 2007
f 2014 2015 2016
f 2014 2016 2017
f 2015 2018 2019
f 2015 2019 2016
f 2017 2016 2013
f 2017 2013 2012
f 2016 2019 2007
f 2016 2007 2013
f 2020 2021 2022
f 2020 2022 2023
f 2023 2022 2006
f 2023 2006 2005
f 2018 2020 2023
f 2018 2023 2019
f 2019 2023 2005
f 2019 2005 2007
f 2024 2025 2026
f 2024 2026 2027
f 2025 2028 2029
f 2025 2029 2026
f 2027 2026 2030
f 2027 2030 2031
f 2026 2029 2032
f 2026 2032 2030
f 2033 2034 2035
f 2033 2035 2036
f 2036 2035 2037
f 2036 2037 2038
f 2028 2033 2036
f 2028 2036 2029
f 2029 2036 2038
f 2029 2038 2032
f 2039 2040 2041
f 2039 2041 2042
f 2040 2043 2044
f 2040 2044 2041
f 2042 2041 2038
f 2042 2038 2037
f 2041 2044 2032
f 2041 2032 2038
f 2045 2046 2047
f 2045 2047 2048
f 2048 2047 2031
f 2048 2031 2030
f 2043 2045 2048
f 2043 2048 2044
f 2044 2048 2030
f 2044 2030 2032
f 2049 2050 2051
f 2049 2051 2052
f 2050 2053 2054
f 2050 2054 2051
f 2052 2051 2055
f 2052 2055 2056
f 2051 2054 2057
f 2051 2057 2055
f 2058 2059 2060
f 2058 2060 2061
f 2061 2060 2062
f 2061 2062 2063
f 2053 2058 2061
f 2053 2061 2054
f 2054 2061 2063
f 2054 2063 2057
f 2064 2065 2066
f 2064 2066 2067
f 2065 2068 2069
f 2065 2069 2066
f 2067 2066 2063
f 2067 2063 2062
f 2066 2069 2057
f 2066 2057 2063
f 2070 2071 2072
f 2070 2072 2073
f 2073 2072 2056
f 2073 2056 2055
f 2068 2070 2073
f 2068 2073 2069
f 2069 2073 2055
f 2069 2055 2057
f 2074 2075 2076
f 2074 2076 2077
f 2075 2078 2079
f 2075 2079 2076
f 2077 2076 2080
f 2077 2080 2081
f 2076 2079 2082
f 2076 2082 2080
f 2083 2084 2085
f 2083 2085 2086
f 2086 2085 2087
f 2086 2087 2088
f 2078 2083 2086
f 2078 2086 2079
f 2079 2086 2088
f 2079 2088 2082
f 2089 2090 2091
f 2089 2091 2092
f 2090 2093 2094
f 2090 2094 2091
f 2092 2091 2088
f 2092 2088 2087
f 2091 2094 2082
f 2091 2082 2088
f 2095 2096 2097
f 2095 2097 2098
f 2098 2097 2081
f 2098 2081 2080
f 2093 2095 2098
f 2093 2098 2094
f 2094 2098 2080
f 2094 2080 2082
f 2099 2100 2101
f 2099 2101 2102
f 2100 2103 2104
f 2100 2104 2101
f 2102 2101 2105
f 2102 2105 2106
f 2101 2104 2107
f 2101 2107 2105
f 2108 2109 2110
f 2108 2110 2111
f 2111 2110 2112
f 2111 2112 2113
f 2103 2108 2111
f 2103 2111 2104
f 2104 2111 2113
f 2104 2113 2107
f 2114 2115 2116
f 2114 2116 2117
f 2115 2118 2119
f 2115 2119 2116
f 2117 2116 2113
f 2117 2113 2112
f 2116 2119 2107
f 2116 2107 2113
f 2120 2121 2122
f 2120 2122 2123
f 2123 2122 2106
f 2123 2106 2105
f 2118 2120 2123
f 2118 2123 2119
f 2119 2123 2105
f 2119 2105 2107
f 1886 2124 2125
f 1886 2125 2126
f 2124 2127 2128
f 2124 2128 2125
f 2126 2125 2129
f 2126 2129 2130
f 2125 2128 2131
f 2125 2131 2129
f 2132 2133 2134
f 2132 2134 2135
f 2135 2134 2136
f 2135 2136 2137
f 2127 2132 2135
f 2127 2135 2128
f 2128 2135 2137
f 2128 2137 2131
f 2138 2139 2140
f 2138 2140 2141
f 2139 2142 2143
f 2139 2143 2140
f 2141 2140 2137
f 2141 2137 2136
f 2140 2143 2131
f 2140 2131 2137
f 2144 2145 2146
f 2144 2146 2147
f 2147 2146 2130
f 2147 2130 2129
f 2142 2144 2147
f 2142 2147 2143
f 2143 2147 2129
f 2143 2129 2131
f 2145 2144 2148
f 2145 2148 2149
f 2144 2142 2150
f 2144 2150 2148
f 2149 2148 2151
f 2149 2151 2152
f 2148 2150 2153
f 2148 2153 2151
f 2139 2138 2154
f 2139 2154 2155
f 2155 2154 2156
f 2155 2156 2157
f 2142 2139 2155
f 2142 2155 2150
f 2150 2155 2157
f 2150 2157 2153
f 2109 2108 2158
f 2109 2158 2159
f 2108 2103 2160
f 2108 2160 2158
f 2159 2158 2157
f 2159 2157 2156
f 2158 2160 2153
f 2158 2153 2157
f 2100 2099 2161
f 2100 2161 2162
f 2162 2161 2152
f 2162 2152 2151
f 2103 2100 2162
f 2103 2162 2160
f 2160 2162 2151
f 2160 2151 2153
f 1879 2163 2164
f 1879 2164 1880
f 2163 2165 2166
f 2163 2166 2164
f 1880 2164 2167
f 1880 2167 1883
f 2164 2166 2168
f 2164 2168 2167
f 2169 2170 2171
f 2169 2171 2172
f 2172 2171 2173
f 2172 2173 2174
f 2165 2169 2172
f 2165 2172 2166
f 2166 2172 2174
f 2166 2174 2168
f 2133 2132 2175
f 2133 2175 2176
f 2132 2127 2177
f 2132 2177 2175
f 2176 2175 2174
f 2176 2174 2173
f 2175 2177 2168
f 2175 2168 2174
f 2124 1886 1885
f 2124 1885 2178
f 2178 1885 1883
f 2178 1883 2167
f 2127 2124 2178
f 2127 2178 2177
f 2177 2178 2167
f 2177 2167 2168
f 2179 2180 2181
f 2179 2181 2182
f 2180 2183 2184
f 2180 2184 2181
f 2182 2181 2185
f 2182 2185 2186
f 2181 2184 2187
f 2181 2187 2185
f 2188 2189 2190
f 2188 2190 2191
f 2191 2190 2192
f 2191 2192 2193
f 2183 2188 2191
f 2183 2191 2184
f 2184 2191 2193
f 2184 2193 2187
f 2194 2195 2196
f 2194 2196 2197
f 2195 2198 2199
f 2195 2199 2196
f 2197 2196 2193
f 2197 2193 2192
f 2196 2199 2187
f 2196 2187 2193
f 2200 2201 2202
f 2200 2202 2203
f 2203 2202 2186
f 2203 2186 2185
f 2198 2200 2203
f 2198 2203 2199
f 2199 2203 2185
f 2199 2185 2187
f 2204 2205 2206
f 2204 2206 2207
f 2205 2208 2209
f 2205 2209 2206
f 2207 2206 2210
f 2207 2210 2211
f 2206 2209 2212
f 2206 2212 2210
f 2213 2214 2215
f 2213 2215 2216
f 2216 2215 2217
f 2216 2217 2218
f 2208 2213 2216
f 2208 2216 2209
f 2209 2216 2218
f 2209 2218 2212
f 2219 2220 2221
f 2219 2221 2222
f 2220 2223 2224
f 2220 2224 2221
f 2222 2221 2218
f 2222 2218 2217
f 2221 2224 2212
f 2221 2212 2218
f 2225 2226 2227
f 2225 2227 2228
f 2228 2227 2211
f 2228 2211 2210
f 2223 2225 2228
f 2223 2228 2224
f 2224 2228 2210
f 2224 2210 2212
f 2229 2230 2231
f 2229 2231 2232
f 2230 2233 2234
f 2230 2234 2231
f 2232 2231 2235
f 2232 2235 2236
f 2231 2234 2237
f 2231 2237 2235
f 2238 2239 2240
f 2238 2240 2241
f 2241 2240 2242
f 2241 2242 2243
f 2233 2238 2241
f 2233 2241 2234
f 2234 2241 2243
f 2234 2243 2237
f 2244 2245 2246
f 2244 2246 2247
f 2245 2248 2249
f 2245 2249 2246
f 2247 2246 2243
f 2247 2243 2242
f 2246 2249 2237
f 2246 2237 2243
f 2250 2251 2252
f 2250 2252 2253
f 2253 2252 2236
f 2253 2236 2235
f 2248 2250 2253
f 2248 2253 2249
f 2249 2253 2235
f 2249 2235 2237
f 2254 2255 2256
f 2254 2256 2257
f 2255 2258 2259
f 2255 2259 2256
f 2257 2256 2260
f 2257 2260 2261
f 2256 2259 2262
f 2256 2262 2260
f 2263 2264 2265
f 2263 2265 2266
f 2266 2265 2267
f 2266 2267 2268
f 2258 2263 2266
f 2258 2266 2259
f 2259 2266 2268
f 2259 2268 2262
f 2039 2269 2270
f 2039 2270 2271
f 2269 2272 2273
f 2269 2273 2270
f 2271 2270 2268
f 2271 2268 2267
f 2270 2273 2262
f 2270 2262 2268
f 2274 2179 2275
f 2274 2275 2276
f 2276 2275 2261
f 2276 2261 2260
f 2272 2274 2276
f 2272 2276 2273
f 2273 2276 2260
f 2273 2260 2262
f 2059 2058 2277
f 2059 2277 2278
f 2058 2053 2279
f 2058 2279 2277
f 2278 2277 2280
f 2278 2280 2281
f 2277 2279 2282
f 2277 2282 2280
f 2050 2049 2283
f 2050 2283 2284
f 2284 2283 2285
f 2284 2285 2286
f 2053 2050 2284
f 2053 2284 2279
f 2279 2284 2286
f 2279 2286 2282
f 2226 2225 2287
f 2226 2287 2288
f 2225 2223 2289
f 2225 2289 2287
f 2288 2287 2286
f 2288 2286 2285
f 2287 2289 2282
f 2287 2282 2286
f 2220 2219 2290
f 2220 2290 2291
f 2291 2290 2281
f 2291 2281 2280
f 2223 2220 2291
f 2223 2291 2289
f 2289 2291 2280
f 2289 2280 2282
f 2251 2250 2292
f 2251 2292 2293
f 2250 2248 2294
f 2250 2294 2292
f 2293 2292 2295
f 2293 2295 2296
f 2292 2294 2297
f 2292 2297 2295
f 2245 2244 2298
f 2245 2298 2299
f 2299 2298 2300
f 2299 2300 2301
f 2248 2245 2299
f 2248 2299 2294
f 2294 2299 2301
f 2294 2301 2297
f 2084 2083 2302
f 2084 2302 2303
f 2083 2078 2304
f 2083 2304 2302
f 2303 2302 2301
f 2303 2301 2300
f 2302 2304 2297
f 2302 2297 2301
f 2075 2074 2305
f 2075 2305 2306
f 2306 2305 2296
f 2306 2296 2295
f 2078 2075 2306
f 2078 2306 2304
f 2304 2306 2295
f 2304 2295 2297
f 2307 2308 2309
f 2307 2309 2310
f 2308 2311 2312
f 2308 2312 2309
f 2310 2309 2313
f 2310 2313 2314
f 2309 2312 2315
f 2309 2315 2313
f 2316 2317 2318
f 2316 2318 2319
f 2319 2318 2320
f 2319 2320 2321
f 2311 2316 2319
f 2311 2319 2312
f 2312 2319 2321
f 2312 2321 2315
f 2322 2323 2324
f 2322 2324 2325
f 2323 2326 2327
f 2323 2327 2324
f 2325 2324 2321
f 2325 2321 2320
f 2324 2327 2315
f 2324 2315 2321
f 2328 2329 2330
f 2328 2330 2331
f 2331 2330 2314
f 2331 2314 2313
f 2326 2328 2331
f 2326 2331 2327
f 2327 2331 2313
f 2327 2313 2315
f 2332 2333 2334
f 2332 2334 2335
f 2333 2336 2337
f 2333 2337 2334
f 2335 2334 2338
f 2335 2338 2339
f 2334 2337 2340
f 2334 2340 2338
f 2341 2342 2343
f 2341 2343 2344
f 2344 2343 2345
f 2344 2345 2346
f 2336 2341 2344
f 2336 2344 2337
f 2337 2344 2346
f 2337 2346 2340
f 2347 2348 2349
f 2347 2349 2350
f 2348 2351 2352
f 2348 2352 2349
f 2350 2349 2346
f 2350 2346 2345
f 2349 2352 2340
f 2349 2340 2346
f 2353 2354 2355
f 2353 2355 2356
f 2356 2355 2339
f 2356 2339 2338
f 2351 2353 2356
f 2351 2356 2352
f 2352 2356 2338
f 2352 2338 2340
f 2357 2358 2359
f 2357 2359 2360
f 2358 2361 2362
f 2358 2362 2359
f 2360 2359 2363
f 2360 2363 2364
f 2359 2362 2365
f 2359 2365 2363
f 2366 2367 2368
f 2366 2368 2369
f 2369 2368 2370
f 2369 2370 2371
f 2361 2366 2369
f 2361 2369 2362
f 2362 2369 2371
f 2362 2371 2365
f 2372 2373 2374
f 2372 2374 2375
f 2373 2376 2377
f 2373 2377 2374
f 2375 2374 2371
f 2375 2371 2370
f 2374 2377 2365
f 2374 2365 2371
f 2378 2379 2380
f 2378 2380 2381
f 2381 2380 2364
f 2381 2364 2363
f 2376 2378 2381
f 2376 2381 2377
f 2377 2381 2363
f 2377 2363 2365
f 842 845 2382
f 842 2382 2383
f 845 840 2384
f 845 2384 2382
f 2383 2382 2385
f 2383 2385 2386
f 2382 2384 2387
f 2382 2387 2385
f 838 772 2388
f 838 2388 2389
f 2389 2388 2390
f 2389 2390 2391
f 840 838 2389
f 840 2389 2384
f 2384 2389 2391
f 2384 2391 2387
f 2392 2393 2394
f 2392 2394 2395
f 2393 2396 2397
f 2393 2397 2394
f 2395 2394 2391
f 2395 2391 2390
f 2394 2397 2387
f 2394 2387 2391
f 2398 2399 2400
f 2398 2400 2401
f 2401 2400 2386
f 2401 2386 2385
f 2396 2398 2401
f 2396 2401 2397
f 2397 2401 2385
f 2397 2385 2387
f 1772 2402 2403
f 1772 2403 1773
f 2402 2404 2405
f 2402 2405 2403
f 1773 2403 2406
f 1773 2406 1776
f 2403 2405 2407
f 2403 2407 2406
f 2408 2409 2410
f 2408 2410 2411
f 2411 2410 2412
f 2411 2412 2413
f 2404 2408 2411
f 2404 2411 2405
f 2405 2411 2413
f 2405 2413 2407
f 1519 2414 2415
f 1519 2415 2416
f 2414 2417 2418
f 2414 2418 2415
f 2416 2415 2413
f 2416 2413 2412
f 2415 2418 2407
f 2415 2407 2413
f 2419 1367 1778
f 2419 1778 2420
f 2420 1778 1776
f 2420 1776 2406
f 2417 2419 2420
f 2417 2420 2418
f 2418 2420 2406
f 2418 2406 2407
f 987 990 2421
f 987 2421 2422
f 990 994 2423
f 990 2423 2421
f 2422 2421 2424
f 2422 2424 2425
f 2421 2423 2426
f 2421 2426 2424
f 1005 1004 2427
f 1005 2427 2428
f 2428 2427 2429
f 2428 2429 2430
f 994 1005 2428
f 994 2428 2423
f 2423 2428 2430
f 2423 2430 2426
f 2170 2169 2431
f 2170 2431 2432
f 2169 2165 2433
f 2169 2433 2431
f 2432 2431 2430
f 2432 2430 2429
f 2431 2433 2426
f 2431 2426 2430
f 2163 1879 2434
f 2163 2434 2435
f 2435 2434 2425
f 2435 2425 2424
f 2165 2163 2435
f 2165 2435 2433
f 2433 2435 2424
f 2433 2424 2426
f 2367 2366 2436
f 2367 2436 2437
f 2366 2361 2438
f 2366 2438 2436
f 2437 2436 2439
f 2437 2439 2440
f 2436 2438 2441
f 2436 2441 2439
f 2358 2357 2442
f 2358 2442 2443
f 2443 2442 2444
f 2443 2444 2445
f 2361 2358 2443
f 2361 2443 2438
f 2438 2443 2445
f 2438 2445 2441
f 2446 2447 2448
f 2446 2448 2449
f 2447 2450 2451
f 2447 2451 2448
f 2449 2448 2445
f 2449 2445 2444
f 2448 2451 2441
f 2448 2441 2445
f 2452 2453 2454
f 2452 2454 2455
f 2455 2454 2440
f 2455 2440 2439
f 2450 2452 2455
f 2450 2455 2451
f 2451 2455 2439
f 2451 2439 2441
f 2456 2457 2458
f 2456 2458 2459
f 2457 2460 2461
f 2457 2461 2458
f 2459 2458 2462
f 2459 2462 2463
f 2458 2461 2464
f 2458 2464 2462
f 2465 2466 2467
f 2465 2467 2468
f 2468 2467 2469
f 2468 2469 2470
f 2460 2465 2468
f 2460 2468 2461
f 2461 2468 2470
f 2461 2470 2464
f 869 868 2471
f 869 2471 2472
f 868 866 2473
f 868 2473 2471
f 2472 2471 2470
f 2472 2470 2469
f 2471 2473 2464
f 2471 2464 2470
f 863 862 2474
f 863 2474 2475
f 2475 2474 2463
f 2475 2463 2462
f 866 863 2475
f 866 2475 2473
f 2473 2475 2462
f 2473 2462 2464
f 882 881 2476
f 882 2476 2477
f 881 876 2478
f 881 2478 2476
f 2477 2476 2479
f 2477 2479 2480
f 2476 2478 2481
f 2476 2481 2479
f 873 872 2482
f 873 2482 2483
f 2483 2482 2484
f 2483 2484 2485
f 876 873 2483
f 876 2483 2478
f 2478 2483 2485
f 2478 2485 2481
f 2466 2465 2486
f 2466 2486 2487
f 2465 2460 2488
f 2465 2488 2486
f 2487 2486 2485
f 2487 2485 2484
f 2486 2488 2481
f 2486 2481 2485
f 2457 2456 2489
f 2457 2489 2490
f 2490 2489 2480
f 2490 2480 2479
f 2460 2457 2490
f 2460 2490 2488
f 2488 2490 2479
f 2488 2479 2481
f 2491 2492 2493
f 2491 2493 2494
f 2492 2495 2496
f 2492 2496 2493
f 2494 2493 2497
f 2494 2497 2498
f 2493 2496 2499
f 2493 2499 2497
f 2500 2501 2502
f 2500 2502 2503
f 2503 2502 2504
f 2503 2504 2505
f 2495 2500 2503
f 2495 2503 2496
f 2496 2503 2505
f 2496 2505 2499
f 2506 2507 2508
f 2506 2508 2509
f 2507 2510 2511
f 2507 2511 2508
f 2509 2508 2505
f 2509 2505 2504
f 2508 2511 2499
f 2508 2499 2505
f 2512 1921 2513
f 2512 2513 2514
f 2514 2513 2498
f 2514 2498 2497
f 2510 2512 2514
f 2510 2514 2511
f 2511 2514 2497
f 2511 2497 2499
f 1936 2515 2516
f 1936 2516 2517
f 2515 2518 2519
f 2515 2519 2516
f 2517 2516 2520
f 2517 2520 2521
f 2516 2519 2522
f 2516 2522 2520
f 2523 2524 2525
f 2523 2525 2526
f 2526 2525 2527
f 2526 2527 2528
f 2518 2523 2526
f 2518 2526 2519
f 2519 2526 2528
f 2519 2528 2522
f 2529 2530 2531
f 2529 2531 2532
f 2530 2533 2534
f 2530 2534 2531
f 2532 2531 2528
f 2532 2528 2527
f 2531 2534 2522
f 2531 2522 2528
f 2535 2536 2537
f 2535 2537 2538
f 2538 2537 2521
f 2538 2521 2520
f 2533 2535 2538
f 2533 2538 2534
f 2534 2538 2520
f 2534 2520 2522
f 1971 2539 2540
f 1971 2540 2541
f 2539 2542 2543
f 2539 2543 2540
f 2541 2540 2544
f 2541 2544 2545
f 2540 2543 2546
f 2540 2546 2544
f 2547 2548 2549
f 2547 2549 2550
f 2550 2549 2551
f 2550 2551 2552
f 2542 2547 2550
f 2542 2550 2543
f 2543 2550 2552
f 2543 2552 2546
f 2501 2500 2553
f 2501 2553 2554
f 2500 2495 2555
f 2500 2555 2553
f 2554 2553 2552
f 2554 2552 2551
f 2553 2555 2546
f 2553 2546 2552
f 2492 2491 2556
f 2492 2556 2557
f 2557 2556 2545
f 2557 2545 2544
f 2495 2492 2557
f 2495 2557 2555
f 2555 2557 2544
f 2555 2544 2546
f 2558 2559 2560
f 2558 2560 2561
f 2559 2562 2563
f 2559 2563 2560
f 2561 2560 2564
f 2561 2564 2565
f 2560 2563 2566
f 2560 2566 2564
f 2567 2568 2569
f 2567 2569 2570
f 2570 2569 2571
f 2570 2571 2572
f 2562 2567 2570
f 2562 2570 2563
f 2563 2570 2572
f 2563 2572 2566
f 1996 1995 2573
f 1996 2573 2574
f 1995 1993 2575
f 1995 2575 2573
f 2574 2573 2572
f 2574 2572 2571
f 2573 2575 2566
f 2573 2566 2572
f 1990 1989 2576
f 1990 2576 2577
f 2577 2576 2565
f 2577 2565 2564
f 1993 1990 2577
f 1993 2577 2575
f 2575 2577 2564
f 2575 2564 2566
f 2536 2535 2578
f 2536 2578 2579
f 2535 2533 2580
f 2535 2580 2578
f 2579 2578 2581
f 2579 2581 2582
f 2578 2580 2583
f 2578 2583 2581
f 2530 2529 2584
f 2530 2584 2585
f 2585 2584 2586
f 2585 2586 2587
f 2533 2530 2585
f 2533 2585 2580
f 2580 2585 2587
f 2580 2587 2583
f 2021 2020 2588
f 2021 2588 2589
f 2020 2018 2590
f 2020 2590 2588
f 2589 2588 2587
f 2589 2587 2586
f 2588 2590 2583
f 2588 2583 2587
f 2015 2014 2591
f 2015 2591 2592
f 2592 2591 2582
f 2592 2582 2581
f 2018 2015 2592
f 2018 2592 2590
f 2590 2592 2581
f 2590 2581 2583
f 2399 2398 2593
f 2399 2593 2594
f 2398 2396 2595
f 2398 2595 2593
f 2594 2593 2596
f 2594 2596 2597
f 2593 2595 2598
f 2593 2598 2596
f 2393 2392 2599
f 2393 2599 2600
f 2600 2599 2601
f 2600 2601 2602
f 2396 2393 2600
f 2396 2600 2595
f 2595 2600 2602
f 2595 2602 2598
f 2568 2567 2603
f 2568 2603 2604
f 2567 2562 2605
f 2567 2605 2603
f 2604 2603 2602
f 2604 2602 2601
f 2603 2605 2598
f 2603 2598 2602
f 2559 2558 2606
f 2559 2606 2607
f 2607 2606 2597
f 2607 2597 2596
f 2562 2559 2607
f 2562 2607 2605
f 2605 2607 2596
f 2605 2596 2598
f 2608 2609 2610
f 2608 2610 2611
f 2609 2612 2613
f 2609 2613 2610
f 2611 2610 2614
f 2611 2614 2615
f 2610 2613 2616
f 2610 2616 2614
f 2617 2618 2619
f 2617 2619 2620
f 2620 2619 2621
f 2620 2621 2622
f 2612 2617 2620
f 2612 2620 2613
f 2613 2620 2622
f 2613 2622 2616
f 2623 2624 2625
f 2623 2625 2626
f 2624 2627 2628
f 2624 2628 2625
f 2626 2625 2622
f 2626 2622 2621
f 2625 2628 2616
f 2625 2616 2622
f 2629 919 2630
f 2629 2630 2631
f 2631 2630 2615
f 2631 2615 2614
f 2627 2629 2631
f 2627 2631 2628
f 2628 2631 2614
f 2628 2614 2616
f 2632 2633 2634
f 2632 2634 2635
f 2633 2636 2637
f 2633 2637 2634
f 2635 2634 2638
f 2635 2638 2639
f 2634 2637 2640
f 2634 2640 2638
f 2641 2642 2643
f 2641 2643 2644
f 2644 2643 2645
f 2644 2645 2646
f 2636 2641 2644
f 2636 2644 2637
f 2637 2644 2646
f 2637 2646 2640
f 2024 2027 2647
f 2024 2647 2648
f 2027 2031 2649
f 2027 2649 2647
f 2648 2647 2646
f 2648 2646 2645
f 2647 2649 2640
f 2647 2640 2646
f 2047 2046 2650
f 2047 2650 2651
f 2651 2650 2639
f 2651 2639 2638
f 2031 2047 2651
f 2031 2651 2649
f 2649 2651 2638
f 2649 2638 2640
f 1974 2652 2653
f 1974 2653 1975
f 2652 2654 2655
f 2652 2655 2653
f 1975 2653 2656
f 1975 2656 1978
f 2653 2655 2657
f 2653 2657 2656
f 2658 2659 2660
f 2658 2660 2661
f 2661 2660 2662
f 2661 2662 2663
f 2654 2658 2661
f 2654 2661 2655
f 2655 2661 2663
f 2655 2663 2657
f 2664 2665 2666
f 2664 2666 2667
f 2665 2668 2669
f 2665 2669 2666
f 2667 2666 2663
f 2667 2663 2662
f 2666 2669 2657
f 2666 2657 2663
f 2670 1984 1983
f 2670 1983 2671
f 2671 1983 1978
f 2671 1978 2656
f 2668 2670 2671
f 2668 2671 2669
f 2669 2671 2656
f 2669 2656 2657
f 1999 2672 2673
f 1999 2673 2000
f 2672 2674 2675
f 2672 2675 2673
f 2000 2673 2676
f 2000 2676 2003
f 2673 2675 2677
f 2673 2677 2676
f 2678 2679 2680
f 2678 2680 2681
f 2681 2680 2682
f 2681 2682 2683
f 2674 2678 2681
f 2674 2681 2675
f 2675 2681 2683
f 2675 2683 2677
f 2684 2685 2686
f 2684 2686 2687
f 2685 2688 2689
f 2685 2689 2686
f 2687 2686 2683
f 2687 2683 2682
f 2686 2689 2677
f 2686 2677 2683
f 2690 2009 2008
f 2690 2008 2691
f 2691 2008 2003
f 2691 2003 2676
f 2688 2690 2691
f 2688 2691 2689
f 2689 2691 2676
f 2689 2676 2677
f 1029 2692 2693
f 1029 2693 2694
f 2692 2695 2696
f 2692 2696 2693
f 2694 2693 2697
f 2694 2697 2698
f 2693 2696 2699
f 2693 2699 2697
f 2700 2701 2702
f 2700 2702 2703
f 2703 2702 2704
f 2703 2704 2705
f 2695 2700 2703
f 2695 2703 2696
f 2696 2703 2705
f 2696 2705 2699
f 2706 2707 2708
f 2706 2708 2709
f 2707 2710 2711
f 2707 2711 2708
f 2709 2708 2705
f 2709 2705 2704
f 2708 2711 2699
f 2708 2699 2705
f 2712 1070 2713
f 2712 2713 2714
f 2714 2713 2698
f 2714 2698 2697
f 2710 2712 2714
f 2710 2714 2711
f 2711 2714 2697
f 2711 2697 2699
f 2201 2200 2715
f 2201 2715 2716
f 2200 2198 2717
f 2200 2717 2715
f 2716 2715 2718
f 2716 2718 2719
f 2715 2717 2720
f 2715 2720 2718
f 2195 2194 2721
f 2195 2721 2722
f 2722 2721 2723
f 2722 2723 2724
f 2198 2195 2722
f 2198 2722 2717
f 2717 2722 2724
f 2717 2724 2720
f 2317 2316 2725
f 2317 2725 2726
f 2316 2311 2727
f 2316 2727 2725
f 2726 2725 2724
f 2726 2724 2723
f 2725 2727 2720
f 2725 2720 2724
f 2308 2307 2728
f 2308 2728 2729
f 2729 2728 2719
f 2729 2719 2718
f 2311 2308 2729
f 2311 2729 2727
f 2727 2729 2718
f 2727 2718 2720
f 2354 2353 2730
f 2354 2730 2731
f 2353 2351 2732
f 2353 2732 2730
f 2731 2730 2733
f 2731 2733 2734
f 2730 2732 2735
f 2730 2735 2733
f 2348 2347 2736
f 2348 2736 2737
f 2737 2736 2738
f 2737 2738 2739
f 2351 2348 2737
f 2351 2737 2732
f 2732 2737 2739
f 2732 2739 2735
f 2214 2213 2740
f 2214 2740 2741
f 2213 2208 2742
f 2213 2742 2740
f 2741 2740 2739
f 2741 2739 2738
f 2740 2742 2735
f 2740 2735 2739
f 2205 2204 2743
f 2205 2743 2744
f 2744 2743 2734
f 2744 2734 2733
f 2208 2205 2744
f 2208 2744 2742
f 2742 2744 2733
f 2742 2733 2735
f 2379 2378 2745
f 2379 2745 2746
f 2378 2376 2747
f 2378 2747 2745
f 2746 2745 2748
f 2746 2748 2749
f 2745 2747 2750
f 2745 2750 2748
f 2373 2372 2751
f 2373 2751 2752
f 2752 2751 2753
f 2752 2753 2754
f 2376 2373 2752
f 2376 2752 2747
f 2747 2752 2754
f 2747 2754 2750
f 2239 2238 2755
f 2239 2755 2756
f 2238 2233 2757
f 2238 2757 2755
f 2756 2755 2754
f 2756 2754 2753
f 2755 2757 2750
f 2755 2750 2754
f 2230 2229 2758
f 2230 2758 2759
f 2759 2758 2749
f 2759 2749 2748
f 2233 2230 2759
f 2233 2759 2757
f 2757 2759 2748
f 2757 2748 2750
f 41 2760 2761
f 41 2761 42
f 2760 2762 2763
f 2760 2763 2761
f 42 2761 2764
f 42 2764 45
f 2761 2763 2765
f 2761 2765 2764
f 2766 2767 2768
f 2766 2768 2769
f 2769 2768 2770
f 2769 2770 2771
f 2762 2766 2769
f 2762 2769 2763
f 2763 2769 2771
f 2763 2771 2765
f 284 287 2772
f 284 2772 2773
f 287 291 2774
f 287 2774 2772
f 2773 2772 2771
f 2773 2771 2770
f 2772 2774 2765
f 2772 2765 2771
f 301 48 47
f 301 47 2775
f 2775 47 45
f 2775 45 2764
f 291 301 2775
f 291 2775 2774
f 2774 2775 2764
f 2774 2764 2765
f 209 208 2776
f 209 2776 2777
f 208 203 2778
f 208 2778 2776
f 2777 2776 2779
f 2777 2779 2780
f 2776 2778 2781
f 2776 2781 2779
f 200 199 537
f 200 537 2782
f 2782 537 532
f 2782 532 2783
f 203 200 2782
f 203 2782 2778
f 2778 2782 2783
f 2778 2783 2781
f 472 471 2784
f 472 2784 529
f 471 466 2785
f 471 2785 2784
f 529 2784 2783
f 529 2783 532
f 2784 2785 2781
f 2784 2781 2783
f 463 462 2786
f 463 2786 2787
f 2787 2786 2780
f 2787 2780 2779
f 466 463 2787
f 466 2787 2785
f 2785 2787 2779
f 2785 2779 2781
f 231 230 2788
f 231 2788 2789
f 230 226 2790
f 230 2790 2788
f 2789 2788 2791
f 2789 2791 2792
f 2788 2790 2793
f 2788 2793 2791
f 224 209 2777
f 224 2777 2794
f 2794 2777 2780
f 2794 2780 2795
f 226 224 2794
f 226 2794 2790
f 2790 2794 2795
f 2790 2795 2793
f 462 496 2796
f 462 2796 2786
f 496 491 2797
f 496 2797 2796
f 2786 2796 2795
f 2786 2795 2780
f 2796 2797 2793
f 2796 2793 2795
f 488 487 2798
f 488 2798 2799
f 2799 2798 2792
f 2799 2792 2791
f 491 488 2799
f 491 2799 2797
f 2797 2799 2791
f 2797 2791 2793
f 41 257 2800
f 41 2800 2760
f 257 255 2801
f 257 2801 2800
f 2760 2800 2802
f 2760 2802 2762
f 2800 2801 2803
f 2800 2803 2802
f 253 231 2789
f 253 2789 2804
f 2804 2789 2792
f 2804 2792 2805
f 255 253 2804
f 255 2804 2801
f 2801 2804 2805
f 2801 2805 2803
f 487 2806 2807
f 487 2807 2798
f 2806 2808 2809
f 2806 2809 2807
f 2798 2807 2805
f 2798 2805 2792
f 2807 2809 2803
f 2807 2803 2805
f 2810 2767 2766
f 2810 2766 2811
f 2811 2766 2762
f 2811 2762 2802
f 2808 2810 2811
f 2808 2811 2809
f 2809 2811 2802
f 2809 2802 2803
f 269 268 2812
f 269 2812 2813
f 268 263 2814
f 268 2814 2812
f 2813 2812 2815
f 2813 2815 2816
f 2812 2814 2817
f 2812 2817 2815
f 260 259 2818
f 260 2818 2819
f 2819 2818 2820
f 2819 2820 2821
f 263 260 2819
f 263 2819 2814
f 2814 2819 2821
f 2814 2821 2817
f 373 372 2822
f 373 2822 2823
f 372 367 2824
f 372 2824 2822
f 2823 2822 2821
f 2823 2821 2820
f 2822 2824 2817
f 2822 2817 2821
f 364 363 2825
f 364 2825 2826
f 2826 2825 2816
f 2826 2816 2815
f 367 364 2826
f 367 2826 2824
f 2824 2826 2815
f 2824 2815 2817
f 269 2813 2827
f 269 2827 296
f 2813 2816 2828
f 2813 2828 2827
f 296 2827 2829
f 296 2829 298
f 2827 2828 2830
f 2827 2830 2829
f 2825 363 396
f 2825 396 2831
f 2831 396 391
f 2831 391 2832
f 2816 2825 2831
f 2816 2831 2828
f 2828 2831 2832
f 2828 2832 2830
f 26 29 2833
f 26 2833 388
f 29 33 2834
f 29 2834 2833
f 388 2833 2832
f 388 2832 391
f 2833 2834 2830
f 2833 2830 2832
f 49 48 300
f 49 300 2835
f 2835 300 298
f 2835 298 2829
f 33 49 2835
f 33 2835 2834
f 2834 2835 2829
f 2834 2829 2830
f 199 202 2836
f 199 2836 538
f 202 206 2837
f 202 2837 2836
f 538 2836 2838
f 538 2838 540
f 2836 2837 2839
f 2836 2839 2838
f 222 221 554
f 222 554 2840
f 2840 554 558
f 2840 558 2841
f 206 222 2840
f 206 2840 2837
f 2837 2840 2841
f 2837 2841 2839
f 572 2842 2843
f 572 2843 573
f 2842 2844 2845
f 2842 2845 2843
f 573 2843 2841
f 573 2841 558
f 2843 2845 2839
f 2843 2839 2841
f 2846 542 545
f 2846 545 2847
f 2847 545 540
f 2847 540 2838
f 2844 2846 2847
f 2844 2847 2845
f 2845 2847 2838
f 2845 2838 2839
f 635 746 2848
f 635 2848 636
f 746 744 2849
f 746 2849 2848
f 636 2848 2850
f 636 2850 622
f 2848 2849 2851
f 2848 2851 2850
f 741 645 644
f 741 644 2852
f 2852 644 640
f 2852 640 2853
f 744 741 2852
f 744 2852 2849
f 2849 2852 2853
f 2849 2853 2851
f 373 2823 2854
f 373 2854 638
f 2823 2820 2855
f 2823 2855 2854
f 638 2854 2853
f 638 2853 640
f 2854 2855 2851
f 2854 2851 2853
f 2818 259 619
f 2818 619 2856
f 2856 619 622
f 2856 622 2850
f 2820 2818 2856
f 2820 2856 2855
f 2855 2856 2850
f 2855 2850 2851
f 726 729 2857
f 726 2857 2858
f 729 733 2859
f 729 2859 2857
f 2858 2857 2860
f 2858 2860 2861
f 2857 2859 2862
f 2857 2862 2860
f 747 635 2863
f 747 2863 2864
f 2864 2863 2865
f 2864 2865 2866
f 733 747 2864
f 733 2864 2859
f 2859 2864 2866
f 2859 2866 2862
f 957 956 2867
f 957 2867 2868
f 956 951 2869
f 956 2869 2867
f 2868 2867 2866
f 2868 2866 2865
f 2867 2869 2862
f 2867 2862 2866
f 948 947 2870
f 948 2870 2871
f 2871 2870 2861
f 2871 2861 2860
f 951 948 2871
f 951 2871 2869
f 2869 2871 2860
f 2869 2860 2862
f 1134 1391 2872
f 1134 2872 1135
f 1391 1386 2873
f 1391 2873 2872
f 1135 2872 2874
f 1135 2874 1137
f 2872 2873 2875
f 2872 2875 2874
f 1383 1382 2876
f 1383 2876 2877
f 2877 2876 2878
f 2877 2878 2879
f 1386 1383 2877
f 1386 2877 2873
f 2873 2877 2879
f 2873 2879 2875
f 2880 2881 2882
f 2880 2882 2883
f 2881 2884 2885
f 2881 2885 2882
f 2883 2882 2879
f 2883 2879 2878
f 2882 2885 2875
f 2882 2875 2879
f 2886 1139 1142
f 2886 1142 2887
f 2887 1142 1137
f 2887 1137 2874
f 2884 2886 2887
f 2884 2887 2885
f 2885 2887 2874
f 2885 2874 2875
f 1582 1624 2888
f 1582 2888 1583
f 1624 1628 2889
f 1624 2889 2888
f 1583 2888 2890
f 1583 2890 1567
f 2888 2889 2891
f 2888 2891 2890
f 1638 1297 1300
f 1638 1300 2892
f 2892 1300 1304
f 2892 1304 2893
f 1628 1638 2892
f 1628 2892 2889
f 2889 2892 2893
f 2889 2893 2891
f 1319 2894 2895
f 1319 2895 1320
f 2894 2896 2897
f 2894 2897 2895
f 1320 2895 2893
f 1320 2893 1304
f 2895 2897 2891
f 2895 2891 2893
f 2898 1560 1563
f 2898 1563 2899
f 2899 1563 1567
f 2899 1567 2890
f 2896 2898 2899
f 2896 2899 2897
f 2897 2899 2890
f 2897 2890 2891
f 1560 2898 2900
f 1560 2900 1602
f 2898 2896 2901
f 2898 2901 2900
f 1602 2900 2902
f 1602 2902 1592
f 2900 2901 2903
f 2900 2903 2902
f 2894 1319 1323
f 2894 1323 2904
f 2904 1323 1326
f 2904 1326 2905
f 2896 2894 2904
f 2896 2904 2901
f 2901 2904 2905
f 2901 2905 2903
f 1339 2906 2907
f 1339 2907 1340
f 2906 2908 2909
f 2906 2909 2907
f 1340 2907 2905
f 1340 2905 1326
f 2907 2909 2903
f 2907 2903 2905
f 2910 1585 1588
f 2910 1588 2911
f 2911 1588 1592
f 2911 1592 2902
f 2908 2910 2911
f 2908 2911 2909
f 2909 2911 2902
f 2909 2902 2903
f 1585 2910 2912
f 1585 2912 2913
f 2910 2908 2914
f 2910 2914 2912
f 2913 2912 2915
f 2913 2915 2916
f 2912 2914 2917
f 2912 2917 2915
f 2906 1339 1353
f 2906 1353 2918
f 2918 1353 1350
f 2918 1350 2919
f 2908 2906 2918
f 2908 2918 2914
f 2914 2918 2919
f 2914 2919 2917
f 1139 2886 2920
f 1139 2920 1348
f 2886 2884 2921
f 2886 2921 2920
f 1348 2920 2919
f 1348 2919 1350
f 2920 2921 2917
f 2920 2917 2919
f 2881 2880 2922
f 2881 2922 2923
f 2923 2922 2916
f 2923 2916 2915
f 2884 2881 2923
f 2884 2923 2921
f 2921 2923 2915
f 2921 2915 2917
f 1483 2924 2925
f 1483 2925 1484
f 2924 2926 2927
f 2924 2927 2925
f 1484 2925 2928
f 1484 2928 1468
f 2925 2927 2929
f 2925 2929 2928
f 2930 1357 1360
f 2930 1360 2931
f 2931 1360 1364
f 2931 1364 2932
f 2926 2930 2931
f 2926 2931 2927
f 2927 2931 2932
f 2927 2932 2929
f 1379 2933 2934
f 1379 2934 1380
f 2933 2935 2936
f 2933 2936 2934
f 1380 2934 2932
f 1380 2932 1364
f 2934 2936 2929
f 2934 2929 2932
f 2937 1461 1464
f 2937 1464 2938
f 2938 1464 1468
f 2938 1468 2928
f 2935 2937 2938
f 2935 2938 2936
f 2936 2938 2928
f 2936 2928 2929
f 1134 1133 2939
f 1134 2939 1392
f 1133 1128 2940
f 1133 2940 2939
f 1392 2939 2941
f 1392 2941 1394
f 2939 2940 2942
f 2939 2942 2941
f 1125 1124 1488
f 1125 1488 2943
f 2943 1488 1492
f 2943 1492 2944
f 1128 1125 2943
f 1128 2943 2940
f 2940 2943 2944
f 2940 2944 2942
f 1461 2937 2945
f 1461 2945 1502
f 2937 2935 2946
f 2937 2946 2945
f 1502 2945 2944
f 1502 2944 1492
f 2945 2946 2942
f 2945 2942 2944
f 2933 1379 1397
f 2933 1397 2947
f 2947 1397 1394
f 2947 1394 2941
f 2935 2933 2947
f 2935 2947 2946
f 2946 2947 2941
f 2946 2941 2942
f 542 2846 2948
f 542 2948 1633
f 2846 2844 2949
f 2846 2949 2948
f 1633 2948 2950
f 1633 2950 1635
f 2948 2949 2951
f 2948 2951 2950
f 2842 572 1648
f 2842 1648 2952
f 2952 1648 1643
f 2952 1643 2953
f 2844 2842 2952
f 2844 2952 2949
f 2949 2952 2953
f 2949 2953 2951
f 1307 1306 2954
f 1307 2954 1640
f 1306 1301 2955
f 1306 2955 2954
f 1640 2954 2953
f 1640 2953 1643
f 2954 2955 2951
f 2954 2951 2953
f 1298 1297 1637
f 1298 1637 2956
f 2956 1637 1635
f 2956 1635 2950
f 1301 1298 2956
f 1301 2956 2955
f 2955 2956 2950
f 2955 2950 2951
f 1733 1820 2957
f 1733 2957 1734
f 1820 1816 2958
f 1820 2958 2957
f 1734 2957 2959
f 1734 2959 1720
f 2957 2958 2960
f 2957 2960 2959
f 1814 1713 1712
f 1814 1712 2961
f 2961 1712 1710
f 2961 1710 2962
f 1816 1814 2961
f 1816 2961 2958
f 2958 2961 2962
f 2958 2962 2960
f 1357 2930 2963
f 1357 2963 1708
f 2930 2926 2964
f 2930 2964 2963
f 1708 2963 2962
f 1708 2962 1710
f 2963 2964 2960
f 2963 2960 2962
f 2924 1483 1717
f 2924 1717 2965
f 2965 1717 1720
f 2965 1720 2959
f 2926 2924 2965
f 2926 2965 2964
f 2964 2965 2959
f 2964 2959 2960
f 1804 1867 2966
f 1804 2966 1805
f 1867 1871 2967
f 1867 2967 2966
f 1805 2966 2968
f 1805 2968 1808
f 2966 2967 2969
f 2966 2969 2968
f 1887 1886 2126
f 1887 2126 2970
f 2970 2126 2130
f 2970 2130 2971
f 1871 1887 2970
f 1871 2970 2967
f 2967 2970 2971
f 2967 2971 2969
f 2145 2972 2973
f 2145 2973 2146
f 2972 2974 2975
f 2972 2975 2973
f 2146 2973 2971
f 2146 2971 2130
f 2973 2975 2969
f 2973 2969 2971
f 2976 1713 1813
f 2976 1813 2977
f 2977 1813 1808
f 2977 1808 2968
f 2974 2976 2977
f 2974 2977 2975
f 2975 2977 2968
f 2975 2968 2969
f 1984 2978 2979
f 1984 2979 1985
f 2978 2980 2981
f 2978 2981 2979
f 1985 2979 2982
f 1985 2982 1987
f 2979 2981 2983
f 2979 2983 2982
f 2984 1959 1958
f 2984 1958 2985
f 2985 1958 1953
f 2985 1953 2986
f 2980 2984 2985
f 2980 2985 2981
f 2981 2985 2986
f 2981 2986 2983
f 1949 2987 2988
f 1949 2988 1950
f 2987 2989 2990
f 2987 2990 2988
f 1950 2988 2986
f 1950 2986 1953
f 2988 2990 2983
f 2988 2983 2986
f 2991 1989 1992
f 2991 1992 2992
f 2992 1992 1987
f 2992 1987 2982
f 2989 2991 2992
f 2989 2992 2990
f 2990 2992 2982
f 2990 2982 2983
f 1996 2993 2994
f 1996 2994 1997
f 2993 2995 2996
f 2993 2996 2994
f 1997 2994 2997
f 1997 2997 1981
f 2994 2996 2998
f 2994 2998 2997
f 2999 872 875
f 2999 875 3000
f 3000 875 879
f 3000 879 3001
f 2995 2999 3000
f 2995 3000 2996
f 2996 3000 3001
f 2996 3001 2998
f 894 3002 3003
f 894 3003 895
f 3002 3004 3005
f 3002 3005 3003
f 895 3003 3001
f 895 3001 879
f 3003 3005 2998
f 3003 2998 3001
f 3006 1974 1977
f 3006 1977 3007
f 3007 1977 1981
f 3007 1981 2997
f 3004 3006 3007
f 3004 3007 3005
f 3005 3007 2997
f 3005 2997 2998
f 2009 3008 3009
f 2009 3009 2010
f 3008 3010 3011
f 3008 3011 3009
f 2010 3009 3012
f 2010 3012 2012
f 3009 3011 3013
f 3009 3013 3012
f 3014 3015 3016
f 3014 3016 3017
f 3017 3016 3018
f 3017 3018 3019
f 3010 3014 3017
f 3010 3017 3011
f 3011 3017 3019
f 3011 3019 3013
f 3020 3021 3022
f 3020 3022 3023
f 3021 3024 3025
f 3021 3025 3022
f 3023 3022 3019
f 3023 3019 3018
f 3022 3025 3013
f 3022 3013 3019
f 3026 2014 2017
f 3026 2017 3027
f 3027 2017 2012
f 3027 2012 3012
f 3024 3026 3027
f 3024 3027 3025
f 3025 3027 3012
f 3025 3012 3013
f 2021 3028 3029
f 2021 3029 2022
f 3028 3030 3031
f 3028 3031 3029
f 2022 3029 3032
f 2022 3032 2006
f 3029 3031 3033
f 3029 3033 3032
f 3034 2548 3035
f 3034 3035 3036
f 3036 3035 3037
f 3036 3037 3038
f 3030 3034 3036
f 3030 3036 3031
f 3031 3036 3038
f 3031 3038 3033
f 3039 3040 3041
f 3039 3041 3042
f 3040 3043 3044
f 3040 3044 3041
f 3042 3041 3038
f 3042 3038 3037
f 3041 3044 3033
f 3041 3033 3038
f 3045 1999 2002
f 3045 2002 3046
f 3046 2002 2006
f 3046 2006 3032
f 3043 3045 3046
f 3043 3046 3044
f 3044 3046 3032
f 3044 3032 3033
f 2059 3047 3048
f 2059 3048 2060
f 3047 3049 3050
f 3047 3050 3048
f 2060 3048 3051
f 2060 3051 2062
f 3048 3050 3052
f 3048 3052 3051
f 3053 2034 2033
f 3053 2033 3054
f 3054 2033 2028
f 3054 2028 3055
f 3049 3053 3054
f 3049 3054 3050
f 3050 3054 3055
f 3050 3055 3052
f 2024 3056 3057
f 2024 3057 2025
f 3056 3058 3059
f 3056 3059 3057
f 2025 3057 3055
f 2025 3055 2028
f 3057 3059 3052
f 3057 3052 3055
f 3060 2064 2067
f 3060 2067 3061
f 3061 2067 2062
f 3061 2062 3051
f 3058 3060 3061
f 3058 3061 3059
f 3059 3061 3051
f 3059 3051 3052
f 2049 2052 3062
f 2049 3062 3063
f 2052 2056 3064
f 2052 3064 3062
f 3063 3062 3065
f 3063 3065 3066
f 3062 3064 3067
f 3062 3067 3065
f 2072 2071 3068
f 2072 3068 3069
f 3069 3068 3070
f 3069 3070 3071
f 2056 2072 3069
f 2056 3069 3064
f 3064 3069 3071
f 3064 3071 3067
f 912 915 3072
f 912 3072 3073
f 915 910 3074
f 915 3074 3072
f 3073 3072 3071
f 3073 3071 3070
f 3072 3074 3067
f 3072 3067 3071
f 908 907 3075
f 908 3075 3076
f 3076 3075 3066
f 3076 3066 3065
f 910 908 3076
f 910 3076 3074
f 3074 3076 3065
f 3074 3065 3067
f 2084 3077 3078
f 2084 3078 2085
f 3077 3079 3080
f 3077 3080 3078
f 2085 3078 3081
f 2085 3081 2087
f 3078 3080 3082
f 3078 3082 3081
f 3083 1041 3084
f 3083 3084 3085
f 3085 3084 3086
f 3085 3086 3087
f 3079 3083 3085
f 3079 3085 3080
f 3080 3085 3087
f 3080 3087 3082
f 2623 3088 3089
f 2623 3089 3090
f 3088 3091 3092
f 3088 3092 3089
f 3090 3089 3087
f 3090 3087 3086
f 3089 3092 3082
f 3089 3082 3087
f 3093 2089 2092
f 3093 2092 3094
f 3094 2092 2087
f 3094 2087 3081
f 3091 3093 3094
f 3091 3094 3092
f 3092 3094 3081
f 3092 3081 3082
f 2074 2077 3095
f 2074 3095 3096
f 2077 2081 3097
f 2077 3097 3095
f 3096 3095 3098
f 3096 3098 3099
f 3095 3097 3100
f 3095 3100 3098
f 2097 2096 3101
f 2097 3101 3102
f 3102 3101 3103
f 3102 3103 3104
f 2081 2097 3102
f 2081 3102 3097
f 3097 3102 3104
f 3097 3104 3100
f 3105 3106 3107
f 3105 3107 3108
f 3106 3109 3110
f 3106 3110 3107
f 3108 3107 3104
f 3108 3104 3103
f 3107 3110 3100
f 3107 3100 3104
f 3111 2264 3112
f 3111 3112 3113
f 3113 3112 3099
f 3113 3099 3098
f 3109 3111 3113
f 3109 3113 3110
f 3110 3113 3098
f 3110 3098 3100
f 2219 2222 3114
f 2219 3114 3115
f 2222 2217 3116
f 2222 3116 3114
f 3115 3114 3117
f 3115 3117 3118
f 3114 3116 3119
f 3114 3119 3117
f 2215 2214 3120
f 2215 3120 3121
f 3121 3120 3122
f 3121 3122 3123
f 2217 2215 3121
f 2217 3121 3116
f 3116 3121 3123
f 3116 3123 3119
f 2194 2197 3124
f 2194 3124 3125
f 2197 2192 3126
f 2197 3126 3124
f 3125 3124 3123
f 3125 3123 3122
f 3124 3126 3119
f 3124 3119 3123
f 2190 2189 3127
f 2190 3127 3128
f 3128 3127 3118
f 3128 3118 3117
f 2192 2190 3128
f 2192 3128 3126
f 3126 3128 3117
f 3126 3117 3119
f 1007 3129 3130
f 1007 3130 1008
f 3129 3131 3132
f 3129 3132 3130
f 1008 3130 3133
f 1008 3133 1011
f 3130 3132 3134
f 3130 3134 3133
f 3135 2204 2207
f 3135 2207 3136
f 3136 2207 2211
f 3136 2211 3137
f 3131 3135 3136
f 3131 3136 3132
f 3132 3136 3137
f 3132 3137 3134
f 2226 3138 3139
f 2226 3139 2227
f 3138 3140 3141
f 3138 3141 3139
f 2227 3139 3137
f 2227 3137 2211
f 3139 3141 3134
f 3139 3134 3137
f 3142 1017 1016
f 3142 1016 3143
f 3143 1016 1011
f 3143 1011 3133
f 3140 3142 3143
f 3140 3143 3141
f 3141 3143 3133
f 3141 3133 3134
f 2244 2247 3144
f 2244 3144 3145
f 2247 2242 3146
f 2247 3146 3144
f 3145 3144 3147
f 3145 3147 3148
f 3144 3146 3149
f 3144 3149 3147
f 2240 2239 3150
f 2240 3150 3151
f 3151 3150 3152
f 3151 3152 3153
f 2242 2240 3151
f 2242 3151 3146
f 3146 3151 3153
f 3146 3153 3149
f 2701 3154 3155
f 2701 3155 3156
f 3154 3157 3158
f 3154 3158 3155
f 3156 3155 3153
f 3156 3153 3152
f 3155 3158 3149
f 3155 3149 3153
f 3159 1046 3160
f 3159 3160 3161
f 3161 3160 3148
f 3161 3148 3147
f 3157 3159 3161
f 3157 3161 3158
f 3158 3161 3147
f 3158 3147 3149
f 3162 3163 3164
f 3162 3164 3165
f 3163 3166 3167
f 3163 3167 3164
f 3165 3164 3168
f 3165 3168 3169
f 3164 3167 3170
f 3164 3170 3168
f 3171 2229 2232
f 3171 2232 3172
f 3172 2232 2236
f 3172 2236 3173
f 3166 3171 3172
f 3166 3172 3167
f 3167 3172 3173
f 3167 3173 3170
f 2251 3174 3175
f 2251 3175 2252
f 3174 3176 3177
f 3174 3177 3175
f 2252 3175 3173
f 2252 3173 2236
f 3175 3177 3170
f 3175 3170 3173
f 3178 2254 3179
f 3178 3179 3180
f 3180 3179 3169
f 3180 3169 3168
f 3176 3178 3180
f 3176 3180 3177
f 3177 3180 3168
f 3177 3168 3170
f 2226 2288 3181
f 2226 3181 3138
f 2288 2285 3182
f 2288 3182 3181
f 3138 3181 3183
f 3138 3183 3140
f 3181 3182 3184
f 3181 3184 3183
f 2283 2049 3063
f 2283 3063 3185
f 3185 3063 3066
f 3185 3066 3186
f 2285 2283 3185
f 2285 3185 3182
f 3182 3185 3186
f 3182 3186 3184
f 907 3187 3188
f 907 3188 3075
f 3187 3189 3190
f 3187 3190 3188
f 3075 3188 3186
f 3075 3186 3066
f 3188 3190 3184
f 3188 3184 3186
f 3191 1017 3142
f 3191 3142 3192
f 3192 3142 3140
f 3192 3140 3183
f 3189 3191 3192
f 3189 3192 3190
f 3190 3192 3183
f 3190 3183 3184
f 2034 3053 3193
f 2034 3193 3194
f 3053 3049 3195
f 3053 3195 3193
f 3194 3193 3196
f 3194 3196 3197
f 3193 3195 3198
f 3193 3198 3196
f 3047 2059 2278
f 3047 2278 3199
f 3199 2278 2281
f 3199 2281 3200
f 3049 3047 3199
f 3049 3199 3195
f 3195 3199 3200
f 3195 3200 3198
f 2219 3115 3201
f 2219 3201 2290
f 3115 3118 3202
f 3115 3202 3201
f 2290 3201 3200
f 2290 3200 2281
f 3201 3202 3198
f 3201 3198 3200
f 3127 2189 3203
f 3127 3203 3204
f 3204 3203 3197
f 3204 3197 3196
f 3118 3127 3204
f 3118 3204 3202
f 3202 3204 3196
f 3202 3196 3198
f 1041 3083 3205
f 1041 3205 1042
f 3083 3079 3206
f 3083 3206 3205
f 1042 3205 3207
f 1042 3207 1044
f 3205 3206 3208
f 3205 3208 3207
f 3077 2084 2303
f 3077 2303 3209
f 3209 2303 2300
f 3209 2300 3210
f 3079 3077 3209
f 3079 3209 3206
f 3206 3209 3210
f 3206 3210 3208
f 2244 3145 3211
f 2244 3211 2298
f 3145 3148 3212
f 3145 3212 3211
f 2298 3211 3210
f 2298 3210 2300
f 3211 3212 3208
f 3211 3208 3210
f 3160 1046 1049
f 3160 1049 3213
f 3213 1049 1044
f 3213 1044 3207
f 3148 3160 3213
f 3148 3213 3212
f 3212 3213 3207
f 3212 3207 3208
f 2251 2293 3214
f 2251 3214 3174
f 2293 2296 3215
f 2293 3215 3214
f 3174 3214 3216
f 3174 3216 3176
f 3214 3215 3217
f 3214 3217 3216
f 2305 2074 3096
f 2305 3096 3218
f 3218 3096 3099
f 3218 3099 3219
f 2296 2305 3218
f 2296 3218 3215
f 3215 3218 3219
f 3215 3219 3217
f 2264 2263 3220
f 2264 3220 3112
f 2263 2258 3221
f 2263 3221 3220
f 3112 3220 3219
f 3112 3219 3099
f 3220 3221 3217
f 3220 3217 3219
f 2255 2254 3178
f 2255 3178 3222
f 3222 3178 3176
f 3222 3176 3216
f 2258 2255 3222
f 2258 3222 3221
f 3221 3222 3216
f 3221 3216 3217
f 2347 2350 3223
f 2347 3223 3224
f 2350 2345 3225
f 2350 3225 3223
f 3224 3223 3226
f 3224 3226 3227
f 3223 3225 3228
f 3223 3228 3226
f 2343 2342 3229
f 2343 3229 3230
f 3230 3229 3231
f 3230 3231 3232
f 2345 2343 3230
f 2345 3230 3225
f 3225 3230 3232
f 3225 3232 3228
f 2322 2325 3233
f 2322 3233 3234
f 2325 2320 3235
f 2325 3235 3233
f 3234 3233 3232
f 3234 3232 3231
f 3233 3235 3228
f 3233 3228 3232
f 2318 2317 3236
f 2318 3236 3237
f 3237 3236 3227
f 3237 3227 3226
f 2320 2318 3237
f 2320 3237 3235
f 3235 3237 3226
f 3235 3226 3228
f 1055 3238 3239
f 1055 3239 1056
f 3238 3240 3241
f 3238 3241 3239
f 1056 3239 3242
f 1056 3242 1059
f 3239 3241 3243
f 3239 3243 3242
f 3244 2332 2335
f 3244 2335 3245
f 3245 2335 2339
f 3245 2339 3246
f 3240 3244 3245
f 3240 3245 3241
f 3241 3245 3246
f 3241 3246 3243
f 2354 3247 3248
f 2354 3248 2355
f 3247 3249 3250
f 3247 3250 3248
f 2355 3248 3246
f 2355 3246 2339
f 3248 3250 3243
f 3248 3243 3246
f 3251 1065 1064
f 3251 1064 3252
f 3252 1064 1059
f 3252 1059 3242
f 3249 3251 3252
f 3249 3252 3250
f 3250 3252 3242
f 3250 3242 3243
f 2372 2375 3253
f 2372 3253 3254
f 2375 2370 3255
f 2375 3255 3253
f 3254 3253 3256
f 3254 3256 3257
f 3253 3255 3258
f 3253 3258 3256
f 2368 2367 3259
f 2368 3259 3260
f 3260 3259 3261
f 3260 3261 3262
f 2370 2368 3260
f 2370 3260 3255
f 3255 3260 3262
f 3255 3262 3258
f 3263 3264 3265
f 3263 3265 3266
f 3264 3267 3268
f 3264 3268 3265
f 3266 3265 3262
f 3266 3262 3261
f 3265 3268 3258
f 3265 3258 3262
f 3269 2706 3270
f 3269 3270 3271
f 3271 3270 3257
f 3271 3257 3256
f 3267 3269 3271
f 3267 3271 3268
f 3268 3271 3256
f 3268 3256 3258
f 3272 3273 3274
f 3272 3274 3275
f 3273 3276 3277
f 3273 3277 3274
f 3275 3274 3278
f 3275 3278 3279
f 3274 3277 3280
f 3274 3280 3278
f 3281 2357 2360
f 3281 2360 3282
f 3282 2360 2364
f 3282 2364 3283
f 3276 3281 3282
f 3276 3282 3277
f 3277 3282 3283
f 3277 3283 3280
f 2379 3284 3285
f 2379 3285 2380
f 3284 3286 3287
f 3284 3287 3285
f 2380 3285 3283
f 2380 3283 2364
f 3285 3287 3280
f 3285 3280 3283
f 3288 3289 3290
f 3288 3290 3291
f 3291 3290 3279
f 3291 3279 3278
f 3286 3288 3291
f 3286 3291 3287
f 3287 3291 3278
f 3287 3278 3280
f 2446 2449 3292
f 2446 3292 3293
f 2449 2444 3294
f 2449 3294 3292
f 3293 3292 3295
f 3293 3295 3296
f 3292 3294 3297
f 3292 3297 3295
f 2442 2357 3281
f 2442 3281 3298
f 3298 3281 3276
f 3298 3276 3299
f 2444 2442 3298
f 2444 3298 3294
f 3294 3298 3299
f 3294 3299 3297
f 3272 3300 3301
f 3272 3301 3273
f 3300 3302 3303
f 3300 3303 3301
f 3273 3301 3299
f 3273 3299 3276
f 3301 3303 3297
f 3301 3297 3299
f 3304 2329 3305
f 3304 3305 3306
f 3306 3305 3296
f 3306 3296 3295
f 3302 3304 3306
f 3302 3306 3303
f 3303 3306 3295
f 3303 3295 3297
f 2453 3307 3308
f 2453 3308 3309
f 3307 3310 3311
f 3307 3311 3308
f 3309 3308 3312
f 3309 3312 3313
f 3308 3311 3314
f 3308 3314 3312
f 3315 2332 3244
f 3315 3244 3316
f 3316 3244 3240
f 3316 3240 3317
f 3310 3315 3316
f 3310 3316 3311
f 3311 3316 3317
f 3311 3317 3314
f 1055 1058 3318
f 1055 3318 3238
f 1058 1062 3319
f 1058 3319 3318
f 3238 3318 3317
f 3238 3317 3240
f 3318 3319 3314
f 3318 3314 3317
f 1078 1077 3320
f 1078 3320 3321
f 3321 3320 3313
f 3321 3313 3312
f 1062 1078 3321
f 1062 3321 3319
f 3319 3321 3312
f 3319 3312 3314
f 1941 1944 3322
f 1941 3322 3323
f 1944 1939 3324
f 1944 3324 3322
f 3323 3322 3325
f 3323 3325 3326
f 3322 3324 3327
f 3322 3327 3325
f 1937 1936 2517
f 1937 2517 3328
f 3328 2517 2521
f 3328 2521 3329
f 1939 1937 3328
f 1939 3328 3324
f 3324 3328 3329
f 3324 3329 3327
f 2536 3330 3331
f 2536 3331 2537
f 3330 3332 3333
f 3330 3333 3331
f 2537 3331 3329
f 2537 3329 2521
f 3331 3333 3327
f 3331 3327 3329
f 3334 3335 3336
f 3334 3336 3337
f 3337 3336 3326
f 3337 3326 3325
f 3332 3334 3337
f 3332 3337 3333
f 3333 3337 3325
f 3333 3325 3327
f 2568 3338 3339
f 2568 3339 2569
f 3338 3340 3341
f 3338 3341 3339
f 2569 3339 3342
f 2569 3342 2571
f 3339 3341 3343
f 3339 3343 3342
f 3344 2466 2487
f 3344 2487 3345
f 3345 2487 2484
f 3345 2484 3346
f 3340 3344 3345
f 3340 3345 3341
f 3341 3345 3346
f 3341 3346 3343
f 872 2999 3347
f 872 3347 2482
f 2999 2995 3348
f 2999 3348 3347
f 2482 3347 3346
f 2482 3346 2484
f 3347 3348 3343
f 3347 3343 3346
f 2993 1996 2574
f 2993 2574 3349
f 3349 2574 2571
f 3349 2571 3342
f 2995 2993 3349
f 2995 3349 3348
f 3348 3349 3342
f 3348 3342 3343
f 2558 2561 3350
f 2558 3350 3351
f 2561 2565 3352
f 2561 3352 3350
f 3351 3350 3353
f 3351 3353 3354
f 3350 3352 3355
f 3350 3355 3353
f 2576 1989 2991
f 2576 2991 3356
f 3356 2991 2989
f 3356 2989 3357
f 2565 2576 3356
f 2565 3356 3352
f 3352 3356 3357
f 3352 3357 3355
f 1949 3358 3359
f 1949 3359 2987
f 3358 3360 3361
f 3358 3361 3359
f 2987 3359 3357
f 2987 3357 2989
f 3359 3361 3355
f 3359 3355 3357
f 3362 3363 3364
f 3362 3364 3365
f 3365 3364 3354
f 3365 3354 3353
f 3360 3362 3365
f 3360 3365 3361
f 3361 3365 3353
f 3361 3353 3355
f 2529 3366 3367
f 2529 3367 2584
f 3366 3368 3369
f 3366 3369 3367
f 2584 3367 3370
f 2584 3370 2586
f 3367 3369 3371
f 3367 3371 3370
f 3372 2501 2554
f 3372 2554 3373
f 3373 2554 2551
f 3373 2551 3374
f 3368 3372 3373
f 3368 3373 3369
f 3369 3373 3374
f 3369 3374 3371
f 2548 3034 3375
f 2548 3375 2549
f 3034 3030 3376
f 3034 3376 3375
f 2549 3375 3374
f 2549 3374 2551
f 3375 3376 3371
f 3375 3371 3374
f 3028 2021 2589
f 3028 2589 3377
f 3377 2589 2586
f 3377 2586 3370
f 3030 3028 3377
f 3030 3377 3376
f 3376 3377 3370
f 3376 3370 3371
f 2536 2579 3378
f 2536 3378 3330
f 2579 2582 3379
f 2579 3379 3378
f 3330 3378 3380
f 3330 3380 3332
f 3378 3379 3381
f 3378 3381 3380
f 2591 2014 3026
f 2591 3026 3382
f 3382 3026 3024
f 3382 3024 3383
f 2582 2591 3382
f 2582 3382 3379
f 3379 3382 3383
f 3379 3383 3381
f 3020 3384 3385
f 3020 3385 3021
f 3384 3386 3387
f 3384 3387 3385
f 3021 3385 3383
f 3021 3383 3024
f 3385 3387 3381
f 3385 3381 3383
f 3388 3335 3334
f 3388 3334 3389
f 3389 3334 3332
f 3389 3332 3380
f 3386 3388 3389
f 3386 3389 3387
f 3387 3389 3380
f 3387 3380 3381
f 2568 2604 3390
f 2568 3390 3338
f 2604 2601 3391
f 2604 3391 3390
f 3338 3390 3392
f 3338 3392 3340
f 3390 3391 3393
f 3390 3393 3392
f 2599 2392 3394
f 2599 3394 3395
f 3395 3394 3396
f 3395 3396 3397
f 2601 2599 3395
f 2601 3395 3391
f 3391 3395 3397
f 3391 3397 3393
f 869 2472 3398
f 869 3398 3399
f 2472 2469 3400
f 2472 3400 3398
f 3399 3398 3397
f 3399 3397 3396
f 3398 3400 3393
f 3398 3393 3397
f 2467 2466 3344
f 2467 3344 3401
f 3401 3344 3340
f 3401 3340 3392
f 2469 2467 3401
f 2469 3401 3400
f 3400 3401 3392
f 3400 3392 3393
f 1916 3402 3403
f 1916 3403 3404
f 3402 3405 3406
f 3402 3406 3403
f 3404 3403 3407
f 3404 3407 3408
f 3403 3406 3409
f 3403 3409 3407
f 3410 2399 2594
f 3410 2594 3411
f 3411 2594 2597
f 3411 2597 3412
f 3405 3410 3411
f 3405 3411 3406
f 3406 3411 3412
f 3406 3412 3409
f 2558 3351 3413
f 2558 3413 2606
f 3351 3354 3414
f 3351 3414 3413
f 2606 3413 3412
f 2606 3412 2597
f 3413 3414 3409
f 3413 3409 3412
f 3364 3363 3415
f 3364 3415 3416
f 3416 3415 3408
f 3416 3408 3407
f 3354 3364 3416
f 3354 3416 3414
f 3414 3416 3407
f 3414 3407 3409
f 1984 2670 3417
f 1984 3417 2978
f 2670 2668 3418
f 2670 3418 3417
f 2978 3417 3419
f 2978 3419 2980
f 3417 3418 3420
f 3417 3420 3419
f 2665 2664 3421
f 2665 3421 3422
f 3422 3421 3423
f 3422 3423 3424
f 2668 2665 3422
f 2668 3422 3418
f 3418 3422 3424
f 3418 3424 3420
f 3425 3426 3427
f 3425 3427 3428
f 3426 3429 3430
f 3426 3430 3427
f 3428 3427 3424
f 3428 3424 3423
f 3427 3430 3420
f 3427 3420 3424
f 3431 1959 2984
f 3431 2984 3432
f 3432 2984 2980
f 3432 2980 3419
f 3429 3431 3432
f 3429 3432 3430
f 3430 3432 3419
f 3430 3419 3420
f 2071 3433 3434
f 2071 3434 3068
f 3433 3435 3436
f 3433 3436 3434
f 3068 3434 3437
f 3068 3437 3070
f 3434 3436 3438
f 3434 3438 3437
f 3439 3440 3441
f 3439 3441 3442
f 3442 3441 3443
f 3442 3443 3444
f 3435 3439 3442
f 3435 3442 3436
f 3436 3442 3444
f 3436 3444 3438
f 3445 3446 3447
f 3445 3447 3448
f 3446 3449 3450
f 3446 3450 3447
f 3448 3447 3444
f 3448 3444 3443
f 3447 3450 3438
f 3447 3438 3444
f 3451 912 3073
f 3451 3073 3452
f 3452 3073 3070
f 3452 3070 3437
f 3449 3451 3452
f 3449 3452 3450
f 3450 3452 3437
f 3450 3437 3438
f 2009 2690 3453
f 2009 3453 3008
f 2690 2688 3454
f 2690 3454 3453
f 3008 3453 3455
f 3008 3455 3010
f 3453 3454 3456
f 3453 3456 3455
f 2685 2684 3457
f 2685 3457 3458
f 3458 3457 3459
f 3458 3459 3460
f 2688 2685 3458
f 2688 3458 3454
f 3454 3458 3460
f 3454 3460 3456
f 3461 3462 3463
f 3461 3463 3464
f 3462 3465 3466
f 3462 3466 3463
f 3464 3463 3460
f 3464 3460 3459
f 3463 3466 3456
f 3463 3456 3460
f 3467 3015 3014
f 3467 3014 3468
f 3468 3014 3010
f 3468 3010 3455
f 3465 3467 3468
f 3465 3468 3466
f 3466 3468 3455
f 3466 3455 3456
f 2096 3469 3470
f 2096 3470 3101
f 3469 3471 3472
f 3469 3472 3470
f 3101 3470 3473
f 3101 3473 3103
f 3470 3472 3474
f 3470 3474 3473
f 3475 3476 3477
f 3475 3477 3478
f 3478 3477 3479
f 3478 3479 3480
f 3471 3475 3478
f 3471 3478 3472
f 3472 3478 3480
f 3472 3480 3474
f 3481 3482 3483
f 3481 3483 3484
f 3482 3485 3486
f 3482 3486 3483
f 3484 3483 3480
f 3484 3480 3479
f 3483 3486 3474
f 3483 3474 3480
f 3487 3105 3108
f 3487 3108 3488
f 3488 3108 3103
f 3488 3103 3473
f 3485 3487 3488
f 3485 3488 3486
f 3486 3488 3473
f 3486 3473 3474
f 2347 3224 3489
f 2347 3489 2736
f 3224 3227 3490
f 3224 3490 3489
f 2736 3489 3491
f 2736 3491 2738
f 3489 3490 3492
f 3489 3492 3491
f 3236 2317 2726
f 3236 2726 3493
f 3493 2726 2723
f 3493 2723 3494
f 3227 3236 3493
f 3227 3493 3490
f 3490 3493 3494
f 3490 3494 3492
f 2194 3125 3495
f 2194 3495 2721
f 3125 3122 3496
f 3125 3496 3495
f 2721 3495 3494
f 2721 3494 2723
f 3495 3496 3492
f 3495 3492 3494
f 3120 2214 2741
f 3120 2741 3497
f 3497 2741 2738
f 3497 2738 3491
f 3122 3120 3497
f 3122 3497 3496
f 3496 3497 3491
f 3496 3491 3492
f 2354 2731 3498
f 2354 3498 3247
f 2731 2734 3499
f 2731 3499 3498
f 3247 3498 3500
f 3247 3500 3249
f 3498 3499 3501
f 3498 3501 3500
f 2743 2204 3135
f 2743 3135 3502
f 3502 3135 3131
f 3502 3131 3503
f 2734 2743 3502
f 2734 3502 3499
f 3499 3502 3503
f 3499 3503 3501
f 1007 3504 3505
f 1007 3505 3129
f 3504 3506 3507
f 3504 3507 3505
f 3129 3505 3503
f 3129 3503 3131
f 3505 3507 3501
f 3505 3501 3503
f 3508 1065 3251
f 3508 3251 3509
f 3509 3251 3249
f 3509 3249 3500
f 3506 3508 3509
f 3506 3509 3507
f 3507 3509 3500
f 3507 3500 3501
f 2372 3254 3510
f 2372 3510 2751
f 3254 3257 3511
f 3254 3511 3510
f 2751 3510 3512
f 2751 3512 2753
f 3510 3511 3513
f 3510 3513 3512
f 3270 2706 2709
f 3270 2709 3514
f 3514 2709 2704
f 3514 2704 3515
f 3257 3270 3514
f 3257 3514 3511
f 3511 3514 3515
f 3511 3515 3513
f 2701 3156 3516
f 2701 3516 2702
f 3156 3152 3517
f 3156 3517 3516
f 2702 3516 3515
f 2702 3515 2704
f 3516 3517 3513
f 3516 3513 3515
f 3150 2239 2756
f 3150 2756 3518
f 3518 2756 2753
f 3518 2753 3512
f 3152 3150 3518
f 3152 3518 3517
f 3517 3518 3512
f 3517 3512 3513
f 2379 2746 3519
f 2379 3519 3284
f 2746 2749 3520
f 2746 3520 3519
f 3284 3519 3521
f 3284 3521 3286
f 3519 3520 3522
f 3519 3522 3521
f 2758 2229 3171
f 2758 3171 3523
f 3523 3171 3166
f 3523 3166 3524
f 2749 2758 3523
f 2749 3523 3520
f 3520 3523 3524
f 3520 3524 3522
f 3162 3525 3526
f 3162 3526 3163
f 3525 3527 3528
f 3525 3528 3526
f 3163 3526 3524
f 3163 3524 3166
f 3526 3528 3522
f 3526 3522 3524
f 3529 3289 3288
f 3529 3288 3530
f 3530 3288 3286
f 3530 3286 3521
f 3527 3529 3530
f 3527 3530 3528
f 3528 3530 3521
f 3528 3521 3522
f 726 2858 3531
f 726 3531 804
f 2858 2861 3532
f 2858 3532 3531
f 804 3531 3533
f 804 3533 806
f 3531 3532 3534
f 3531 3534 3533
f 2870 947 996
f 2870 996 3535
f 3535 996 991
f 3535 991 3536
f 2861 2870 3535
f 2861 3535 3532
f 3532 3535 3536
f 3532 3536 3534
f 987 3537 3538
f 987 3538 988
f 3537 3539 3540
f 3537 3540 3538
f 988 3538 3536
f 988 3536 991
f 3538 3540 3534
f 3538 3534 3536
f 3541 809 808
f 3541 808 3542
f 3542 808 806
f 3542 806 3533
f 3539 3541 3542
f 3539 3542 3540
f 3540 3542 3533
f 3540 3533 3534
f 1879 1882 3543
f 1879 3543 2434
f 1882 1877 3544
f 1882 3544 3543
f 2434 3543 3545
f 2434 3545 2425
f 3543 3544 3546
f 3543 3546 3545
f 1875 1874 3547
f 1875 3547 3548
f 3548 3547 3549
f 3548 3549 3550
f 1877 1875 3548
f 1877 3548 3544
f 3544 3548 3550
f 3544 3550 3546
f 809 3541 3551
f 809 3551 3552
f 3541 3539 3553
f 3541 3553 3551
f 3552 3551 3550
f 3552 3550 3549
f 3551 3553 3546
f 3551 3546 3550
f 3537 987 2422
f 3537 2422 3554
f 3554 2422 2425
f 3554 2425 3545
f 3539 3537 3554
f 3539 3554 3553
f 3553 3554 3545
f 3553 3545 3546
f 2524 2523 3555
f 2524 3555 3556
f 2523 2518 3557
f 2523 3557 3555
f 3556 3555 3558
f 3556 3558 3559
f 3555 3557 3560
f 3555 3560 3558
f 2515 1936 1935
f 2515 1935 3561
f 3561 1935 1931
f 3561 1931 3562
f 2518 2515 3561
f 2518 3561 3557
f 3557 3561 3562
f 3557 3562 3560
f 809 3552 3563
f 809 3563 1929
f 3552 3549 3564
f 3552 3564 3563
f 1929 3563 3562
f 1929 3562 1931
f 3563 3564 3560
f 3563 3560 3562
f 3547 1874 3565
f 3547 3565 3566
f 3566 3565 3559
f 3566 3559 3558
f 3549 3547 3566
f 3549 3566 3564
f 3564 3566 3558
f 3564 3558 3560
f 3567 3568 3569
f 3567 3569 3570
f 3568 3571 3572
f 3568 3572 3569
f 3570 3569 3573
f 3570 3573 3574
f 3569 3572 3575
f 3569 3575 3573
f 3576 1874 1873
f 3576 1873 3577
f 3577 1873 1868
f 3577 1868 3578
f 3571 3576 3577
f 3571 3577 3572
f 3572 3577 3578
f 3572 3578 3575
f 1804 1807 3579
f 1804 3579 1865
f 1807 1811 3580
f 1807 3580 3579
f 1865 3579 3578
f 1865 3578 1868
f 3579 3580 3575
f 3579 3575 3578
f 1825 1824 3581
f 1825 3581 3582
f 3582 3581 3574
f 3582 3574 3573
f 1811 1825 3582
f 1811 3582 3580
f 3580 3582 3573
f 3580 3573 3575
f 2506 3583 3584
f 2506 3584 3585
f 3583 3586 3587
f 3583 3587 3584
f 3585 3584 3588
f 3585 3588 3589
f 3584 3587 3590
f 3584 3590 3588
f 3591 2524 3556
f 3591 3556 3592
f 3592 3556 3559
f 3592 3559 3593
f 3586 3591 3592
f 3586 3592 3587
f 3587 3592 3593
f 3587 3593 3590
f 1874 3576 3594
f 1874 3594 3565
f 3576 3571 3595
f 3576 3595 3594
f 3565 3594 3593
f 3565 3593 3559
f 3594 3595 3590
f 3594 3590 3593
f 3568 3567 3596
f 3568 3596 3597
f 3597 3596 3589
f 3597 3589 3588
f 3571 3568 3597
f 3571 3597 3595
f 3595 3597 3588
f 3595 3588 3590
f 2529 2532 3598
f 2529 3598 3366
f 2532 2527 3599
f 2532 3599 3598
f 3366 3598 3600
f 3366 3600 3368
f 3598 3599 3601
f 3598 3601 3600
f 2525 2524 3591
f 2525 3591 3602
f 3602 3591 3586
f 3602 3586 3603
f 2527 2525 3602
f 2527 3602 3599
f 3599 3602 3603
f 3599 3603 3601
f 2506 2509 3604
f 2506 3604 3583
f 2509 2504 3605
f 2509 3605 3604
f 3583 3604 3603
f 3583 3603 3586
f 3604 3605 3601
f 3604 3601 3603
f 2502 2501 3372
f 2502 3372 3606
f 3606 3372 3368
f 3606 3368 3600
f 2504 2502 3606
f 2504 3606 3605
f 3605 3606 3600
f 3605 3600 3601
f 869 3399 3607
f 869 3607 870
f 3399 3396 3608
f 3399 3608 3607
f 870 3607 3609
f 870 3609 856
f 3607 3608 3610
f 3607 3610 3609
f 3394 2392 2395
f 3394 2395 3611
f 3611 2395 2390
f 3611 2390 3612
f 3396 3394 3611
f 3396 3611 3608
f 3608 3611 3612
f 3608 3612 3610
f 772 3613 3614
f 772 3614 2388
f 3613 3615 3616
f 3613 3616 3614
f 2388 3614 3612
f 2388 3612 2390
f 3614 3616 3610
f 3614 3610 3612
f 3617 829 853
f 3617 853 3618
f 3618 853 856
f 3618 856 3609
f 3615 3617 3618
f 3615 3618 3616
f 3616 3618 3609
f 3616 3609 3610
f 842 2383 3619
f 842 3619 3620
f 2383 2386 3621
f 2383 3621 3619
f 3620 3619 3622
f 3620 3622 3623
f 3619 3621 3624
f 3619 3624 3622
f 2400 2399 3410
f 2400 3410 3625
f 3625 3410 3405
f 3625 3405 3626
f 2386 2400 3625
f 2386 3625 3621
f 3621 3625 3626
f 3621 3626 3624
f 1916 1915 3627
f 1916 3627 3402
f 1915 1911 3628
f 1915 3628 3627
f 3402 3627 3626
f 3402 3626 3405
f 3627 3628 3624
f 3627 3624 3626
f 1909 1896 3629
f 1909 3629 3630
f 3630 3629 3623
f 3630 3623 3622
f 1911 1909 3630
f 1911 3630 3628
f 3628 3630 3622
f 3628 3622 3624
f 16 3631 3632
f 16 3632 17
f 3631 3633 3634
f 3631 3634 3632
f 17 3632 3635
f 17 3635 20
f 3632 3634 3636
f 3632 3636 3635
f 3637 61 60
f 3637 60 3638
f 3638 60 55
f 3638 55 3639
f 3633 3637 3638
f 3633 3638 3634
f 3634 3638 3639
f 3634 3639 3636
f 51 183 3640
f 51 3640 52
f 183 187 3641
f 183 3641 3640
f 52 3640 3639
f 52 3639 55
f 3640 3641 3636
f 3640 3636 3639
f 197 23 22
f 197 22 3642
f 3642 22 20
f 3642 20 3635
f 187 197 3642
f 187 3642 3641
f 3641 3642 3635
f 3641 3635 3636
f 303 3643 3644
f 303 3644 304
f 3643 3645 3646
f 3643 3646 3644
f 304 3644 3647
f 304 3647 307
f 3644 3646 3648
f 3644 3648 3647
f 3649 100 103
f 3649 103 3650
f 3650 103 107
f 3650 107 3651
f 3645 3649 3650
f 3645 3650 3646
f 3646 3650 3651
f 3646 3651 3648
f 122 514 3652
f 122 3652 123
f 514 509 3653
f 514 3653 3652
f 123 3652 3651
f 123 3651 107
f 3652 3653 3648
f 3652 3648 3651
f 506 313 312
f 506 312 3654
f 3654 312 307
f 3654 307 3647
f 509 506 3654
f 509 3654 3653
f 3653 3654 3647
f 3653 3647 3648
f 328 3655 3656
f 328 3656 329
f 3655 3657 3658
f 3655 3658 3656
f 329 3656 3659
f 329 3659 332
f 3656 3658 3660
f 3656 3660 3659
f 3661 125 128
f 3661 128 3662
f 3662 128 132
f 3662 132 3663
f 3657 3661 3662
f 3657 3662 3658
f 3658 3662 3663
f 3658 3663 3660
f 100 3649 3664
f 100 3664 142
f 3649 3645 3665
f 3649 3665 3664
f 142 3664 3663
f 142 3663 132
f 3664 3665 3660
f 3664 3660 3663
f 3643 303 337
f 3643 337 3666
f 3666 337 332
f 3666 332 3659
f 3645 3643 3666
f 3645 3666 3665
f 3665 3666 3659
f 3665 3659 3660
f 125 3661 3667
f 125 3667 154
f 3661 3657 3668
f 3661 3668 3667
f 154 3667 3669
f 154 3669 148
f 3667 3668 3670
f 3667 3670 3669
f 3655 328 354
f 3655 354 3671
f 3671 354 350
f 3671 350 3672
f 3657 3655 3671
f 3657 3671 3668
f 3668 3671 3672
f 3668 3672 3670
f 61 3637 3673
f 61 3673 348
f 3637 3633 3674
f 3637 3674 3673
f 348 3673 3672
f 348 3672 350
f 3673 3674 3670
f 3673 3670 3672
f 3631 16 145
f 3631 145 3675
f 3675 145 148
f 3675 148 3669
f 3633 3631 3675
f 3633 3675 3674
f 3674 3675 3669
f 3674 3669 3670
f 406 3676 3677
f 406 3677 407
f 3676 3678 3679
f 3676 3679 3677
f 407 3677 3680
f 407 3680 410
f 3677 3679 3681
f 3677 3681 3680
f 3682 156 159
f 3682 159 3683
f 3683 159 163
f 3683 163 3684
f 3678 3682 3683
f 3678 3683 3679
f 3679 3683 3684
f 3679 3684 3681
f 178 3685 3686
f 178 3686 179
f 3685 3687 3688
f 3685 3688 3686
f 179 3686 3684
f 179 3684 163
f 3686 3688 3681
f 3686 3681 3684
f 3689 416 415
f 3689 415 3690
f 3690 415 410
f 3690 410 3680
f 3687 3689 3690
f 3687 3690 3688
f 3688 3690 3680
f 3688 3680 3681
f 156 3682 3691
f 156 3691 192
f 3682 3678 3692
f 3682 3692 3691
f 192 3691 3693
f 192 3693 194
f 3691 3692 3694
f 3691 3694 3693
f 3676 406 439
f 3676 439 3695
f 3695 439 434
f 3695 434 3696
f 3678 3676 3695
f 3678 3695 3692
f 3692 3695 3696
f 3692 3696 3694
f 1 4 3697
f 1 3697 431
f 4 8 3698
f 4 3698 3697
f 431 3697 3696
f 431 3696 434
f 3697 3698 3694
f 3697 3694 3696
f 24 23 196
f 24 196 3699
f 3699 196 194
f 3699 194 3693
f 8 24 3699
f 8 3699 3698
f 3698 3699 3693
f 3698 3693 3694
f 122 121 3700
f 122 3700 515
f 121 119 3701
f 121 3701 3700
f 515 3700 3702
f 515 3702 517
f 3700 3701 3703
f 3700 3703 3702
f 116 115 577
f 116 577 3704
f 3704 577 581
f 3704 581 3705
f 119 116 3704
f 119 3704 3701
f 3701 3704 3705
f 3701 3705 3703
f 595 3706 3707
f 595 3707 596
f 3706 3708 3709
f 3706 3709 3707
f 596 3707 3705
f 596 3705 581
f 3707 3709 3703
f 3707 3703 3705
f 3710 519 522
f 3710 522 3711
f 3711 522 517
f 3711 517 3702
f 3708 3710 3711
f 3708 3711 3709
f 3709 3711 3702
f 3709 3702 3703
f 672 675 3712
f 672 3712 3713
f 675 670 3714
f 675 3714 3712
f 3713 3712 3715
f 3713 3715 3716
f 3712 3714 3717
f 3712 3717 3715
f 668 416 3689
f 668 3689 3718
f 3718 3689 3687
f 3718 3687 3719
f 670 668 3718
f 670 3718 3714
f 3714 3718 3719
f 3714 3719 3717
f 178 616 3720
f 178 3720 3685
f 616 614 3721
f 616 3721 3720
f 3685 3720 3719
f 3685 3719 3687
f 3720 3721 3717
f 3720 3717 3719
f 611 610 3722
f 611 3722 3723
f 3723 3722 3716
f 3723 3716 3715
f 614 611 3723
f 614 3723 3721
f 3721 3723 3715
f 3721 3715 3717
f 716 719 3724
f 716 3724 3725
f 719 714 3726
f 719 3726 3724
f 3725 3724 3727
f 3725 3727 3728
f 3724 3726 3729
f 3724 3729 3727
f 712 610 613
f 712 613 3730
f 3730 613 608
f 3730 608 3731
f 714 712 3730
f 714 3730 3726
f 3726 3730 3731
f 3726 3731 3729
f 605 751 3732
f 605 3732 606
f 751 755 3733
f 751 3733 3732
f 606 3732 3731
f 606 3731 608
f 3732 3733 3729
f 3732 3729 3731
f 770 769 3734
f 770 3734 3735
f 3735 3734 3728
f 3735 3728 3727
f 755 770 3735
f 755 3735 3733
f 3733 3735 3727
f 3733 3727 3729
f 1109 1287 3736
f 1109 3736 1110
f 1287 1282 3737
f 1287 3737 3736
f 1110 3736 3738
f 1110 3738 1112
f 3736 3737 3739
f 3736 3739 3738
f 1279 1149 1152
f 1279 1152 3740
f 3740 1152 1156
f 3740 1156 3741
f 1282 1279 3740
f 1282 3740 3737
f 3737 3740 3741
f 3737 3741 3739
f 1171 3742 3743
f 1171 3743 1172
f 3742 3744 3745
f 3742 3745 3743
f 1172 3743 3741
f 1172 3741 1156
f 3743 3745 3739
f 3743 3739 3741
f 3746 1114 1117
f 3746 1117 3747
f 3747 1117 1112
f 3747 1112 3738
f 3744 3746 3747
f 3744 3747 3745
f 3745 3747 3738
f 3745 3738 3739
f 1220 1219 3748
f 1220 3748 1620
f 1219 1217 3749
f 1219 3749 3748
f 1620 3748 3750
f 1620 3750 1610
f 3748 3749 3751
f 3748 3751 3750
f 1214 1213 3752
f 1214 3752 3753
f 3753 3752 3754
f 3753 3754 3755
f 1217 1214 3753
f 1217 3753 3749
f 3749 3753 3755
f 3749 3755 3751
f 1401 1404 3756
f 1401 3756 3757
f 1404 1408 3758
f 1404 3758 3756
f 3757 3756 3755
f 3757 3755 3754
f 3756 3758 3751
f 3756 3751 3755
f 1424 1423 1606
f 1424 1606 3759
f 3759 1606 1610
f 3759 1610 3750
f 1408 1424 3759
f 1408 3759 3758
f 3758 3759 3750
f 3758 3750 3751
f 1213 1240 3760
f 1213 3760 3752
f 1240 1238 3761
f 1240 3761 3760
f 3752 3760 3762
f 3752 3762 3754
f 3760 3761 3763
f 3760 3763 3762
f 1235 1234 3764
f 1235 3764 3765
f 3765 3764 3766
f 3765 3766 3767
f 1238 1235 3765
f 1238 3765 3761
f 3761 3765 3767
f 3761 3767 3763
f 1426 1429 3768
f 1426 3768 3769
f 1429 1433 3770
f 1429 3770 3768
f 3769 3768 3767
f 3769 3767 3766
f 3768 3770 3763
f 3768 3763 3767
f 1444 1401 3757
f 1444 3757 3771
f 3771 3757 3754
f 3771 3754 3762
f 1433 1444 3771
f 1433 3771 3770
f 3770 3771 3762
f 3770 3762 3763
f 1114 3746 3772
f 1114 3772 1248
f 3746 3744 3773
f 3746 3773 3772
f 1248 3772 3774
f 1248 3774 1250
f 3772 3773 3775
f 3772 3775 3774
f 3742 1171 1447
f 3742 1447 3776
f 3776 1447 1450
f 3776 1450 3777
f 3744 3742 3776
f 3744 3776 3773
f 3773 3776 3777
f 3773 3777 3775
f 1426 3769 3778
f 1426 3778 1459
f 3769 3766 3779
f 3769 3779 3778
f 1459 3778 3777
f 1459 3777 1450
f 3778 3779 3775
f 3778 3775 3777
f 3764 1234 1252
f 3764 1252 3780
f 3780 1252 1250
f 3780 1250 3774
f 3766 3764 3780
f 3766 3780 3779
f 3779 3780 3774
f 3779 3774 3775
f 1276 1275 3781
f 1276 3781 3782
f 1275 1273 3783
f 1275 3783 3781
f 3782 3781 3784
f 3782 3784 3785
f 3781 3783 3786
f 3781 3786 3784
f 1270 1269 3787
f 1270 3787 3788
f 3788 3787 3789
f 3788 3789 3790
f 1273 1270 3788
f 1273 3788 3783
f 3783 3788 3790
f 3783 3790 3786
f 1504 1507 3791
f 1504 3791 3792
f 1507 1511 3793
f 1507 3793 3791
f 3792 3791 3790
f 3792 3790 3789
f 3791 3793 3786
f 3791 3786 3790
f 1527 1526 3794
f 1527 3794 3795
f 3795 3794 3785
f 3795 3785 3784
f 1511 1527 3795
f 1511 3795 3793
f 3793 3795 3784
f 3793 3784 3786
f 1109 1108 3796
f 1109 3796 1288
f 1108 1103 3797
f 1108 3797 3796
f 1288 3796 3798
f 1288 3798 1290
f 3796 3797 3799
f 3796 3799 3798
f 1100 1099 1531
f 1100 1531 3800
f 3800 1531 1535
f 3800 1535 3801
f 1103 1100 3800
f 1103 3800 3797
f 3797 3800 3801
f 3797 3801 3799
f 1504 3792 3802
f 1504 3802 1546
f 3792 3789 3803
f 3792 3803 3802
f 1546 3802 3801
f 1546 3801 1535
f 3802 3803 3799
f 3802 3799 3801
f 3787 1269 1293
f 3787 1293 3804
f 3804 1293 1290
f 3804 1290 3798
f 3789 3787 3804
f 3789 3804 3803
f 3803 3804 3798
f 3803 3798 3799
f 519 3710 3805
f 519 3805 1615
f 3710 3708 3806
f 3710 3806 3805
f 1615 3805 3807
f 1615 3807 1617
f 3805 3806 3808
f 3805 3808 3807
f 3706 595 1666
f 3706 1666 3809
f 3809 1666 1661
f 3809 1661 3810
f 3708 3706 3809
f 3708 3809 3806
f 3806 3809 3810
f 3806 3810 3808
f 1198 1201 3811
f 1198 3811 1658
f 1201 1205 3812
f 1201 3812 3811
f 1658 3811 3810
f 1658 3810 1661
f 3811 3812 3808
f 3811 3808 3810
f 1221 1220 1619
f 1221 1619 3813
f 3813 1619 1617
f 3813 1617 3807
f 1205 1221 3813
f 1205 3813 3812
f 3812 3813 3807
f 3812 3807 3808
f 1276 3782 3814
f 1276 3814 1688
f 3782 3785 3815
f 3782 3815 3814
f 1688 3814 3816
f 1688 3816 1690
f 3814 3815 3817
f 3814 3817 3816
f 3794 1526 1745
f 3794 1745 3818
f 3818 1745 1740
f 3818 1740 3819
f 3785 3794 3818
f 3785 3818 3815
f 3815 3818 3819
f 3815 3819 3817
f 1736 3820 3821
f 1736 3821 1737
f 3820 3822 3823
f 3820 3823 3821
f 1737 3821 3819
f 1737 3819 1740
f 3821 3823 3817
f 3821 3817 3819
f 3824 1693 1692
f 3824 1692 3825
f 3825 1692 1690
f 3825 1690 3816
f 3822 3824 3825
f 3822 3825 3823
f 3823 3825 3816
f 3823 3816 3817
f 1676 1679 3826
f 1676 3826 1827
f 1679 1683 3827
f 1679 3827 3826
f 1827 3826 3828
f 1827 3828 1830
f 3826 3827 3829
f 3826 3829 3828
f 1694 1693 1801
f 1694 1801 3830
f 3830 1801 1799
f 3830 1799 3831
f 1683 1694 3830
f 1683 3830 3827
f 3827 3830 3831
f 3827 3831 3829
f 1795 3832 3833
f 1795 3833 1796
f 3832 3834 3835
f 3832 3835 3833
f 1796 3833 3831
f 1796 3831 1799
f 3833 3835 3829
f 3833 3829 3831
f 3836 1836 1835
f 3836 1835 3837
f 3837 1835 1830
f 3837 1830 3828
f 3834 3836 3837
f 3834 3837 3835
f 3835 3837 3828
f 3835 3828 3829
f 829 3617 3838
f 829 3838 830
f 3617 3615 3839
f 3617 3839 3838
f 830 3838 3840
f 830 3840 816
f 3838 3839 3841
f 3838 3841 3840
f 3613 772 775
f 3613 775 3842
f 3842 775 779
f 3842 779 3843
f 3615 3613 3842
f 3615 3842 3839
f 3839 3842 3843
f 3839 3843 3841
f 716 3725 3844
f 716 3844 790
f 3725 3728 3845
f 3725 3845 3844
f 790 3844 3843
f 790 3843 779
f 3844 3845 3841
f 3844 3841 3843
f 3734 769 813
f 3734 813 3846
f 3846 813 816
f 3846 816 3840
f 3728 3734 3846
f 3728 3846 3845
f 3845 3846 3840
f 3845 3840 3841
f 1795 1851 3847
f 1795 3847 3832
f 1851 1854 3848
f 1851 3848 3847
f 3832 3847 3849
f 3832 3849 3834
f 3847 3848 3850
f 3847 3850 3849
f 1863 842 3620
f 1863 3620 3851
f 3851 3620 3623
f 3851 3623 3852
f 1854 1863 3851
f 1854 3851 3848
f 3848 3851 3852
f 3848 3852 3850
f 1896 1895 3853
f 1896 3853 3629
f 1895 1891 3854
f 1895 3854 3853
f 3629 3853 3852
f 3629 3852 3623
f 3853 3854 3850
f 3853 3850 3852
f 1889 1836 3836
f 1889 3836 3855
f 3855 3836 3834
f 3855 3834 3849
f 1891 1889 3855
f 1891 3855 3854
f 3854 3855 3849
f 3854 3849 3850
f 679 678 3856
f 679 3856 3857
f 678 676 3858
f 678 3858 3856
f 3857 3856 3859
f 3857 3859 3860
f 3856 3858 3861
f 3856 3861 3859
f 673 672 3862
f 673 3862 3863
f 3863 3862 3864
f 3863 3864 3865
f 676 673 3863
f 676 3863 3858
f 3858 3863 3865
f 3858 3865 3861
f 3866 3867 3868
f 3866 3868 3869
f 3867 3870 3871
f 3867 3871 3868
f 3869 3868 3865
f 3869 3865 3864
f 3868 3871 3861
f 3868 3861 3865
f 3872 3873 3874
f 3872 3874 3875
f 3875 3874 3860
f 3875 3860 3859
f 3870 3872 3875
f 3870 3875 3871
f 3871 3875 3859
f 3871 3859 3861
f 3876 3877 3878
f 3876 3878 3879
f 3877 3880 3881
f 3877 3881 3878
f 3879 3878 3882
f 3879 3882 3883
f 3878 3881 3884
f 3878 3884 3882
f 3885 1736 1739
f 3885 1739 3886
f 3886 1739 1743
f 3886 1743 3887
f 3880 3885 3886
f 3880 3886 3881
f 3881 3886 3887
f 3881 3887 3884
f 1757 3888 3889
f 1757 3889 1758
f 3888 3890 3891
f 3888 3891 3889
f 1758 3889 3887
f 1758 3887 1743
f 3889 3891 3884
f 3889 3884 3887
f 3892 3893 3894
f 3892 3894 3895
f 3895 3894 3883
f 3895 3883 3882
f 3890 3892 3895
f 3890 3895 3891
f 3891 3895 3882
f 3891 3882 3884
f 3866 3869 3896
f 3866 3896 3897
f 3869 3864 3898
f 3869 3898 3896
f 3897 3896 3899
f 3897 3899 3900
f 3896 3898 3901
f 3896 3901 3899
f 3862 672 3713
f 3862 3713 3902
f 3902 3713 3716
f 3902 3716 3903
f 3864 3862 3902
f 3864 3902 3898
f 3898 3902 3903
f 3898 3903 3901
f 610 711 3904
f 610 3904 3722
f 711 706 3905
f 711 3905 3904
f 3722 3904 3903
f 3722 3903 3716
f 3904 3905 3901
f 3904 3901 3903
f 703 702 3906
f 703 3906 3907
f 3907 3906 3900
f 3907 3900 3899
f 706 703 3907
f 706 3907 3905
f 3905 3907 3899
f 3905 3899 3901
f 1693 3824 3908
f 1693 3908 1802
f 3824 3822 3909
f 3824 3909 3908
f 1802 3908 3910
f 1802 3910 1787
f 3908 3909 3911
f 3908 3911 3910
f 3820 1736 3885
f 3820 3885 3912
f 3912 3885 3880
f 3912 3880 3913
f 3822 3820 3912
f 3822 3912 3909
f 3909 3912 3913
f 3909 3913 3911
f 3876 3914 3915
f 3876 3915 3877
f 3914 3916 3917
f 3914 3917 3915
f 3877 3915 3913
f 3877 3913 3880
f 3915 3917 3911
f 3915 3911 3913
f 3918 1780 1783
f 3918 1783 3919
f 3919 1783 1787
f 3919 1787 3910
f 3916 3918 3919
f 3916 3919 3917
f 3917 3919 3910
f 3917 3910 3911
f 932 3920 3921
f 932 3921 933
f 3920 3922 3923
f 3920 3923 3921
f 933 3921 3924
f 933 3924 935
f 3921 3923 3925
f 3921 3925 3924
f 3926 2121 2120
f 3926 2120 3927
f 3927 2120 2118
f 3927 2118 3928
f 3922 3926 3927
f 3922 3927 3923
f 3923 3927 3928
f 3923 3928 3925
f 2114 3929 3930
f 2114 3930 2115
f 3929 3931 3932
f 3929 3932 3930
f 2115 3930 3928
f 2115 3928 2118
f 3930 3932 3925
f 3930 3925 3928
f 3933 937 940
f 3933 940 3934
f 3934 940 935
f 3934 935 3924
f 3931 3933 3934
f 3931 3934 3932
f 3932 3934 3924
f 3932 3924 3925
f 679 3935 3936
f 679 3936 680
f 3935 3937 3938
f 3935 3938 3936
f 680 3936 3939
f 680 3939 665
f 3936 3938 3940
f 3936 3940 3939
f 3941 1757 1756
f 3941 1756 3942
f 3942 1756 1754
f 3942 1754 3943
f 3937 3941 3942
f 3937 3942 3938
f 3938 3942 3943
f 3938 3943 3940
f 1750 3944 3945
f 1750 3945 1751
f 3944 3946 3947
f 3944 3947 3945
f 1751 3945 3943
f 1751 3943 1754
f 3945 3947 3940
f 3945 3940 3943
f 3948 658 661
f 3948 661 3949
f 3949 661 665
f 3949 665 3939
f 3946 3948 3949
f 3946 3949 3947
f 3947 3949 3939
f 3947 3939 3940
f 692 691 3950
f 692 3950 3951
f 691 686 3952
f 691 3952 3950
f 3951 3950 3953
f 3951 3953 3954
f 3950 3952 3955
f 3950 3955 3953
f 683 682 3956
f 683 3956 3957
f 3957 3956 3958
f 3957 3958 3959
f 686 683 3957
f 686 3957 3952
f 3952 3957 3959
f 3952 3959 3955
f 1772 1775 3960
f 1772 3960 3961
f 1775 1770 3962
f 1775 3962 3960
f 3961 3960 3959
f 3961 3959 3958
f 3960 3962 3955
f 3960 3955 3959
f 1768 1767 3963
f 1768 3963 3964
f 3964 3963 3954
f 3964 3954 3953
f 1770 1768 3964
f 1770 3964 3962
f 3962 3964 3953
f 3962 3953 3955
f 1772 3961 3965
f 1772 3965 2402
f 3961 3958 3966
f 3961 3966 3965
f 2402 3965 3967
f 2402 3967 2404
f 3965 3966 3968
f 3965 3968 3967
f 3956 682 1081
f 3956 1081 3969
f 3969 1081 1084
f 3969 1084 3970
f 3958 3956 3969
f 3958 3969 3966
f 3966 3969 3970
f 3966 3970 3968
f 1096 3971 3972
f 1096 3972 1097
f 3971 3973 3974
f 3971 3974 3972
f 1097 3972 3970
f 1097 3970 1084
f 3972 3974 3968
f 3972 3968 3970
f 3975 2409 2408
f 3975 2408 3976
f 3976 2408 2404
f 3976 2404 3967
f 3973 3975 3976
f 3973 3976 3974
f 3974 3976 3967
f 3974 3967 3968
f 3893 3892 3977
f 3893 3977 3978
f 3892 3890 3979
f 3892 3979 3977
f 3978 3977 3980
f 3978 3980 3981
f 3977 3979 3982
f 3977 3982 3980
f 3888 1757 3941
f 3888 3941 3983
f 3983 3941 3937
f 3983 3937 3984
f 3890 3888 3983
f 3890 3983 3979
f 3979 3983 3984
f 3979 3984 3982
f 679 3857 3985
f 679 3985 3935
f 3857 3860 3986
f 3857 3986 3985
f 3935 3985 3984
f 3935 3984 3937
f 3985 3986 3982
f 3985 3982 3984
f 3874 3873 3987
f 3874 3987 3988
f 3988 3987 3981
f 3988 3981 3980
f 3860 3874 3988
f 3860 3988 3986
f 3986 3988 3980
f 3986 3980 3982
f 1767 1766 3989
f 1767 3989 3990
f 1766 1762 3991
f 1766 3991 3989
f 3990 3989 3992
f 3990 3992 3993
f 3989 3991 3994
f 3989 3994 3992
f 1760 1696 3995
f 1760 3995 3996
f 3996 3995 3997
f 3996 3997 3998
f 1762 1760 3996
f 1762 3996 3991
f 3991 3996 3998
f 3991 3998 3994
f 2099 2102 3999
f 2099 3999 4000
f 2102 2106 4001
f 2102 4001 3999
f 4000 3999 3998
f 4000 3998 3997
f 3999 4001 3994
f 3999 3994 3998
f 2122 2121 4002
f 2122 4002 4003
f 4003 4002 3993
f 4003 3993 3992
f 2106 2122 4003
f 2106 4003 4001
f 4001 4003 3992
f 4001 3992 3994
f 932 4004 4005
f 932 4005 3920
f 4004 4006 4007
f 4004 4007 4005
f 3920 4005 4008
f 3920 4008 3922
f 4005 4007 4009
f 4005 4009 4008
f 4010 692 3951
f 4010 3951 4011
f 4011 3951 3954
f 4011 3954 4012
f 4006 4010 4011
f 4006 4011 4007
f 4007 4011 4012
f 4007 4012 4009
f 1767 3990 4013
f 1767 4013 3963
f 3990 3993 4014
f 3990 4014 4013
f 3963 4013 4012
f 3963 4012 3954
f 4013 4014 4009
f 4013 4009 4012
f 4002 2121 3926
f 4002 3926 4015
f 4015 3926 3922
f 4015 3922 4008
f 3993 4002 4015
f 3993 4015 4014
f 4014 4015 4008
f 4014 4008 4009
f 922 4016 4017
f 922 4017 923
f 4016 4018 4019
f 4016 4019 4017
f 923 4017 4020
f 923 4020 926
f 4017 4019 4021
f 4017 4021 4020
f 4022 628 698
f 4022 698 4023
f 4023 698 695
f 4023 695 4024
f 4018 4022 4023
f 4018 4023 4019
f 4019 4023 4024
f 4019 4024 4021
f 692 4010 4025
f 692 4025 693
f 4010 4006 4026
f 4010 4026 4025
f 693 4025 4024
f 693 4024 695
f 4025 4026 4021
f 4025 4021 4024
f 4004 932 931
f 4004 931 4027
f 4027 931 926
f 4027 926 4020
f 4006 4004 4027
f 4006 4027 4026
f 4026 4027 4020
f 4026 4020 4021
f 635 634 4028
f 635 4028 2863
f 634 632 4029
f 634 4029 4028
f 2863 4028 4030
f 2863 4030 2865
f 4028 4029 4031
f 4028 4031 4030
f 629 628 4022
f 629 4022 4032
f 4032 4022 4018
f 4032 4018 4033
f 632 629 4032
f 632 4032 4029
f 4029 4032 4033
f 4029 4033 4031
f 922 978 4034
f 922 4034 4016
f 978 974 4035
f 978 4035 4034
f 4016 4034 4033
f 4016 4033 4018
f 4034 4035 4031
f 4034 4031 4033
f 972 957 2868
f 972 2868 4036
f 4036 2868 2865
f 4036 2865 4030
f 974 972 4036
f 974 4036 4035
f 4035 4036 4030
f 4035 4030 4031
f 2099 4000 4037
f 2099 4037 2161
f 4000 3997 4038
f 4000 4038 4037
f 2161 4037 4039
f 2161 4039 2152
f 4037 4038 4040
f 4037 4040 4039
f 3995 1696 1699
f 3995 1699 4041
f 4041 1699 1703
f 4041 1703 4042
f 3997 3995 4041
f 3997 4041 4038
f 4038 4041 4042
f 4038 4042 4040
f 1713 2976 4043
f 1713 4043 1714
f 2976 2974 4044
f 2976 4044 4043
f 1714 4043 4042
f 1714 4042 1703
f 4043 4044 4040
f 4043 4040 4042
f 2972 2145 2149
f 2972 2149 4045
f 4045 2149 2152
f 4045 2152 4039
f 2974 2972 4045
f 2974 4045 4044
f 4044 4045 4039
f 4044 4039 4040
f 66 4046 4047
f 66 4047 67
f 4046 4048 4049
f 4046 4049 4047
f 67 4047 4050
f 67 4050 70
f 4047 4049 4051
f 4047 4051 4050
f 4052 36 35
f 4052 35 4053
f 4053 35 30
f 4053 30 4054
f 4048 4052 4053
f 4048 4053 4049
f 4049 4053 4054
f 4049 4054 4051
f 26 390 4055
f 26 4055 27
f 390 394 4056
f 390 4056 4055
f 27 4055 4054
f 27 4054 30
f 4055 4056 4051
f 4055 4051 4054
f 404 73 72
f 404 72 4057
f 4057 72 70
f 4057 70 4050
f 394 404 4057
f 394 4057 4056
f 4056 4057 4050
f 4056 4050 4051
f 90 4058 4059
f 90 4059 91
f 4058 4060 4061
f 4058 4061 4059
f 91 4059 4062
f 91 4062 94
f 4059 4061 4063
f 4059 4063 4062
f 4064 2767 2810
f 4064 2810 4065
f 4065 2810 2808
f 4065 2808 4066
f 4060 4064 4065
f 4060 4065 4061
f 4061 4065 4066
f 4061 4066 4063
f 487 490 4067
f 487 4067 2806
f 490 494 4068
f 490 4068 4067
f 2806 4067 4066
f 2806 4066 2808
f 4067 4068 4063
f 4067 4063 4066
f 504 97 96
f 504 96 4069
f 4069 96 94
f 4069 94 4062
f 494 504 4069
f 494 4069 4068
f 4068 4069 4062
f 4068 4062 4063
f 318 560 4070
f 318 4070 319
f 560 555 4071
f 560 4071 4070
f 319 4070 4072
f 319 4072 322
f 4070 4071 4073
f 4070 4073 4072
f 552 221 220
f 552 220 4074
f 4074 220 218
f 4074 218 4075
f 555 552 4074
f 555 4074 4071
f 4071 4074 4075
f 4071 4075 4073
f 214 4076 4077
f 214 4077 215
f 4076 4078 4079
f 4076 4079 4077
f 215 4077 4075
f 215 4075 218
f 4077 4079 4073
f 4077 4073 4075
f 4080 325 324
f 4080 324 4081
f 4081 324 322
f 4081 322 4072
f 4078 4080 4081
f 4078 4081 4079
f 4079 4081 4072
f 4079 4072 4073
f 325 4080 4082
f 325 4082 340
f 4080 4078 4083
f 4080 4083 4082
f 340 4082 4084
f 340 4084 342
f 4082 4083 4085
f 4082 4085 4084
f 4076 214 242
f 4076 242 4086
f 4086 242 240
f 4086 240 4087
f 4078 4076 4086
f 4078 4086 4083
f 4083 4086 4087
f 4083 4087 4085
f 236 4088 4089
f 236 4089 237
f 4088 4090 4091
f 4088 4091 4089
f 237 4089 4087
f 237 4087 240
f 4089 4091 4085
f 4089 4085 4087
f 4092 345 344
f 4092 344 4093
f 4093 344 342
f 4093 342 4084
f 4090 4092 4093
f 4090 4093 4091
f 4091 4093 4084
f 4091 4084 4085
f 345 4092 4094
f 345 4094 357
f 4092 4090 4095
f 4092 4095 4094
f 357 4094 4096
f 357 4096 359
f 4094 4095 4097
f 4094 4097 4096
f 4088 236 250
f 4088 250 4098
f 4098 250 246
f 4098 246 4099
f 4090 4088 4098
f 4090 4098 4095
f 4095 4098 4099
f 4095 4099 4097
f 36 4052 4100
f 36 4100 244
f 4052 4048 4101
f 4052 4101 4100
f 244 4100 4099
f 244 4099 246
f 4100 4101 4097
f 4100 4097 4099
f 4046 66 361
f 4046 361 4102
f 4102 361 359
f 4102 359 4096
f 4048 4046 4102
f 4048 4102 4101
f 4101 4102 4096
f 4101 4096 4097
f 378 4103 4104
f 378 4104 379
f 4103 4105 4106
f 4103 4106 4104
f 379 4104 4107
f 379 4107 382
f 4104 4106 4108
f 4104 4108 4107
f 4109 171 174
f 4109 174 4110
f 4110 174 169
f 4110 169 4111
f 4105 4109 4110
f 4105 4110 4106
f 4106 4110 4111
f 4106 4111 4108
f 166 4112 4113
f 166 4113 167
f 4112 4114 4115
f 4112 4115 4113
f 167 4113 4111
f 167 4111 169
f 4113 4115 4108
f 4113 4108 4111
f 4116 385 384
f 4116 384 4117
f 4117 384 382
f 4117 382 4107
f 4114 4116 4117
f 4114 4117 4115
f 4115 4117 4107
f 4115 4107 4108
f 385 4116 4118
f 385 4118 399
f 4116 4114 4119
f 4116 4119 4118
f 399 4118 4120
f 399 4120 401
f 4118 4119 4121
f 4118 4121 4120
f 4112 166 189
f 4112 189 4122
f 4122 189 184
f 4122 184 4123
f 4114 4112 4122
f 4114 4122 4119
f 4119 4122 4123
f 4119 4123 4121
f 51 54 4124
f 51 4124 181
f 54 58 4125
f 54 4125 4124
f 181 4124 4123
f 181 4123 184
f 4124 4125 4121
f 4124 4121 4123
f 74 73 403
f 74 403 4126
f 4126 403 401
f 4126 401 4120
f 58 74 4126
f 58 4126 4125
f 4125 4126 4120
f 4125 4120 4121
f 421 1092 4127
f 421 4127 422
f 1092 1088 4128
f 1092 4128 4127
f 422 4127 4129
f 422 4129 425
f 4127 4128 4130
f 4127 4130 4129
f 1086 281 280
f 1086 280 4131
f 4131 280 278
f 4131 278 4132
f 1088 1086 4131
f 1088 4131 4128
f 4128 4131 4132
f 4128 4132 4130
f 274 4133 4134
f 274 4134 275
f 4133 4135 4136
f 4133 4136 4134
f 275 4134 4132
f 275 4132 278
f 4134 4136 4130
f 4134 4130 4132
f 4137 428 427
f 4137 427 4138
f 4138 427 425
f 4138 425 4129
f 4135 4137 4138
f 4135 4138 4136
f 4136 4138 4129
f 4136 4129 4130
f 428 4137 4139
f 428 4139 442
f 4137 4135 4140
f 4137 4140 4139
f 442 4139 4141
f 442 4141 444
f 4139 4140 4142
f 4139 4142 4141
f 4133 274 293
f 4133 293 4143
f 4143 293 288
f 4143 288 4144
f 4135 4133 4143
f 4135 4143 4140
f 4140 4143 4144
f 4140 4144 4142
f 284 4145 4146
f 284 4146 285
f 4145 4147 4148
f 4145 4148 4146
f 285 4146 4144
f 285 4144 288
f 4146 4148 4142
f 4146 4142 4144
f 4149 447 446
f 4149 446 4150
f 4150 446 444
f 4150 444 4141
f 4147 4149 4150
f 4147 4150 4148
f 4148 4150 4141
f 4148 4141 4142
f 447 4149 4151
f 447 4151 456
f 4149 4147 4152
f 4149 4152 4151
f 456 4151 4153
f 456 4153 458
f 4151 4152 4154
f 4151 4154 4153
f 4145 284 2773
f 4145 2773 4155
f 4155 2773 2770
f 4155 2770 4156
f 4147 4145 4155
f 4147 4155 4152
f 4152 4155 4156
f 4152 4156 4154
f 2767 4064 4157
f 2767 4157 2768
f 4064 4060 4158
f 4064 4158 4157
f 2768 4157 4156
f 2768 4156 2770
f 4157 4158 4154
f 4157 4154 4156
f 4058 90 460
f 4058 460 4159
f 4159 460 458
f 4159 458 4153
f 4060 4058 4159
f 4060 4159 4158
f 4158 4159 4153
f 4158 4153 4154
f 477 583 4160
f 477 4160 478
f 583 578 4161
f 583 4161 4160
f 478 4160 4162
f 478 4162 481
f 4160 4161 4163
f 4160 4163 4162
f 575 115 118
f 575 118 4164
f 4164 118 113
f 4164 113 4165
f 578 575 4164
f 578 4164 4161
f 4161 4164 4165
f 4161 4165 4163
f 110 4166 4167
f 110 4167 111
f 4166 4168 4169
f 4166 4169 4167
f 111 4167 4165
f 111 4165 113
f 4167 4169 4163
f 4167 4163 4165
f 4170 484 483
f 4170 483 4171
f 4171 483 481
f 4171 481 4162
f 4168 4170 4171
f 4168 4171 4169
f 4169 4171 4162
f 4169 4162 4163
f 484 4170 4172
f 484 4172 499
f 4170 4168 4173
f 4170 4173 4172
f 499 4172 4174
f 499 4174 501
f 4172 4173 4175
f 4172 4175 4174
f 4166 110 140
f 4166 140 4176
f 4176 140 137
f 4176 137 4177
f 4168 4166 4176
f 4168 4176 4173
f 4173 4176 4177
f 4173 4177 4175
f 76 79 4178
f 76 4178 135
f 79 83 4179
f 79 4179 4178
f 135 4178 4177
f 135 4177 137
f 4178 4179 4175
f 4178 4175 4177
f 98 97 503
f 98 503 4180
f 4180 503 501
f 4180 501 4174
f 83 98 4180
f 83 4180 4179
f 4179 4180 4174
f 4179 4174 4175
f 318 321 4181
f 318 4181 561
f 321 316 4182
f 321 4182 4181
f 561 4181 4183
f 561 4183 563
f 4181 4182 4184
f 4181 4184 4183
f 314 313 508
f 314 508 4185
f 4185 508 512
f 4185 512 4186
f 316 314 4185
f 316 4185 4182
f 4182 4185 4186
f 4182 4186 4184
f 526 4187 4188
f 526 4188 527
f 4187 4189 4190
f 4187 4190 4188
f 527 4188 4186
f 527 4186 512
f 4188 4190 4184
f 4188 4184 4186
f 4191 565 568
f 4191 568 4192
f 4192 568 563
f 4192 563 4183
f 4189 4191 4192
f 4189 4192 4190
f 4190 4192 4183
f 4190 4183 4184
f 477 480 4193
f 477 4193 584
f 480 475 4194
f 480 4194 4193
f 584 4193 4195
f 584 4195 586
f 4193 4194 4196
f 4193 4196 4195
f 473 472 531
f 473 531 4197
f 4197 531 535
f 4197 535 4198
f 475 473 4197
f 475 4197 4194
f 4194 4197 4198
f 4194 4198 4196
f 549 4199 4200
f 549 4200 550
f 4199 4201 4202
f 4199 4202 4200
f 550 4200 4198
f 550 4198 535
f 4200 4202 4196
f 4200 4196 4198
f 4203 588 591
f 4203 591 4204
f 4204 591 586
f 4204 586 4195
f 4201 4203 4204
f 4201 4204 4202
f 4202 4204 4195
f 4202 4195 4196
f 650 757 4205
f 650 4205 651
f 757 752 4206
f 757 4206 4205
f 651 4205 4207
f 651 4207 654
f 4205 4206 4208
f 4205 4208 4207
f 749 605 604
f 749 604 4209
f 4209 604 600
f 4209 600 4210
f 752 749 4209
f 752 4209 4206
f 4206 4209 4210
f 4206 4210 4208
f 171 4109 4211
f 171 4211 598
f 4109 4105 4212
f 4109 4212 4211
f 598 4211 4210
f 598 4210 600
f 4211 4212 4208
f 4211 4208 4210
f 4103 378 656
f 4103 656 4213
f 4213 656 654
f 4213 654 4207
f 4105 4103 4213
f 4105 4213 4212
f 4212 4213 4207
f 4212 4207 4208
f 650 653 4214
f 650 4214 758
f 653 648 4215
f 653 4215 4214
f 758 4214 4216
f 758 4216 760
f 4214 4215 4217
f 4214 4217 4216
f 646 645 743
f 646 743 4218
f 4218 743 739
f 4218 739 4219
f 648 646 4218
f 648 4218 4215
f 4215 4218 4219
f 4215 4219 4217
f 736 4220 4221
f 736 4221 737
f 4220 4222 4223
f 4220 4223 4221
f 737 4221 4219
f 737 4219 739
f 4221 4223 4217
f 4221 4217 4219
f 4224 762 765
f 4224 765 4225
f 4225 765 760
f 4225 760 4216
f 4222 4224 4225
f 4222 4225 4223
f 4223 4225 4216
f 4223 4216 4217
f 762 4224 4226
f 762 4226 818
f 4224 4222 4227
f 4224 4227 4226
f 818 4226 4228
f 818 4228 820
f 4226 4227 4229
f 4226 4229 4228
f 4220 736 801
f 4220 801 4230
f 4230 801 796
f 4230 796 4231
f 4222 4220 4230
f 4222 4230 4227
f 4227 4230 4231
f 4227 4231 4229
f 792 4232 4233
f 792 4233 793
f 4232 4234 4235
f 4232 4235 4233
f 793 4233 4231
f 793 4231 796
f 4233 4235 4229
f 4233 4229 4231
f 4236 822 825
f 4236 825 4237
f 4237 825 820
f 4237 820 4228
f 4234 4236 4237
f 4234 4237 4235
f 4235 4237 4228
f 4235 4228 4229
f 822 4236 4238
f 822 4238 858
f 4236 4234 4239
f 4236 4239 4238
f 858 4238 4240
f 858 4240 860
f 4238 4239 4241
f 4238 4241 4240
f 4232 792 1947
f 4232 1947 4242
f 4242 1947 1945
f 4242 1945 4243
f 4234 4232 4242
f 4234 4242 4239
f 4239 4242 4243
f 4239 4243 4241
f 1941 4244 4245
f 1941 4245 1942
f 4244 4246 4247
f 4244 4247 4245
f 1942 4245 4243
f 1942 4243 1945
f 4245 4247 4241
f 4245 4241 4243
f 4248 862 865
f 4248 865 4249
f 4249 865 860
f 4249 860 4240
f 4246 4248 4249
f 4246 4249 4247
f 4247 4249 4240
f 4247 4240 4241
f 882 4250 4251
f 882 4251 883
f 4250 4252 4253
f 4250 4253 4251
f 883 4251 4254
f 883 4254 885
f 4251 4253 4255
f 4251 4255 4254
f 4256 3020 3023
f 4256 3023 4257
f 4257 3023 3018
f 4257 3018 4258
f 4252 4256 4257
f 4252 4257 4253
f 4253 4257 4258
f 4253 4258 4255
f 3015 4259 4260
f 3015 4260 3016
f 4259 4261 4262
f 4259 4262 4260
f 3016 4260 4258
f 3016 4258 3018
f 4260 4262 4255
f 4260 4255 4258
f 4263 887 890
f 4263 890 4264
f 4264 890 885
f 4264 885 4254
f 4261 4263 4264
f 4261 4264 4262
f 4262 4264 4254
f 4262 4254 4255
f 897 900 4265
f 897 4265 1032
f 900 904 4266
f 900 4266 4265
f 1032 4265 4267
f 1032 4267 1035
f 4265 4266 4268
f 4265 4268 4267
f 920 919 2629
f 920 2629 4269
f 4269 2629 2627
f 4269 2627 4270
f 904 920 4269
f 904 4269 4266
f 4266 4269 4270
f 4266 4270 4268
f 2623 3090 4271
f 2623 4271 2624
f 3090 3086 4272
f 3090 4272 4271
f 2624 4271 4270
f 2624 4270 2627
f 4271 4272 4268
f 4271 4268 4270
f 3084 1041 1040
f 3084 1040 4273
f 4273 1040 1035
f 4273 1035 4267
f 3086 3084 4273
f 3086 4273 4272
f 4272 4273 4267
f 4272 4267 4268
f 2701 2700 4274
f 2701 4274 3154
f 2700 2695 4275
f 2700 4275 4274
f 3154 4274 4276
f 3154 4276 3157
f 4274 4275 4277
f 4274 4277 4276
f 2692 1029 1028
f 2692 1028 4278
f 4278 1028 1026
f 4278 1026 4279
f 2695 2692 4278
f 2695 4278 4275
f 4275 4278 4279
f 4275 4279 4277
f 1022 1052 4280
f 1022 4280 1023
f 1052 1050 4281
f 1052 4281 4280
f 1023 4280 4279
f 1023 4279 1026
f 4280 4281 4277
f 4280 4277 4279
f 1047 1046 3159
f 1047 3159 4282
f 4282 3159 3157
f 4282 3157 4276
f 1050 1047 4282
f 1050 4282 4281
f 4281 4282 4276
f 4281 4276 4277
f 897 1034 4283
f 897 4283 898
f 1034 1038 4284
f 1034 4284 4283
f 898 4283 4285
f 898 4285 901
f 4283 4284 4286
f 4283 4286 4285
f 1053 1022 1025
f 1053 1025 4287
f 4287 1025 1020
f 4287 1020 4288
f 1038 1053 4287
f 1038 4287 4284
f 4284 4287 4288
f 4284 4288 4286
f 1017 3191 4289
f 1017 4289 1018
f 3191 3189 4290
f 3191 4290 4289
f 1018 4289 4288
f 1018 4288 1020
f 4289 4290 4286
f 4289 4286 4288
f 3187 907 906
f 3187 906 4291
f 4291 906 901
f 4291 901 4285
f 3189 3187 4291
f 3189 4291 4290
f 4290 4291 4285
f 4290 4285 4286
f 3263 4292 4293
f 3263 4293 3264
f 4292 4294 4295
f 4292 4295 4293
f 3264 4293 4296
f 3264 4296 3267
f 4293 4295 4297
f 4293 4297 4296
f 4298 1077 1076
f 4298 1076 4299
f 4299 1076 1074
f 4299 1074 4300
f 4294 4298 4299
f 4294 4299 4295
f 4295 4299 4300
f 4295 4300 4297
f 1070 2712 4301
f 1070 4301 1071
f 2712 2710 4302
f 2712 4302 4301
f 1071 4301 4300
f 1071 4300 1074
f 4301 4302 4297
f 4301 4297 4300
f 2707 2706 3269
f 2707 3269 4303
f 4303 3269 3267
f 4303 3267 4296
f 2710 2707 4303
f 2710 4303 4302
f 4302 4303 4296
f 4302 4296 4297
f 421 424 4304
f 421 4304 1090
f 424 419 4305
f 424 4305 4304
f 1090 4304 4306
f 1090 4306 1093
f 4304 4305 4307
f 4304 4307 4306
f 417 416 667
f 417 667 4308
f 4308 667 662
f 4308 662 4309
f 419 417 4308
f 419 4308 4305
f 4305 4308 4309
f 4305 4309 4307
f 658 4310 4311
f 658 4311 659
f 4310 4312 4313
f 4310 4313 4311
f 659 4311 4309
f 659 4309 662
f 4311 4313 4307
f 4311 4307 4309
f 4314 1096 1095
f 4314 1095 4315
f 4315 1095 1093
f 4315 1093 4306
f 4312 4314 4315
f 4312 4315 4313
f 4313 4315 4306
f 4313 4306 4307
f 1159 1494 4316
f 1159 4316 1160
f 1494 1489 4317
f 1494 4317 4316
f 1160 4316 4318
f 1160 4318 1162
f 4316 4317 4319
f 4316 4319 4318
f 1486 1124 1127
f 1486 1127 4320
f 4320 1127 1131
f 4320 1131 4321
f 1489 1486 4320
f 1489 4320 4317
f 4317 4320 4321
f 4317 4321 4319
f 1146 4322 4323
f 1146 4323 1147
f 4322 4324 4325
f 4322 4325 4323
f 1147 4323 4321
f 1147 4321 1131
f 4323 4325 4319
f 4323 4319 4321
f 4326 1164 1167
f 4326 1167 4327
f 4327 1167 1162
f 4327 1162 4318
f 4324 4326 4327
f 4324 4327 4325
f 4325 4327 4318
f 4325 4318 4319
f 1184 1594 4328
f 1184 4328 1185
f 1594 1589 4329
f 1594 4329 4328
f 1185 4328 4330
f 1185 4330 1187
f 4328 4329 4331
f 4328 4331 4330
f 1586 1585 2913
f 1586 2913 4332
f 4332 2913 2916
f 4332 2916 4333
f 1589 1586 4332
f 1589 4332 4329
f 4329 4332 4333
f 4329 4333 4331
f 2880 4334 4335
f 2880 4335 2922
f 4334 4336 4337
f 4334 4337 4335
f 2922 4335 4333
f 2922 4333 2916
f 4335 4337 4331
f 4335 4331 4333
f 4338 1189 1192
f 4338 1192 4339
f 4339 1192 1187
f 4339 1187 4330
f 4336 4338 4339
f 4336 4339 4337
f 4337 4339 4330
f 4337 4330 4331
f 1411 4340 4341
f 1411 4341 1412
f 4340 4342 4343
f 4340 4343 4341
f 1412 4341 4344
f 1412 4344 1414
f 4341 4343 4345
f 4341 4345 4344
f 4346 1312 1315
f 4346 1315 4347
f 4347 1315 1310
f 4347 1310 4348
f 4342 4346 4347
f 4342 4347 4343
f 4343 4347 4348
f 4343 4348 4345
f 1307 1642 4349
f 1307 4349 1308
f 1642 1646 4350
f 1642 4350 4349
f 1308 4349 4348
f 1308 4348 1310
f 4349 4350 4345
f 4349 4345 4348
f 1656 1416 1419
f 1656 1419 4351
f 4351 1419 1414
f 4351 1414 4344
f 1646 1656 4351
f 1646 4351 4350
f 4350 4351 4344
f 4350 4344 4345
f 1436 4352 4353
f 1436 4353 1437
f 4352 4354 4355
f 4352 4355 4353
f 1437 4353 4356
f 1437 4356 1439
f 4353 4355 4357
f 4353 4357 4356
f 4358 1332 1335
f 4358 1335 4359
f 4359 1335 1330
f 4359 1330 4360
f 4354 4358 4359
f 4354 4359 4355
f 4355 4359 4360
f 4355 4360 4357
f 1312 4346 4361
f 1312 4361 1328
f 4346 4342 4362
f 4346 4362 4361
f 1328 4361 4360
f 1328 4360 1330
f 4361 4362 4357
f 4361 4357 4360
f 4340 1411 1442
f 4340 1442 4363
f 4363 1442 1439
f 4363 1439 4356
f 4342 4340 4363
f 4342 4363 4362
f 4362 4363 4356
f 4362 4356 4357
f 1164 4326 4364
f 1164 4364 1452
f 4326 4324 4365
f 4326 4365 4364
f 1452 4364 4366
f 1452 4366 1454
f 4364 4365 4367
f 4364 4367 4366
f 4322 1146 1343
f 4322 1343 4368
f 4368 1343 1346
f 4368 1346 4369
f 4324 4322 4368
f 4324 4368 4365
f 4365 4368 4369
f 4365 4369 4367
f 1332 4358 4370
f 1332 4370 1355
f 4358 4354 4371
f 4358 4371 4370
f 1355 4370 4369
f 1355 4369 1346
f 4370 4371 4367
f 4370 4367 4369
f 4352 1436 1457
f 4352 1457 4372
f 4372 1457 1454
f 4372 1454 4366
f 4354 4352 4372
f 4354 4372 4371
f 4371 4372 4366
f 4371 4366 4367
f 1471 4373 4374
f 1471 4374 1472
f 4373 4375 4376
f 4373 4376 4374
f 1472 4374 4377
f 1472 4377 1474
f 4374 4376 4378
f 4374 4378 4377
f 4379 1264 1263
f 4379 1263 4380
f 4380 1263 1258
f 4380 1258 4381
f 4375 4379 4380
f 4375 4380 4376
f 4376 4380 4381
f 4376 4381 4378
f 1254 4382 4383
f 1254 4383 1255
f 4382 4384 4385
f 4382 4385 4383
f 1255 4383 4381
f 1255 4381 1258
f 4383 4385 4378
f 4383 4378 4381
f 4386 1476 1479
f 4386 1479 4387
f 4387 1479 1474
f 4387 1474 4377
f 4384 4386 4387
f 4384 4387 4385
f 4385 4387 4377
f 4385 4377 4378
f 1159 1158 4388
f 1159 4388 1495
f 1158 1153 4389
f 1158 4389 4388
f 1495 4388 4390
f 1495 4390 1497
f 4388 4389 4391
f 4388 4391 4390
f 1150 1149 1281
f 1150 1281 4392
f 4392 1281 1285
f 4392 1285 4393
f 1153 1150 4392
f 1153 4392 4389
f 4389 4392 4393
f 4389 4393 4391
f 1264 4379 4394
f 1264 4394 1295
f 4379 4375 4395
f 4379 4395 4394
f 1295 4394 4393
f 1295 4393 1285
f 4394 4395 4391
f 4394 4391 4393
f 4373 1471 1500
f 4373 1500 4396
f 4396 1500 1497
f 4396 1497 4390
f 4375 4373 4396
f 4375 4396 4395
f 4395 4396 4390
f 4395 4390 4391
f 1514 4397 4398
f 1514 4398 1515
f 4397 4399 4400
f 4397 4400 4398
f 1515 4398 4401
f 1515 4401 1517
f 4398 4400 4402
f 4398 4402 4401
f 4403 1372 1375
f 4403 1375 4404
f 4404 1375 1370
f 4404 1370 4405
f 4399 4403 4404
f 4399 4404 4400
f 4400 4404 4405
f 4400 4405 4402
f 1367 2419 4406
f 1367 4406 1368
f 2419 2417 4407
f 2419 4407 4406
f 1368 4406 4405
f 1368 4405 1370
f 4406 4407 4402
f 4406 4402 4405
f 2414 1519 1522
f 2414 1522 4408
f 4408 1522 1517
f 4408 1517 4401
f 2417 2414 4408
f 2417 4408 4407
f 4407 4408 4401
f 4407 4401 4402
f 1538 4409 4410
f 1538 4410 1539
f 4409 4411 4412
f 4409 4412 4410
f 1539 4410 4413
f 1539 4413 1541
f 4410 4412 4414
f 4410 4414 4413
f 4415 1382 1385
f 4415 1385 4416
f 4416 1385 1389
f 4416 1389 4417
f 4411 4415 4416
f 4411 4416 4412
f 4412 4416 4417
f 4412 4417 4414
f 1372 4403 4418
f 1372 4418 1399
f 4403 4399 4419
f 4403 4419 4418
f 1399 4418 4417
f 1399 4417 1389
f 4418 4419 4414
f 4418 4414 4417
f 4397 1514 1544
f 4397 1544 4420
f 4420 1544 1541
f 4420 1541 4413
f 4399 4397 4420
f 4399 4420 4419
f 4419 4420 4413
f 4419 4413 4414
f 1189 4338 4421
f 1189 4421 1552
f 4338 4336 4422
f 4338 4422 4421
f 1552 4421 4423
f 1552 4423 1554
f 4421 4422 4424
f 4421 4424 4423
f 4334 2880 2883
f 4334 2883 4425
f 4425 2883 2878
f 4425 2878 4426
f 4336 4334 4425
f 4336 4425 4422
f 4422 4425 4426
f 4422 4426 4424
f 1382 4415 4427
f 1382 4427 2876
f 4415 4411 4428
f 4415 4428 4427
f 2876 4427 4426
f 2876 4426 2878
f 4427 4428 4424
f 4427 4424 4426
f 4409 1538 1557
f 4409 1557 4429
f 4429 1557 1554
f 4429 1554 4423
f 4411 4409 4429
f 4411 4429 4428
f 4428 4429 4423
f 4428 4423 4424
f 1570 4430 4431
f 1570 4431 1571
f 4430 4432 4433
f 4430 4433 4431
f 1571 4431 4434
f 1571 4434 1573
f 4431 4433 4435
f 4431 4435 4434
f 4436 1208 1207
f 4436 1207 4437
f 4437 1207 1202
f 4437 1202 4438
f 4432 4436 4437
f 4432 4437 4433
f 4433 4437 4438
f 4433 4438 4435
f 1198 1660 4439
f 1198 4439 1199
f 1660 1664 4440
f 1660 4440 4439
f 1199 4439 4438
f 1199 4438 1202
f 4439 4440 4435
f 4439 4435 4438
f 1674 1575 1578
f 1674 1578 4441
f 4441 1578 1573
f 4441 1573 4434
f 1664 1674 4441
f 1664 4441 4440
f 4440 4441 4434
f 4440 4434 4435
f 1184 1183 4442
f 1184 4442 1595
f 1183 1178 4443
f 1183 4443 4442
f 1595 4442 4444
f 1595 4444 1597
f 4442 4443 4445
f 4442 4445 4444
f 1175 1174 1229
f 1175 1229 4446
f 4446 1229 1225
f 4446 1225 4447
f 1178 1175 4446
f 1178 4446 4443
f 4443 4446 4447
f 4443 4447 4445
f 1208 4436 4448
f 1208 4448 1223
f 4436 4432 4449
f 4436 4449 4448
f 1223 4448 4447
f 1223 4447 1225
f 4448 4449 4445
f 4448 4445 4447
f 4430 1570 1600
f 4430 1600 4450
f 4450 1600 1597
f 4450 1597 4444
f 4432 4430 4450
f 4432 4450 4449
f 4449 4450 4444
f 4449 4444 4445
f 565 4191 4451
f 565 4451 1651
f 4191 4189 4452
f 4191 4452 4451
f 1651 4451 4453
f 1651 4453 1653
f 4451 4452 4454
f 4451 4454 4453
f 4187 526 1612
f 4187 1612 4455
f 4455 1612 1607
f 4455 1607 4456
f 4189 4187 4455
f 4189 4455 4452
f 4452 4455 4456
f 4452 4456 4454
f 1423 1422 4457
f 1423 4457 1604
f 1422 1420 4458
f 1422 4458 4457
f 1604 4457 4456
f 1604 4456 1607
f 4457 4458 4454
f 4457 4454 4456
f 1417 1416 1655
f 1417 1655 4459
f 4459 1655 1653
f 4459 1653 4453
f 1420 1417 4459
f 1420 4459 4458
f 4458 4459 4453
f 4458 4453 4454
f 588 4203 4460
f 588 4460 1669
f 4203 4201 4461
f 4203 4461 4460
f 1669 4460 4462
f 1669 4462 1671
f 4460 4461 4463
f 4460 4463 4462
f 4199 549 1630
f 4199 1630 4464
f 4464 1630 1625
f 4464 1625 4465
f 4201 4199 4464
f 4201 4464 4461
f 4461 4464 4465
f 4461 4465 4463
f 1582 1581 4466
f 1582 4466 1622
f 1581 1579 4467
f 1581 4467 4466
f 1622 4466 4465
f 1622 4465 1625
f 4466 4467 4463
f 4466 4463 4465
f 1576 1575 1673
f 1576 1673 4468
f 4468 1673 1671
f 4468 1671 4462
f 1579 1576 4468
f 1579 4468 4467
f 4467 4468 4462
f 4467 4462 4463
f 1476 4386 4469
f 1476 4469 1722
f 4386 4384 4470
f 4386 4470 4469
f 1722 4469 4471
f 1722 4471 1724
f 4469 4470 4472
f 4469 4472 4471
f 4382 1254 1685
f 4382 1685 4473
f 4473 1685 1680
f 4473 1680 4474
f 4384 4382 4473
f 4384 4473 4470
f 4470 4473 4474
f 4470 4474 4472
f 1676 1829 4475
f 1676 4475 1677
f 1829 1833 4476
f 1829 4476 4475
f 1677 4475 4474
f 1677 4474 1680
f 4475 4476 4472
f 4475 4472 4474
f 1848 1726 1729
f 1848 1729 4477
f 4477 1729 1724
f 4477 1724 4471
f 1833 1848 4477
f 1833 4477 4476
f 4476 4477 4471
f 4476 4471 4472
f 1841 4478 4479
f 1841 4479 1842
f 4478 4480 4481
f 4478 4481 4479
f 1842 4479 4482
f 1842 4482 1845
f 4479 4481 4483
f 4479 4483 4482
f 4484 1824 1823
f 4484 1823 4485
f 4485 1823 1821
f 4485 1821 4486
f 4480 4484 4485
f 4480 4485 4481
f 4481 4485 4486
f 4481 4486 4483
f 1733 1732 4487
f 1733 4487 1818
f 1732 1730 4488
f 1732 4488 4487
f 1818 4487 4486
f 1818 4486 1821
f 4487 4488 4483
f 4487 4483 4486
f 1727 1726 1847
f 1727 1847 4489
f 4489 1847 1845
f 4489 1845 4482
f 1730 1727 4489
f 1730 4489 4488
f 4488 4489 4482
f 4488 4482 4483
f 1901 4490 4491
f 1901 4491 1902
f 4490 4492 4493
f 4490 4493 4491
f 1902 4491 4494
f 1902 4494 1905
f 4491 4493 4495
f 4491 4495 4494
f 4496 3567 3570
f 4496 3570 4497
f 4497 3570 3574
f 4497 3574 4498
f 4492 4496 4497
f 4492 4497 4493
f 4493 4497 4498
f 4493 4498 4495
f 1824 4484 4499
f 1824 4499 3581
f 4484 4480 4500
f 4484 4500 4499
f 3581 4499 4498
f 3581 4498 3574
f 4499 4500 4495
f 4499 4495 4498
f 4478 1841 1907
f 4478 1907 4501
f 4501 1907 1905
f 4501 1905 4494
f 4480 4478 4501
f 4480 4501 4500
f 4500 4501 4494
f 4500 4494 4495
f 1921 2512 4502
f 1921 4502 1922
f 2512 2510 4503
f 2512 4503 4502
f 1922 4502 4504
f 1922 4504 1925
f 4502 4503 4505
f 4502 4505 4504
f 2507 2506 3585
f 2507 3585 4506
f 4506 3585 3589
f 4506 3589 4507
f 2510 2507 4506
f 2510 4506 4503
f 4503 4506 4507
f 4503 4507 4505
f 3567 4496 4508
f 3567 4508 3596
f 4496 4492 4509
f 4496 4509 4508
f 3596 4508 4507
f 3596 4507 3589
f 4508 4509 4505
f 4508 4505 4507
f 4490 1901 1927
f 4490 1927 4510
f 4510 1927 1925
f 4510 1925 4504
f 4492 4490 4510
f 4492 4510 4509
f 4509 4510 4504
f 4509 4504 4505
f 1964 4511 4512
f 1964 4512 1965
f 4511 4513 4514
f 4511 4514 4512
f 1965 4512 4515
f 1965 4515 1968
f 4512 4514 4516
f 4512 4516 4515
f 4517 3039 3042
f 4517 3042 4518
f 4518 3042 3037
f 4518 3037 4519
f 4513 4517 4518
f 4513 4518 4514
f 4514 4518 4519
f 4514 4519 4516
f 2548 2547 4520
f 2548 4520 3035
f 2547 2542 4521
f 2547 4521 4520
f 3035 4520 4519
f 3035 4519 3037
f 4520 4521 4516
f 4520 4516 4519
f 2539 1971 1970
f 2539 1970 4522
f 4522 1970 1968
f 4522 1968 4515
f 2542 2539 4522
f 2542 4522 4521
f 4521 4522 4515
f 4521 4515 4516
f 2039 2271 4523
f 2039 4523 2040
f 2271 2267 4524
f 2271 4524 4523
f 2040 4523 4525
f 2040 4525 2043
f 4523 4524 4526
f 4523 4526 4525
f 2265 2264 3111
f 2265 3111 4527
f 4527 3111 3109
f 4527 3109 4528
f 2267 2265 4527
f 2267 4527 4524
f 4524 4527 4528
f 4524 4528 4526
f 3105 4529 4530
f 3105 4530 3106
f 4529 4531 4532
f 4529 4532 4530
f 3106 4530 4528
f 3106 4528 3109
f 4530 4532 4526
f 4530 4526 4528
f 4533 2046 2045
f 4533 2045 4534
f 4534 2045 2043
f 4534 2043 4525
f 4531 4533 4534
f 4531 4534 4532
f 4532 4534 4525
f 4532 4525 4526
f 2179 2182 4535
f 2179 4535 2275
f 2182 2186 4536
f 2182 4536 4535
f 2275 4535 4537
f 2275 4537 2261
f 4535 4536 4538
f 4535 4538 4537
f 2202 2201 4539
f 2202 4539 4540
f 4540 4539 4541
f 4540 4541 4542
f 2186 2202 4540
f 2186 4540 4536
f 4536 4540 4542
f 4536 4542 4538
f 3162 3165 4543
f 3162 4543 4544
f 3165 3169 4545
f 3165 4545 4543
f 4544 4543 4542
f 4544 4542 4541
f 4543 4545 4538
f 4543 4538 4542
f 3179 2254 2257
f 3179 2257 4546
f 4546 2257 2261
f 4546 2261 4537
f 3169 3179 4546
f 3169 4546 4545
f 4545 4546 4537
f 4545 4537 4538
f 2189 2188 4547
f 2189 4547 3203
f 2188 2183 4548
f 2188 4548 4547
f 3203 4547 4549
f 3203 4549 3197
f 4547 4548 4550
f 4547 4550 4549
f 2180 2179 2274
f 2180 2274 4551
f 4551 2274 2272
f 4551 2272 4552
f 2183 2180 4551
f 2183 4551 4548
f 4548 4551 4552
f 4548 4552 4550
f 2039 2042 4553
f 2039 4553 2269
f 2042 2037 4554
f 2042 4554 4553
f 2269 4553 4552
f 2269 4552 2272
f 4553 4554 4550
f 4553 4550 4552
f 2035 2034 3194
f 2035 3194 4555
f 4555 3194 3197
f 4555 3197 4549
f 2037 2035 4555
f 2037 4555 4554
f 4554 4555 4549
f 4554 4549 4550
f 3289 4556 4557
f 3289 4557 3290
f 4556 4558 4559
f 4556 4559 4557
f 3290 4557 4560
f 3290 4560 3279
f 4557 4559 4561
f 4557 4561 4560
f 4562 2307 2310
f 4562 2310 4563
f 4563 2310 2314
f 4563 2314 4564
f 4558 4562 4563
f 4558 4563 4559
f 4559 4563 4564
f 4559 4564 4561
f 2329 3304 4565
f 2329 4565 2330
f 3304 3302 4566
f 3304 4566 4565
f 2330 4565 4564
f 2330 4564 2314
f 4565 4566 4561
f 4565 4561 4564
f 3300 3272 3275
f 3300 3275 4567
f 4567 3275 3279
f 4567 3279 4560
f 3302 3300 4567
f 3302 4567 4566
f 4566 4567 4560
f 4566 4560 4561
f 2409 4568 4569
f 2409 4569 2410
f 4568 4570 4571
f 4568 4571 4569
f 2410 4569 4572
f 2410 4572 2412
f 4569 4571 4573
f 4569 4573 4572
f 4574 1750 1753
f 4574 1753 4575
f 4575 1753 1748
f 4575 1748 4576
f 4570 4574 4575
f 4570 4575 4571
f 4571 4575 4576
f 4571 4576 4573
f 1526 1525 4577
f 1526 4577 1746
f 1525 1523 4578
f 1525 4578 4577
f 1746 4577 4576
f 1746 4576 1748
f 4577 4578 4573
f 4577 4573 4576
f 1520 1519 2416
f 1520 2416 4579
f 4579 2416 2412
f 4579 2412 4572
f 1523 1520 4579
f 1523 4579 4578
f 4578 4579 4572
f 4578 4572 4573
f 2446 4580 4581
f 2446 4581 2447
f 4580 4582 4583
f 4580 4583 4581
f 2447 4581 4584
f 2447 4584 2450
f 4581 4583 4585
f 4581 4585 4584
f 4586 2342 2341
f 4586 2341 4587
f 4587 2341 2336
f 4587 2336 4588
f 4582 4586 4587
f 4582 4587 4583
f 4583 4587 4588
f 4583 4588 4585
f 2332 3315 4589
f 2332 4589 2333
f 3315 3310 4590
f 3315 4590 4589
f 2333 4589 4588
f 2333 4588 2336
f 4589 4590 4585
f 4589 4585 4588
f 3307 2453 2452
f 3307 2452 4591
f 4591 2452 2450
f 4591 2450 4584
f 3310 3307 4591
f 3310 4591 4590
f 4590 4591 4584
f 4590 4584 4585
f 2456 2459 4592
f 2456 4592 4593
f 2459 2463 4594
f 2459 4594 4592
f 4593 4592 4595
f 4593 4595 4596
f 4592 4594 4597
f 4592 4597 4595
f 2474 862 4248
f 2474 4248 4598
f 4598 4248 4246
f 4598 4246 4599
f 2463 2474 4598
f 2463 4598 4594
f 4594 4598 4599
f 4594 4599 4597
f 1941 3323 4600
f 1941 4600 4244
f 3323 3326 4601
f 3323 4601 4600
f 4244 4600 4599
f 4244 4599 4246
f 4600 4601 4597
f 4600 4597 4599
f 3336 3335 4602
f 3336 4602 4603
f 4603 4602 4596
f 4603 4596 4595
f 3326 3336 4603
f 3326 4603 4601
f 4601 4603 4595
f 4601 4595 4597
f 882 2477 4604
f 882 4604 4250
f 2477 2480 4605
f 2477 4605 4604
f 4250 4604 4606
f 4250 4606 4252
f 4604 4605 4607
f 4604 4607 4606
f 2489 2456 4593
f 2489 4593 4608
f 4608 4593 4596
f 4608 4596 4609
f 2480 2489 4608
f 2480 4608 4605
f 4605 4608 4609
f 4605 4609 4607
f 3335 3388 4610
f 3335 4610 4602
f 3388 3386 4611
f 3388 4611 4610
f 4602 4610 4609
f 4602 4609 4596
f 4610 4611 4607
f 4610 4607 4609
f 3384 3020 4256
f 3384 4256 4612
f 4612 4256 4252
f 4612 4252 4606
f 3386 3384 4612
f 3386 4612 4611
f 4611 4612 4606
f 4611 4606 4607
f 2491 2494 4613
f 2491 4613 4614
f 2494 2498 4615
f 2494 4615 4613
f 4614 4613 4616
f 4614 4616 4617
f 4613 4615 4618
f 4613 4618 4616
f 2513 1921 1924
f 2513 1924 4619
f 4619 1924 1919
f 4619 1919 4620
f 2498 2513 4619
f 2498 4619 4615
f 4615 4619 4620
f 4615 4620 4618
f 1916 3404 4621
f 1916 4621 1917
f 3404 3408 4622
f 3404 4622 4621
f 1917 4621 4620
f 1917 4620 1919
f 4621 4622 4618
f 4621 4618 4620
f 3415 3363 4623
f 3415 4623 4624
f 4624 4623 4617
f 4624 4617 4616
f 3408 3415 4624
f 3408 4624 4622
f 4622 4624 4616
f 4622 4616 4618
f 1971 2541 4625
f 1971 4625 1972
f 2541 2545 4626
f 2541 4626 4625
f 1972 4625 4627
f 1972 4627 1956
f 4625 4626 4628
f 4625 4628 4627
f 2556 2491 4614
f 2556 4614 4629
f 4629 4614 4617
f 4629 4617 4630
f 2545 2556 4629
f 2545 4629 4626
f 4626 4629 4630
f 4626 4630 4628
f 3363 3362 4631
f 3363 4631 4623
f 3362 3360 4632
f 3362 4632 4631
f 4623 4631 4630
f 4623 4630 4617
f 4631 4632 4628
f 4631 4628 4630
f 3358 1949 1952
f 3358 1952 4633
f 4633 1952 1956
f 4633 1956 4627
f 3360 3358 4633
f 3360 4633 4632
f 4632 4633 4627
f 4632 4627 4628
f 887 4634 4635
f 887 4635 888
f 4634 4636 4637
f 4634 4637 4635
f 888 4635 4638
f 888 4638 891
f 4635 4637 4639
f 4635 4639 4638
f 4640 4641 4642
f 4640 4642 4643
f 4643 4642 4644
f 4643 4644 4645
f 4636 4640 4643
f 4636 4643 4637
f 4637 4643 4645
f 4637 4645 4639
f 4646 4647 4648
f 4646 4648 4649
f 4647 4650 4651
f 4647 4651 4648
f 4649 4648 4645
f 4649 4645 4644
f 4648 4651 4639
f 4648 4639 4645
f 4652 894 893
f 4652 893 4653
f 4653 893 891
f 4653 891 4638
f 4650 4652 4653
f 4650 4653 4651
f 4651 4653 4638
f 4651 4638 4639
f 1964 4654 4655
f 1964 4655 4511
f 4654 4656 4657
f 4654 4657 4655
f 4511 4655 4658
f 4511 4658 4513
f 4655 4657 4659
f 4655 4659 4658
f 4660 4661 4662
f 4660 4662 4663
f 4663 4662 4664
f 4663 4664 4665
f 4656 4660 4663
f 4656 4663 4657
f 4657 4663 4665
f 4657 4665 4659
f 4666 4667 4668
f 4666 4668 4669
f 4667 4670 4671
f 4667 4671 4668
f 4669 4668 4665
f 4669 4665 4664
f 4668 4671 4659
f 4668 4659 4665
f 4672 3039 4517
f 4672 4517 4673
f 4673 4517 4513
f 4673 4513 4658
f 4670 4672 4673
f 4670 4673 4671
f 4671 4673 4658
f 4671 4658 4659
f 1029 2694 4674
f 1029 4674 1030
f 2694 2698 4675
f 2694 4675 4674
f 1030 4674 4676
f 1030 4676 1014
f 4674 4675 4677
f 4674 4677 4676
f 2713 1070 1073
f 2713 1073 4678
f 4678 1073 1068
f 4678 1068 4679
f 2698 2713 4678
f 2698 4678 4675
f 4675 4678 4679
f 4675 4679 4677
f 1065 3508 4680
f 1065 4680 1066
f 3508 3506 4681
f 3508 4681 4680
f 1066 4680 4679
f 1066 4679 1068
f 4680 4681 4677
f 4680 4677 4679
f 3504 1007 1010
f 3504 1010 4682
f 4682 1010 1014
f 4682 1014 4676
f 3506 3504 4682
f 3506 4682 4681
f 4681 4682 4676
f 4681 4676 4677
f 2201 2716 4683
f 2201 4683 4539
f 2716 2719 4684
f 2716 4684 4683
f 4539 4683 4685
f 4539 4685 4541
f 4683 4684 4686
f 4683 4686 4685
f 2728 2307 4562
f 2728 4562 4687
f 4687 4562 4558
f 4687 4558 4688
f 2719 2728 4687
f 2719 4687 4684
f 4684 4687 4688
f 4684 4688 4686
f 3289 3529 4689
f 3289 4689 4556
f 3529 3527 4690
f 3529 4690 4689
f 4556 4689 4688
f 4556 4688 4558
f 4689 4690 4686
f 4689 4686 4688
f 3525 3162 4544
f 3525 4544 4691
f 4691 4544 4541
f 4691 4541 4685
f 3527 3525 4691
f 3527 4691 4690
f 4690 4691 4685
f 4690 4685 4686
f 2446 3293 4692
f 2446 4692 4580
f 3293 3296 4693
f 3293 4693 4692
f 4580 4692 4694
f 4580 4694 4582
f 4692 4693 4695
f 4692 4695 4694
f 3305 2329 2328
f 3305 2328 4696
f 4696 2328 2326
f 4696 2326 4697
f 3296 3305 4696
f 3296 4696 4693
f 4693 4696 4697
f 4693 4697 4695
f 2322 3234 4698
f 2322 4698 2323
f 3234 3231 4699
f 3234 4699 4698
f 2323 4698 4697
f 2323 4697 2326
f 4698 4699 4695
f 4698 4695 4697
f 3229 2342 4586
f 3229 4586 4700
f 4700 4586 4582
f 4700 4582 4694
f 3231 3229 4700
f 3231 4700 4699
f 4699 4700 4694
f 4699 4694 4695
f 2453 3309 4701
f 2453 4701 2454
f 3309 3313 4702
f 3309 4702 4701
f 2454 4701 4703
f 2454 4703 2440
f 4701 4702 4704
f 4701 4704 4703
f 3320 1077 4298
f 3320 4298 4705
f 4705 4298 4294
f 4705 4294 4706
f 3313 3320 4705
f 3313 4705 4702
f 4702 4705 4706
f 4702 4706 4704
f 3263 3266 4707
f 3263 4707 4292
f 3266 3261 4708
f 3266 4708 4707
f 4292 4707 4706
f 4292 4706 4294
f 4707 4708 4704
f 4707 4704 4706
f 3259 2367 2437
f 3259 2437 4709
f 4709 2437 2440
f 4709 2440 4703
f 3261 3259 4709
f 3261 4709 4708
f 4708 4709 4703
f 4708 4703 4704
f 1096 4314 4710
f 1096 4710 3971
f 4314 4312 4711
f 4314 4711 4710
f 3971 4710 4712
f 3971 4712 3973
f 4710 4711 4713
f 4710 4713 4712
f 4310 658 3948
f 4310 3948 4714
f 4714 3948 3946
f 4714 3946 4715
f 4312 4310 4714
f 4312 4714 4711
f 4711 4714 4715
f 4711 4715 4713
f 1750 4574 4716
f 1750 4716 3944
f 4574 4570 4717
f 4574 4717 4716
f 3944 4716 4715
f 3944 4715 3946
f 4716 4717 4713
f 4716 4713 4715
f 4568 2409 3975
f 4568 3975 4718
f 4718 3975 3973
f 4718 3973 4712
f 4570 4568 4718
f 4570 4718 4717
f 4717 4718 4712
f 4717 4712 4713
f 937 4719 4720
f 937 4720 938
f 4719 4721 4722
f 4719 4722 4720
f 938 4720 4723
f 938 4723 941
f 4720 4722 4724
f 4720 4724 4723
f 4725 3873 3872
f 4725 3872 4726
f 4726 3872 3870
f 4726 3870 4727
f 4721 4725 4726
f 4721 4726 4722
f 4722 4726 4727
f 4722 4727 4724
f 3866 4728 4729
f 3866 4729 3867
f 4728 4730 4731
f 4728 4731 4729
f 3867 4729 4727
f 3867 4727 3870
f 4729 4731 4724
f 4729 4724 4727
f 4732 944 943
f 4732 943 4733
f 4733 943 941
f 4733 941 4723
f 4730 4732 4733
f 4730 4733 4731
f 4731 4733 4723
f 4731 4723 4724
f 962 4734 4735
f 962 4735 963
f 4734 4736 4737
f 4734 4737 4735
f 963 4735 4738
f 963 4738 966
f 4735 4737 4739
f 4735 4739 4738
f 4740 702 705
f 4740 705 4741
f 4741 705 709
f 4741 709 4742
f 4736 4740 4741
f 4736 4741 4737
f 4737 4741 4742
f 4737 4742 4739
f 723 4743 4744
f 723 4744 724
f 4743 4745 4746
f 4743 4746 4744
f 724 4744 4742
f 724 4742 709
f 4744 4746 4739
f 4744 4739 4742
f 4747 969 968
f 4747 968 4748
f 4748 968 966
f 4748 966 4738
f 4745 4747 4748
f 4745 4748 4746
f 4746 4748 4738
f 4746 4738 4739
f 944 4732 4749
f 944 4749 981
f 4732 4730 4750
f 4732 4750 4749
f 981 4749 4751
f 981 4751 983
f 4749 4750 4752
f 4749 4752 4751
f 4728 3866 3897
f 4728 3897 4753
f 4753 3897 3900
f 4753 3900 4754
f 4730 4728 4753
f 4730 4753 4750
f 4750 4753 4754
f 4750 4754 4752
f 702 4740 4755
f 702 4755 3906
f 4740 4736 4756
f 4740 4756 4755
f 3906 4755 4754
f 3906 4754 3900
f 4755 4756 4752
f 4755 4752 4754
f 4734 962 985
f 4734 985 4757
f 4757 985 983
f 4757 983 4751
f 4736 4734 4757
f 4736 4757 4756
f 4756 4757 4751
f 4756 4751 4752
f 969 4747 4758
f 969 4758 999
f 4747 4745 4759
f 4747 4759 4758
f 999 4758 4760
f 999 4760 1001
f 4758 4759 4761
f 4758 4761 4760
f 4743 723 788
f 4743 788 4762
f 4762 788 785
f 4762 785 4763
f 4745 4743 4762
f 4745 4762 4759
f 4759 4762 4763
f 4759 4763 4761
f 782 4764 4765
f 782 4765 783
f 4764 4766 4767
f 4764 4767 4765
f 783 4765 4763
f 783 4763 785
f 4765 4767 4761
f 4765 4761 4763
f 4768 1004 1003
f 4768 1003 4769
f 4769 1003 1001
f 4769 1001 4760
f 4766 4768 4769
f 4766 4769 4767
f 4767 4769 4760
f 4767 4760 4761
f 2109 4770 4771
f 2109 4771 2110
f 4770 4772 4773
f 4770 4773 4771
f 2110 4771 4774
f 2110 4774 2112
f 4771 4773 4775
f 4771 4775 4774
f 4776 3876 3879
f 4776 3879 4777
f 4777 3879 3883
f 4777 3883 4778
f 4772 4776 4777
f 4772 4777 4773
f 4773 4777 4778
f 4773 4778 4775
f 3893 4779 4780
f 3893 4780 3894
f 4779 4781 4782
f 4779 4782 4780
f 3894 4780 4778
f 3894 4778 3883
f 4780 4782 4775
f 4780 4775 4778
f 4783 2114 2117
f 4783 2117 4784
f 4784 2117 2112
f 4784 2112 4774
f 4781 4783 4784
f 4781 4784 4782
f 4782 4784 4774
f 4782 4774 4775
f 2133 4785 4786
f 2133 4786 2134
f 4785 4787 4788
f 4785 4788 4786
f 2134 4786 4789
f 2134 4789 2136
f 4786 4788 4790
f 4786 4790 4789
f 4791 1790 1789
f 4791 1789 4792
f 4792 1789 1784
f 4792 1784 4793
f 4787 4791 4792
f 4787 4792 4788
f 4788 4792 4793
f 4788 4793 4790
f 1780 4794 4795
f 1780 4795 1781
f 4794 4796 4797
f 4794 4797 4795
f 1781 4795 4793
f 1781 4793 1784
f 4795 4797 4790
f 4795 4790 4793
f 4798 2138 2141
f 4798 2141 4799
f 4799 2141 2136
f 4799 2136 4789
f 4796 4798 4799
f 4796 4799 4797
f 4797 4799 4789
f 4797 4789 4790
f 2138 4798 4800
f 2138 4800 2154
f 4798 4796 4801
f 4798 4801 4800
f 2154 4800 4802
f 2154 4802 2156
f 4800 4801 4803
f 4800 4803 4802
f 4794 1780 3918
f 4794 3918 4804
f 4804 3918 3916
f 4804 3916 4805
f 4796 4794 4804
f 4796 4804 4801
f 4801 4804 4805
f 4801 4805 4803
f 3876 4776 4806
f 3876 4806 3914
f 4776 4772 4807
f 4776 4807 4806
f 3914 4806 4805
f 3914 4805 3916
f 4806 4807 4803
f 4806 4803 4805
f 4770 2109 2159
f 4770 2159 4808
f 4808 2159 2156
f 4808 2156 4802
f 4772 4770 4808
f 4772 4808 4807
f 4807 4808 4802
f 4807 4802 4803
f 2170 4809 4810
f 2170 4810 2171
f 4809 4811 4812
f 4809 4812 4810
f 2171 4810 4813
f 2171 4813 2173
f 4810 4812 4814
f 4810 4814 4813
f 4815 849 1861
f 4815 1861 4816
f 4816 1861 1858
f 4816 1858 4817
f 4811 4815 4816
f 4811 4816 4812
f 4812 4816 4817
f 4812 4817 4814
f 1790 4791 4818
f 1790 4818 1856
f 4791 4787 4819
f 4791 4819 4818
f 1856 4818 4817
f 1856 4817 1858
f 4818 4819 4814
f 4818 4814 4817
f 4785 2133 2176
f 4785 2176 4820
f 4820 2176 2173
f 4820 2173 4813
f 4787 4785 4820
f 4787 4820 4819
f 4819 4820 4813
f 4819 4813 4814
f 1004 4768 4821
f 1004 4821 2427
f 4768 4766 4822
f 4768 4822 4821
f 2427 4821 4823
f 2427 4823 2429
f 4821 4822 4824
f 4821 4824 4823
f 4764 782 833
f 4764 833 4825
f 4825 833 836
f 4825 836 4826
f 4766 4764 4825
f 4766 4825 4822
f 4822 4825 4826
f 4822 4826 4824
f 849 4815 4827
f 849 4827 850
f 4815 4811 4828
f 4815 4828 4827
f 850 4827 4826
f 850 4826 836
f 4827 4828 4824
f 4827 4824 4826
f 4809 2170 2432
f 4809 2432 4829
f 4829 2432 2429
f 4829 2429 4823
f 4811 4809 4829
f 4811 4829 4828
f 4828 4829 4823
f 4828 4823 4824
f 2114 4783 4830
f 2114 4830 3929
f 4783 4781 4831
f 4783 4831 4830
f 3929 4830 4832
f 3929 4832 3931
f 4830 4831 4833
f 4830 4833 4832
f 4779 3893 3978
f 4779 3978 4834
f 4834 3978 3981
f 4834 3981 4835
f 4781 4779 4834
f 4781 4834 4831
f 4831 4834 4835
f 4831 4835 4833
f 3873 4725 4836
f 3873 4836 3987
f 4725 4721 4837
f 4725 4837 4836
f 3987 4836 4835
f 3987 4835 3981
f 4836 4837 4833
f 4836 4833 4835
f 4719 937 3933
f 4719 3933 4838
f 4838 3933 3931
f 4838 3931 4832
f 4721 4719 4838
f 4721 4838 4837
f 4837 4838 4832
f 4837 4832 4833
f 4839 4840 4841
f 4839 4841 4842
f 4840 4843 4844
f 4840 4844 4841
f 4842 4841 4845
f 4842 4845 4846
f 4841 4844 4847
f 4841 4847 4845
f 4848 4849 4850
f 4848 4850 4851
f 4851 4850 4852
f 4851 4852 4853
f 4843 4848 4851
f 4843 4851 4844
f 4844 4851 4853
f 4844 4853 4847
f 4854 4855 4856
f 4854 4856 4857
f 4855 4858 4859
f 4855 4859 4856
f 4857 4856 4853
f 4857 4853 4852
f 4856 4859 4847
f 4856 4847 4853
f 4860 4861 4862
f 4860 4862 4863
f 4863 4862 4846
f 4863 4846 4845
f 4858 4860 4863
f 4858 4863 4859
f 4859 4863 4845
f 4859 4845 4847
f 4864 4865 4866
f 4864 4866 4867
f 4865 4868 4869
f 4865 4869 4866
f 4867 4866 4870
f 4867 4870 4871
f 4866 4869 4872
f 4866 4872 4870
f 4873 4874 4875
f 4873 4875 4876
f 4876 4875 4877
f 4876 4877 4878
f 4868 4873 4876
f 4868 4876 4869
f 4869 4876 4878
f 4869 4878 4872
f 4879 4880 4881
f 4879 4881 4882
f 4880 4883 4884
f 4880 4884 4881
f 4882 4881 4878
f 4882 4878 4877
f 4881 4884 4872
f 4881 4872 4878
f 4885 4886 4887
f 4885 4887 4888
f 4888 4887 4871
f 4888 4871 4870
f 4883 4885 4888
f 4883 4888 4884
f 4884 4888 4870
f 4884 4870 4872
f 3440 4889 4890
f 3440 4890 4891
f 4889 4892 4893
f 4889 4893 4890
f 4891 4890 4894
f 4891 4894 4895
f 4890 4893 4896
f 4890 4896 4894
f 4897 4898 4899
f 4897 4899 4900
f 4900 4899 4901
f 4900 4901 4902
f 4892 4897 4900
f 4892 4900 4893
f 4893 4900 4902
f 4893 4902 4896
f 4903 4904 4905
f 4903 4905 4906
f 4904 4907 4908
f 4904 4908 4905
f 4906 4905 4902
f 4906 4902 4901
f 4905 4908 4896
f 4905 4896 4902
f 4909 4910 4911
f 4909 4911 4912
f 4912 4911 4895
f 4912 4895 4894
f 4907 4909 4912
f 4907 4912 4908
f 4908 4912 4894
f 4908 4894 4896
f 3476 4913 4914
f 3476 4914 4915
f 4913 4916 4917
f 4913 4917 4914
f 4915 4914 4918
f 4915 4918 4919
f 4914 4917 4920
f 4914 4920 4918
f 4921 4922 4923
f 4921 4923 4924
f 4924 4923 4925
f 4924 4925 4926
f 4916 4921 4924
f 4916 4924 4917
f 4917 4924 4926
f 4917 4926 4920
f 4927 4928 4929
f 4927 4929 4930
f 4928 4931 4932
f 4928 4932 4929
f 4930 4929 4926
f 4930 4926 4925
f 4929 4932 4920
f 4929 4920 4926
f 4933 4934 4935
f 4933 4935 4936
f 4936 4935 4919
f 4936 4919 4918
f 4931 4933 4936
f 4931 4936 4932
f 4932 4936 4918
f 4932 4918 4920
f 4898 4937 4938
f 4898 4938 4899
f 4937 4939 4940
f 4937 4940 4938
f 4899 4938 4941
f 4899 4941 4901
f 4938 4940 4942
f 4938 4942 4941
f 4943 2642 4944
f 4943 4944 4945
f 4945 4944 4946
f 4945 4946 4947
f 4939 4943 4945
f 4939 4945 4940
f 4940 4945 4947
f 4940 4947 4942
f 4879 4948 4949
f 4879 4949 4950
f 4948 4951 4952
f 4948 4952 4949
f 4950 4949 4947
f 4950 4947 4946
f 4949 4952 4942
f 4949 4942 4947
f 4953 4903 4906
f 4953 4906 4954
f 4954 4906 4901
f 4954 4901 4941
f 4951 4953 4954
f 4951 4954 4952
f 4952 4954 4941
f 4952 4941 4942
f 4955 4956 4957
f 4955 4957 4958
f 4956 4959 4960
f 4956 4960 4957
f 4958 4957 4961
f 4958 4961 4962
f 4957 4960 4963
f 4957 4963 4961
f 4964 4965 4966
f 4964 4966 4967
f 4967 4966 4968
f 4967 4968 4969
f 4959 4964 4967
f 4959 4967 4960
f 4960 4967 4969
f 4960 4969 4963
f 4970 4971 4972
f 4970 4972 4973
f 4971 4974 4975
f 4971 4975 4972
f 4973 4972 4969
f 4973 4969 4968
f 4972 4975 4963
f 4972 4963 4969
f 4976 4910 4977
f 4976 4977 4978
f 4978 4977 4962
f 4978 4962 4961
f 4974 4976 4978
f 4974 4978 4975
f 4975 4978 4961
f 4975 4961 4963
f 4922 4979 4980
f 4922 4980 4923
f 4979 4981 4982
f 4979 4982 4980
f 4923 4980 4983
f 4923 4983 4925
f 4980 4982 4984
f 4980 4984 4983
f 4985 2618 4986
f 4985 4986 4987
f 4987 4986 4988
f 4987 4988 4989
f 4981 4985 4987
f 4981 4987 4982
f 4982 4987 4989
f 4982 4989 4984
f 4854 4990 4991
f 4854 4991 4992
f 4990 4993 4994
f 4990 4994 4991
f 4992 4991 4989
f 4992 4989 4988
f 4991 4994 4984
f 4991 4984 4989
f 4995 4927 4930
f 4995 4930 4996
f 4996 4930 4925
f 4996 4925 4983
f 4993 4995 4996
f 4993 4996 4994
f 4994 4996 4983
f 4994 4983 4984
f 4997 4998 4999
f 4997 4999 5000
f 4998 5001 5002
f 4998 5002 4999
f 5000 4999 5003
f 5000 5003 5004
f 4999 5002 5005
f 4999 5005 5003
f 5006 5007 5008
f 5006 5008 5009
f 5009 5008 5010
f 5009 5010 5011
f 5001 5006 5009
f 5001 5009 5002
f 5002 5009 5011
f 5002 5011 5005
f 5012 5013 5014
f 5012 5014 5015
f 5013 5016 5017
f 5013 5017 5014
f 5015 5014 5011
f 5015 5011 5010
f 5014 5017 5005
f 5014 5005 5011
f 5018 4934 5019
f 5018 5019 5020
f 5020 5019 5004
f 5020 5004 5003
f 5016 5018 5020
f 5016 5020 5017
f 5017 5020 5003
f 5017 5003 5005
f 2608 5021 5022
f 2608 5022 5023
f 5021 5024 5025
f 5021 5025 5022
f 5023 5022 5026
f 5023 5026 5027
f 5022 5025 5028
f 5022 5028 5026
f 5029 3445 5030
f 5029 5030 5031
f 5031 5030 5032
f 5031 5032 5033
f 5024 5029 5031
f 5024 5031 5025
f 5025 5031 5033
f 5025 5033 5028
f 4970 5034 5035
f 4970 5035 5036
f 5034 5037 5038
f 5034 5038 5035
f 5036 5035 5033
f 5036 5033 5032
f 5035 5038 5028
f 5035 5028 5033
f 5039 4861 5040
f 5039 5040 5041
f 5041 5040 5027
f 5041 5027 5026
f 5037 5039 5041
f 5037 5041 5038
f 5038 5041 5026
f 5038 5026 5028
f 2632 5042 5043
f 2632 5043 5044
f 5042 5045 5046
f 5042 5046 5043
f 5044 5043 5047
f 5044 5047 5048
f 5043 5046 5049
f 5043 5049 5047
f 5050 3481 5051
f 5050 5051 5052
f 5052 5051 5053
f 5052 5053 5054
f 5045 5050 5052
f 5045 5052 5046
f 5046 5052 5054
f 5046 5054 5049
f 5012 5055 5056
f 5012 5056 5057
f 5055 5058 5059
f 5055 5059 5056
f 5057 5056 5054
f 5057 5054 5053
f 5056 5059 5049
f 5056 5049 5054
f 5060 4886 5061
f 5060 5061 5062
f 5062 5061 5048
f 5062 5048 5047
f 5058 5060 5062
f 5058 5062 5059
f 5059 5062 5047
f 5059 5047 5049
f 4861 4860 5063
f 4861 5063 5040
f 4860 4858 5064
f 4860 5064 5063
f 5040 5063 5065
f 5040 5065 5027
f 5063 5064 5066
f 5063 5066 5065
f 4855 4854 4992
f 4855 4992 5067
f 5067 4992 4988
f 5067 4988 5068
f 4858 4855 5067
f 4858 5067 5064
f 5064 5067 5068
f 5064 5068 5066
f 2618 2617 5069
f 2618 5069 4986
f 2617 2612 5070
f 2617 5070 5069
f 4986 5069 5068
f 4986 5068 4988
f 5069 5070 5066
f 5069 5066 5068
f 2609 2608 5023
f 2609 5023 5071
f 5071 5023 5027
f 5071 5027 5065
f 2612 2609 5071
f 2612 5071 5070
f 5070 5071 5065
f 5070 5065 5066
f 4886 4885 5072
f 4886 5072 5061
f 4885 4883 5073
f 4885 5073 5072
f 5061 5072 5074
f 5061 5074 5048
f 5072 5073 5075
f 5072 5075 5074
f 4880 4879 4950
f 4880 4950 5076
f 5076 4950 4946
f 5076 4946 5077
f 4883 4880 5076
f 4883 5076 5073
f 5073 5076 5077
f 5073 5077 5075
f 2642 2641 5078
f 2642 5078 4944
f 2641 2636 5079
f 2641 5079 5078
f 4944 5078 5077
f 4944 5077 4946
f 5078 5079 5075
f 5078 5075 5077
f 2633 2632 5044
f 2633 5044 5080
f 5080 5044 5048
f 5080 5048 5074
f 2636 2633 5080
f 2636 5080 5079
f 5079 5080 5074
f 5079 5074 5075
f 4910 4976 5081
f 4910 5081 4911
f 4976 4974 5082
f 4976 5082 5081
f 4911 5081 5083
f 4911 5083 4895
f 5081 5082 5084
f 5081 5084 5083
f 4971 4970 5036
f 4971 5036 5085
f 5085 5036 5032
f 5085 5032 5086
f 4974 4971 5085
f 4974 5085 5082
f 5082 5085 5086
f 5082 5086 5084
f 3445 3448 5087
f 3445 5087 5030
f 3448 3443 5088
f 3448 5088 5087
f 5030 5087 5086
f 5030 5086 5032
f 5087 5088 5084
f 5087 5084 5086
f 3441 3440 4891
f 3441 4891 5089
f 5089 4891 4895
f 5089 4895 5083
f 3443 3441 5089
f 3443 5089 5088
f 5088 5089 5083
f 5088 5083 5084
f 4934 5018 5090
f 4934 5090 4935
f 5018 5016 5091
f 5018 5091 5090
f 4935 5090 5092
f 4935 5092 4919
f 5090 5091 5093
f 5090 5093 5092
f 5013 5012 5057
f 5013 5057 5094
f 5094 5057 5053
f 5094 5053 5095
f 5016 5013 5094
f 5016 5094 5091
f 5091 5094 5095
f 5091 5095 5093
f 3481 3484 5096
f 3481 5096 5051
f 3484 3479 5097
f 3484 5097 5096
f 5051 5096 5095
f 5051 5095 5053
f 5096 5097 5093
f 5096 5093 5095
f 3477 3476 4915
f 3477 4915 5098
f 5098 4915 4919
f 5098 4919 5092
f 3479 3477 5098
f 3479 5098 5097
f 5097 5098 5092
f 5097 5092 5093
f 2071 2070 5099
f 2071 5099 3433
f 2070 2068 5100
f 2070 5100 5099
f 3433 5099 5101
f 3433 5101 3435
f 5099 5100 5102
f 5099 5102 5101
f 2065 2064 5103
f 2065 5103 5104
f 5104 5103 5105
f 5104 5105 5106
f 2068 2065 5104
f 2068 5104 5100
f 5100 5104 5106
f 5100 5106 5102
f 4898 4897 5107
f 4898 5107 5108
f 4897 4892 5109
f 4897 5109 5107
f 5108 5107 5106
f 5108 5106 5105
f 5107 5109 5102
f 5107 5102 5106
f 4889 3440 3439
f 4889 3439 5110
f 5110 3439 3435
f 5110 3435 5101
f 4892 4889 5110
f 4892 5110 5109
f 5109 5110 5101
f 5109 5101 5102
f 2096 2095 5111
f 2096 5111 3469
f 2095 2093 5112
f 2095 5112 5111
f 3469 5111 5113
f 3469 5113 3471
f 5111 5112 5114
f 5111 5114 5113
f 2090 2089 5115
f 2090 5115 5116
f 5116 5115 5117
f 5116 5117 5118
f 2093 2090 5116
f 2093 5116 5112
f 5112 5116 5118
f 5112 5118 5114
f 4922 4921 5119
f 4922 5119 5120
f 4921 4916 5121
f 4921 5121 5119
f 5120 5119 5118
f 5120 5118 5117
f 5119 5121 5114
f 5119 5114 5118
f 4913 3476 3475
f 4913 3475 5122
f 5122 3475 3471
f 5122 3471 5113
f 4916 4913 5122
f 4916 5122 5121
f 5121 5122 5113
f 5121 5113 5114
f 2064 3060 5123
f 2064 5123 5103
f 3060 3058 5124
f 3060 5124 5123
f 5103 5123 5125
f 5103 5125 5105
f 5123 5124 5126
f 5123 5126 5125
f 3056 2024 2648
f 3056 2648 5127
f 5127 2648 2645
f 5127 2645 5128
f 3058 3056 5127
f 3058 5127 5124
f 5124 5127 5128
f 5124 5128 5126
f 2642 4943 5129
f 2642 5129 2643
f 4943 4939 5130
f 4943 5130 5129
f 2643 5129 5128
f 2643 5128 2645
f 5129 5130 5126
f 5129 5126 5128
f 4937 4898 5108
f 4937 5108 5131
f 5131 5108 5105
f 5131 5105 5125
f 4939 4937 5131
f 4939 5131 5130
f 5130 5131 5125
f 5130 5125 5126
f 2089 3093 5132
f 2089 5132 5115
f 3093 3091 5133
f 3093 5133 5132
f 5115 5132 5134
f 5115 5134 5117
f 5132 5133 5135
f 5132 5135 5134
f 3088 2623 2626
f 3088 2626 5136
f 5136 2626 2621
f 5136 2621 5137
f 3091 3088 5136
f 3091 5136 5133
f 5133 5136 5137
f 5133 5137 5135
f 2618 4985 5138
f 2618 5138 2619
f 4985 4981 5139
f 4985 5139 5138
f 2619 5138 5137
f 2619 5137 2621
f 5138 5139 5135
f 5138 5135 5137
f 4979 4922 5120
f 4979 5120 5140
f 5140 5120 5117
f 5140 5117 5134
f 4981 4979 5140
f 4981 5140 5139
f 5139 5140 5134
f 5139 5134 5135
f 919 918 5141
f 919 5141 2630
f 918 916 5142
f 918 5142 5141
f 2630 5141 5143
f 2630 5143 2615
f 5141 5142 5144
f 5141 5144 5143
f 913 912 3451
f 913 3451 5145
f 5145 3451 3449
f 5145 3449 5146
f 916 913 5145
f 916 5145 5142
f 5142 5145 5146
f 5142 5146 5144
f 3445 5029 5147
f 3445 5147 3446
f 5029 5024 5148
f 5029 5148 5147
f 3446 5147 5146
f 3446 5146 3449
f 5147 5148 5144
f 5147 5144 5146
f 5021 2608 2611
f 5021 2611 5149
f 5149 2611 2615
f 5149 2615 5143
f 5024 5021 5149
f 5024 5149 5148
f 5148 5149 5143
f 5148 5143 5144
f 2046 4533 5150
f 2046 5150 2650
f 4533 4531 5151
f 4533 5151 5150
f 2650 5150 5152
f 2650 5152 2639
f 5150 5151 5153
f 5150 5153 5152
f 4529 3105 3487
f 4529 3487 5154
f 5154 3487 3485
f 5154 3485 5155
f 4531 4529 5154
f 4531 5154 5151
f 5151 5154 5155
f 5151 5155 5153
f 3481 5050 5156
f 3481 5156 3482
f 5050 5045 5157
f 5050 5157 5156
f 3482 5156 5155
f 3482 5155 3485
f 5156 5157 5153
f 5156 5153 5155
f 5042 2632 2635
f 5042 2635 5158
f 5158 2635 2639
f 5158 2639 5152
f 5045 5042 5158
f 5045 5158 5157
f 5157 5158 5152
f 5157 5152 5153
f 4910 4909 5159
f 4910 5159 4977
f 4909 4907 5160
f 4909 5160 5159
f 4977 5159 5161
f 4977 5161 4962
f 5159 5160 5162
f 5159 5162 5161
f 4904 4903 5163
f 4904 5163 5164
f 5164 5163 5165
f 5164 5165 5166
f 4907 4904 5164
f 4907 5164 5160
f 5160 5164 5166
f 5160 5166 5162
f 5167 5168 5169
f 5167 5169 5170
f 5168 5171 5172
f 5168 5172 5169
f 5170 5169 5166
f 5170 5166 5165
f 5169 5172 5162
f 5169 5162 5166
f 5173 4955 4958
f 5173 4958 5174
f 5174 4958 4962
f 5174 4962 5161
f 5171 5173 5174
f 5171 5174 5172
f 5172 5174 5161
f 5172 5161 5162
f 4934 4933 5175
f 4934 5175 5019
f 4933 4931 5176
f 4933 5176 5175
f 5019 5175 5177
f 5019 5177 5004
f 5175 5176 5178
f 5175 5178 5177
f 4928 4927 5179
f 4928 5179 5180
f 5180 5179 5181
f 5180 5181 5182
f 4931 4928 5180
f 4931 5180 5176
f 5176 5180 5182
f 5176 5182 5178
f 5183 5184 5185
f 5183 5185 5186
f 5184 5187 5188
f 5184 5188 5185
f 5186 5185 5182
f 5186 5182 5181
f 5185 5188 5178
f 5185 5178 5182
f 5189 4997 5000
f 5189 5000 5190
f 5190 5000 5004
f 5190 5004 5177
f 5187 5189 5190
f 5187 5190 5188
f 5188 5190 5177
f 5188 5177 5178
f 4903 4953 5191
f 4903 5191 5163
f 4953 4951 5192
f 4953 5192 5191
f 5163 5191 5193
f 5163 5193 5165
f 5191 5192 5194
f 5191 5194 5193
f 4948 4879 4882
f 4948 4882 5195
f 5195 4882 4877
f 5195 4877 5196
f 4951 4948 5195
f 4951 5195 5192
f 5192 5195 5196
f 5192 5196 5194
f 4874 5197 5198
f 4874 5198 4875
f 5197 5199 5200
f 5197 5200 5198
f 4875 5198 5196
f 4875 5196 4877
f 5198 5200 5194
f 5198 5194 5196
f 5201 5167 5170
f 5201 5170 5202
f 5202 5170 5165
f 5202 5165 5193
f 5199 5201 5202
f 5199 5202 5200
f 5200 5202 5193
f 5200 5193 5194
f 4927 4995 5203
f 4927 5203 5179
f 4995 4993 5204
f 4995 5204 5203
f 5179 5203 5205
f 5179 5205 5181
f 5203 5204 5206
f 5203 5206 5205
f 4990 4854 4857
f 4990 4857 5207
f 5207 4857 4852
f 5207 4852 5208
f 4993 4990 5207
f 4993 5207 5204
f 5204 5207 5208
f 5204 5208 5206
f 4849 5209 5210
f 4849 5210 4850
f 5209 5211 5212
f 5209 5212 5210
f 4850 5210 5208
f 4850 5208 4852
f 5210 5212 5206
f 5210 5206 5208
f 5213 5183 5186
f 5213 5186 5214
f 5214 5186 5181
f 5214 5181 5205
f 5211 5213 5214
f 5211 5214 5212
f 5212 5214 5205
f 5212 5205 5206
f 4861 5039 5215
f 4861 5215 4862
f 5039 5037 5216
f 5039 5216 5215
f 4862 5215 5217
f 4862 5217 4846
f 5215 5216 5218
f 5215 5218 5217
f 5034 4970 4973
f 5034 4973 5219
f 5219 4973 4968
f 5219 4968 5220
f 5037 5034 5219
f 5037 5219 5216
f 5216 5219 5220
f 5216 5220 5218
f 4965 5221 5222
f 4965 5222 4966
f 5221 5223 5224
f 5221 5224 5222
f 4966 5222 5220
f 4966 5220 4968
f 5222 5224 5218
f 5222 5218 5220
f 5225 4839 4842
f 5225 4842 5226
f 5226 4842 4846
f 5226 4846 5217
f 5223 5225 5226
f 5223 5226 5224
f 5224 5226 5217
f 5224 5217 5218
f 4886 5060 5227
f 4886 5227 4887
f 5060 5058 5228
f 5060 5228 5227
f 4887 5227 5229
f 4887 5229 4871
f 5227 5228 5230
f 5227 5230 5229
f 5055 5012 5015
f 5055 5015 5231
f 5231 5015 5010
f 5231 5010 5232
f 5058 5055 5231
f 5058 5231 5228
f 5228 5231 5232
f 5228 5232 5230
f 5007 5233 5234
f 5007 5234 5008
f 5233 5235 5236
f 5233 5236 5234
f 5008 5234 5232
f 5008 5232 5010
f 5234 5236 5230
f 5234 5230 5232
f 5237 4864 4867
f 5237 4867 5238
f 5238 4867 4871
f 5238 4871 5229
f 5235 5237 5238
f 5235 5238 5236
f 5236 5238 5229
f 5236 5229 5230
f 4641 5239 5240
f 4641 5240 5241
f 5239 5242 5243
f 5239 5243 5240
f 5241 5240 5244
f 5241 5244 5245
f 5240 5243 5246
f 5240 5246 5244
f 5247 3461 5248
f 5247 5248 5249
f 5249 5248 5250
f 5249 5250 5251
f 5242 5247 5249
f 5242 5249 5243
f 5243 5249 5251
f 5243 5251 5246
f 5252 5253 5254
f 5252 5254 5255
f 5253 5256 5257
f 5253 5257 5254
f 5255 5254 5251
f 5255 5251 5250
f 5254 5257 5246
f 5254 5246 5251
f 5258 5259 5260
f 5258 5260 5261
f 5261 5260 5245
f 5261 5245 5244
f 5256 5258 5261
f 5256 5261 5257
f 5257 5261 5244
f 5257 5244 5246
f 4661 5262 5263
f 4661 5263 5264
f 5262 5265 5266
f 5262 5266 5263
f 5264 5263 5267
f 5264 5267 5268
f 5263 5266 5269
f 5263 5269 5267
f 5270 3425 5271
f 5270 5271 5272
f 5272 5271 5273
f 5272 5273 5274
f 5265 5270 5272
f 5265 5272 5266
f 5266 5272 5274
f 5266 5274 5269
f 5275 5276 5277
f 5275 5277 5278
f 5276 5279 5280
f 5276 5280 5277
f 5278 5277 5274
f 5278 5274 5273
f 5277 5280 5269
f 5277 5269 5274
f 5281 5282 5283
f 5281 5283 5284
f 5284 5283 5268
f 5284 5268 5267
f 5279 5281 5284
f 5279 5284 5280
f 5280 5284 5267
f 5280 5267 5269
f 2659 5285 5286
f 2659 5286 5287
f 5285 5288 5289
f 5285 5289 5286
f 5287 5286 5290
f 5287 5290 5291
f 5286 5289 5292
f 5286 5292 5290
f 5293 4646 5294
f 5293 5294 5295
f 5295 5294 5296
f 5295 5296 5297
f 5288 5293 5295
f 5288 5295 5289
f 5289 5295 5297
f 5289 5297 5292
f 5298 5299 5300
f 5298 5300 5301
f 5299 5302 5303
f 5299 5303 5300
f 5301 5300 5297
f 5301 5297 5296
f 5300 5303 5292
f 5300 5292 5297
f 5304 5305 5306
f 5304 5306 5307
f 5307 5306 5291
f 5307 5291 5290
f 5302 5304 5307
f 5302 5307 5303
f 5303 5307 5290
f 5303 5290 5292
f 2679 5308 5309
f 2679 5309 5310
f 5308 5311 5312
f 5308 5312 5309
f 5310 5309 5313
f 5310 5313 5314
f 5309 5312 5315
f 5309 5315 5313
f 5316 4666 5317
f 5316 5317 5318
f 5318 5317 5319
f 5318 5319 5320
f 5311 5316 5318
f 5311 5318 5312
f 5312 5318 5320
f 5312 5320 5315
f 5321 5322 5323
f 5321 5323 5324
f 5322 5325 5326
f 5322 5326 5323
f 5324 5323 5320
f 5324 5320 5319
f 5323 5326 5315
f 5323 5315 5320
f 5327 5328 5329
f 5327 5329 5330
f 5330 5329 5314
f 5330 5314 5313
f 5325 5327 5330
f 5325 5330 5326
f 5326 5330 5313
f 5326 5313 5315
f 4955 5173 5331
f 4955 5331 5332
f 5173 5171 5333
f 5173 5333 5331
f 5332 5331 5334
f 5332 5334 5335
f 5331 5333 5336
f 5331 5336 5334
f 5168 5167 5337
f 5168 5337 5338
f 5338 5337 5339
f 5338 5339 5340
f 5171 5168 5338
f 5171 5338 5333
f 5333 5338 5340
f 5333 5340 5336
f 5341 5342 5343
f 5341 5343 5344
f 5342 5345 5346
f 5342 5346 5343
f 5344 5343 5340
f 5344 5340 5339
f 5343 5346 5336
f 5343 5336 5340
f 5347 5305 5348
f 5347 5348 5349
f 5349 5348 5335
f 5349 5335 5334
f 5345 5347 5349
f 5345 5349 5346
f 5346 5349 5334
f 5346 5334 5336
f 4997 5189 5350
f 4997 5350 5351
f 5189 5187 5352
f 5189 5352 5350
f 5351 5350 5353
f 5351 5353 5354
f 5350 5352 5355
f 5350 5355 5353
f 5184 5183 5356
f 5184 5356 5357
f 5357 5356 5358
f 5357 5358 5359
f 5187 5184 5357
f 5187 5357 5352
f 5352 5357 5359
f 5352 5359 5355
f 5360 5361 5362
f 5360 5362 5363
f 5361 5364 5365
f 5361 5365 5362
f 5363 5362 5359
f 5363 5359 5358
f 5362 5365 5355
f 5362 5355 5359
f 5366 5328 5367
f 5366 5367 5368
f 5368 5367 5354
f 5368 5354 5353
f 5364 5366 5368
f 5364 5368 5365
f 5365 5368 5353
f 5365 5353 5355
f 5167 5201 5369
f 5167 5369 5337
f 5201 5199 5370
f 5201 5370 5369
f 5337 5369 5371
f 5337 5371 5339
f 5369 5370 5372
f 5369 5372 5371
f 5197 4874 5373
f 5197 5373 5374
f 5374 5373 5375
f 5374 5375 5376
f 5199 5197 5374
f 5199 5374 5370
f 5370 5374 5376
f 5370 5376 5372
f 5275 5377 5378
f 5275 5378 5379
f 5377 5380 5381
f 5377 5381 5378
f 5379 5378 5376
f 5379 5376 5375
f 5378 5381 5372
f 5378 5372 5376
f 5382 5341 5344
f 5382 5344 5383
f 5383 5344 5339
f 5383 5339 5371
f 5380 5382 5383
f 5380 5383 5381
f 5381 5383 5371
f 5381 5371 5372
f 5183 5213 5384
f 5183 5384 5356
f 5213 5211 5385
f 5213 5385 5384
f 5356 5384 5386
f 5356 5386 5358
f 5384 5385 5387
f 5384 5387 5386
f 5209 4849 5388
f 5209 5388 5389
f 5389 5388 5390
f 5389 5390 5391
f 5211 5209 5389
f 5211 5389 5385
f 5385 5389 5391
f 5385 5391 5387
f 5252 5392 5393
f 5252 5393 5394
f 5392 5395 5396
f 5392 5396 5393
f 5394 5393 5391
f 5394 5391 5390
f 5393 5396 5387
f 5393 5387 5391
f 5397 5360 5363
f 5397 5363 5398
f 5398 5363 5358
f 5398 5358 5386
f 5395 5397 5398
f 5395 5398 5396
f 5396 5398 5386
f 5396 5386 5387
f 4839 5225 5399
f 4839 5399 5400
f 5225 5223 5401
f 5225 5401 5399
f 5400 5399 5402
f 5400 5402 5403
f 5399 5401 5404
f 5399 5404 5402
f 5221 4965 5405
f 5221 5405 5406
f 5406 5405 5407
f 5406 5407 5408
f 5223 5221 5406
f 5223 5406 5401
f 5401 5406 5408
f 5401 5408 5404
f 5298 5409 5410
f 5298 5410 5411
f 5409 5412 5413
f 5409 5413 5410
f 5411 5410 5408
f 5411 5408 5407
f 5410 5413 5404
f 5410 5404 5408
f 5414 5259 5415
f 5414 5415 5416
f 5416 5415 5403
f 5416 5403 5402
f 5412 5414 5416
f 5412 5416 5413
f 5413 5416 5402
f 5413 5402 5404
f 4864 5237 5417
f 4864 5417 5418
f 5237 5235 5419
f 5237 5419 5417
f 5418 5417 5420
f 5418 5420 5421
f 5417 5419 5422
f 5417 5422 5420
f 5233 5007 5423
f 5233 5423 5424
f 5424 5423 5425
f 5424 5425 5426
f 5235 5233 5424
f 5235 5424 5419
f 5419 5424 5426
f 5419 5426 5422
f 5321 5427 5428
f 5321 5428 5429
f 5427 5430 5431
f 5427 5431 5428
f 5429 5428 5426
f 5429 5426 5425
f 5428 5431 5422
f 5428 5422 5426
f 5432 5282 5433
f 5432 5433 5434
f 5434 5433 5421
f 5434 5421 5420
f 5430 5432 5434
f 5430 5434 5431
f 5431 5434 5420
f 5431 5420 5422
f 887 4263 5435
f 887 5435 4634
f 4263 4261 5436
f 4263 5436 5435
f 4634 5435 5437
f 4634 5437 4636
f 5435 5436 5438
f 5435 5438 5437
f 4259 3015 3467
f 4259 3467 5439
f 5439 3467 3465
f 5439 3465 5440
f 4261 4259 5439
f 4261 5439 5436
f 5436 5439 5440
f 5436 5440 5438
f 3461 5247 5441
f 3461 5441 3462
f 5247 5242 5442
f 5247 5442 5441
f 3462 5441 5440
f 3462 5440 3465
f 5441 5442 5438
f 5441 5438 5440
f 5239 4641 4640
f 5239 4640 5443
f 5443 4640 4636
f 5443 4636 5437
f 5242 5239 5443
f 5242 5443 5442
f 5442 5443 5437
f 5442 5437 5438
f 1964 1967 5444
f 1964 5444 4654
f 1967 1962 5445
f 1967 5445 5444
f 4654 5444 5446
f 4654 5446 4656
f 5444 5445 5447
f 5444 5447 5446
f 1960 1959 3431
f 1960 3431 5448
f 5448 3431 3429
f 5448 3429 5449
f 1962 1960 5448
f 1962 5448 5445
f 5445 5448 5449
f 5445 5449 5447
f 3425 5270 5450
f 3425 5450 3426
f 5270 5265 5451
f 5270 5451 5450
f 3426 5450 5449
f 3426 5449 3429
f 5450 5451 5447
f 5450 5447 5449
f 5262 4661 4660
f 5262 4660 5452
f 5452 4660 4656
f 5452 4656 5446
f 5265 5262 5452
f 5265 5452 5451
f 5451 5452 5446
f 5451 5446 5447
f 1974 3006 5453
f 1974 5453 2652
f 3006 3004 5454
f 3006 5454 5453
f 2652 5453 5455
f 2652 5455 2654
f 5453 5454 5456
f 5453 5456 5455
f 3002 894 4652
f 3002 4652 5457
f 5457 4652 4650
f 5457 4650 5458
f 3004 3002 5457
f 3004 5457 5454
f 5454 5457 5458
f 5454 5458 5456
f 4646 5293 5459
f 4646 5459 4647
f 5293 5288 5460
f 5293 5460 5459
f 4647 5459 5458
f 4647 5458 4650
f 5459 5460 5456
f 5459 5456 5458
f 5285 2659 2658
f 5285 2658 5461
f 5461 2658 2654
f 5461 2654 5455
f 5288 5285 5461
f 5288 5461 5460
f 5460 5461 5455
f 5460 5455 5456
f 1999 3045 5462
f 1999 5462 2672
f 3045 3043 5463
f 3045 5463 5462
f 2672 5462 5464
f 2672 5464 2674
f 5462 5463 5465
f 5462 5465 5464
f 3040 3039 4672
f 3040 4672 5466
f 5466 4672 4670
f 5466 4670 5467
f 3043 3040 5466
f 3043 5466 5463
f 5463 5466 5467
f 5463 5467 5465
f 4666 5316 5468
f 4666 5468 4667
f 5316 5311 5469
f 5316 5469 5468
f 4667 5468 5467
f 4667 5467 4670
f 5468 5469 5465
f 5468 5465 5467
f 5308 2679 2678
f 5308 2678 5470
f 5470 2678 2674
f 5470 2674 5464
f 5311 5308 5470
f 5311 5470 5469
f 5469 5470 5464
f 5469 5464 5465
f 5252 5394 5471
f 5252 5471 5253
f 5394 5390 5472
f 5394 5472 5471
f 5253 5471 5473
f 5253 5473 5256
f 5471 5472 5474
f 5471 5474 5473
f 5388 4849 4848
f 5388 4848 5475
f 5475 4848 4843
f 5475 4843 5476
f 5390 5388 5475
f 5390 5475 5472
f 5472 5475 5476
f 5472 5476 5474
f 4839 5400 5477
f 4839 5477 4840
f 5400 5403 5478
f 5400 5478 5477
f 4840 5477 5476
f 4840 5476 4843
f 5477 5478 5474
f 5477 5474 5476
f 5415 5259 5258
f 5415 5258 5479
f 5479 5258 5256
f 5479 5256 5473
f 5403 5415 5479
f 5403 5479 5478
f 5478 5479 5473
f 5478 5473 5474
f 5275 5379 5480
f 5275 5480 5276
f 5379 5375 5481
f 5379 5481 5480
f 5276 5480 5482
f 5276 5482 5279
f 5480 5481 5483
f 5480 5483 5482
f 5373 4874 4873
f 5373 4873 5484
f 5484 4873 4868
f 5484 4868 5485
f 5375 5373 5484
f 5375 5484 5481
f 5481 5484 5485
f 5481 5485 5483
f 4864 5418 5486
f 4864 5486 4865
f 5418 5421 5487
f 5418 5487 5486
f 4865 5486 5485
f 4865 5485 4868
f 5486 5487 5483
f 5486 5483 5485
f 5433 5282 5281
f 5433 5281 5488
f 5488 5281 5279
f 5488 5279 5482
f 5421 5433 5488
f 5421 5488 5487
f 5487 5488 5482
f 5487 5482 5483
f 5298 5411 5489
f 5298 5489 5299
f 5411 5407 5490
f 5411 5490 5489
f 5299 5489 5491
f 5299 5491 5302
f 5489 5490 5492
f 5489 5492 5491
f 5405 4965 4964
f 5405 4964 5493
f 5493 4964 4959
f 5493 4959 5494
f 5407 5405 5493
f 5407 5493 5490
f 5490 5493 5494
f 5490 5494 5492
f 4955 5332 5495
f 4955 5495 4956
f 5332 5335 5496
f 5332 5496 5495
f 4956 5495 5494
f 4956 5494 4959
f 5495 5496 5492
f 5495 5492 5494
f 5348 5305 5304
f 5348 5304 5497
f 5497 5304 5302
f 5497 5302 5491
f 5335 5348 5497
f 5335 5497 5496
f 5496 5497 5491
f 5496 5491 5492
f 5321 5429 5498
f 5321 5498 5322
f 5429 5425 5499
f 5429 5499 5498
f 5322 5498 5500
f 5322 5500 5325
f 5498 5499 5501
f 5498 5501 5500
f 5423 5007 5006
f 5423 5006 5502
f 5502 5006 5001
f 5502 5001 5503
f 5425 5423 5502
f 5425 5502 5499
f 5499 5502 5503
f 5499 5503 5501
f 4997 5351 5504
f 4997 5504 4998
f 5351 5354 5505
f 5351 5505 5504
f 4998 5504 5503
f 4998 5503 5001
f 5504 5505 5501
f 5504 5501 5503
f 5367 5328 5327
f 5367 5327 5506
f 5506 5327 5325
f 5506 5325 5500
f 5354 5367 5506
f 5354 5506 5505
f 5505 5506 5500
f 5505 5500 5501
f 5341 5507 5508
f 5341 5508 5342
f 5507 5509 5510
f 5507 5510 5508
f 5342 5508 5511
f 5342 5511 5345
f 5508 5510 5512
f 5508 5512 5511
f 5513 2664 2667
f 5513 2667 5514
f 5514 2667 2662
f 5514 2662 5515
f 5509 5513 5514
f 5509 5514 5510
f 5510 5514 5515
f 5510 5515 5512
f 2659 5287 5516
f 2659 5516 2660
f 5287 5291 5517
f 5287 5517 5516
f 2660 5516 5515
f 2660 5515 2662
f 5516 5517 5512
f 5516 5512 5515
f 5306 5305 5347
f 5306 5347 5518
f 5518 5347 5345
f 5518 5345 5511
f 5291 5306 5518
f 5291 5518 5517
f 5517 5518 5511
f 5517 5511 5512
f 5360 5519 5520
f 5360 5520 5361
f 5519 5521 5522
f 5519 5522 5520
f 5361 5520 5523
f 5361 5523 5364
f 5520 5522 5524
f 5520 5524 5523
f 5525 2684 2687
f 5525 2687 5526
f 5526 2687 2682
f 5526 2682 5527
f 5521 5525 5526
f 5521 5526 5522
f 5522 5526 5527
f 5522 5527 5524
f 2679 5310 5528
f 2679 5528 2680
f 5310 5314 5529
f 5310 5529 5528
f 2680 5528 5527
f 2680 5527 2682
f 5528 5529 5524
f 5528 5524 5527
f 5329 5328 5366
f 5329 5366 5530
f 5530 5366 5364
f 5530 5364 5523
f 5314 5329 5530
f 5314 5530 5529
f 5529 5530 5523
f 5529 5523 5524
f 5275 5278 5531
f 5275 5531 5377
f 5278 5273 5532
f 5278 5532 5531
f 5377 5531 5533
f 5377 5533 5380
f 5531 5532 5534
f 5531 5534 5533
f 5271 3425 3428
f 5271 3428 5535
f 5535 3428 3423
f 5535 3423 5536
f 5273 5271 5535
f 5273 5535 5532
f 5532 5535 5536
f 5532 5536 5534
f 2664 5513 5537
f 2664 5537 3421
f 5513 5509 5538
f 5513 5538 5537
f 3421 5537 5536
f 3421 5536 3423
f 5537 5538 5534
f 5537 5534 5536
f 5507 5341 5382
f 5507 5382 5539
f 5539 5382 5380
f 5539 5380 5533
f 5509 5507 5539
f 5509 5539 5538
f 5538 5539 5533
f 5538 5533 5534
f 5252 5255 5540
f 5252 5540 5392
f 5255 5250 5541
f 5255 5541 5540
f 5392 5540 5542
f 5392 5542 5395
f 5540 5541 5543
f 5540 5543 5542
f 5248 3461 3464
f 5248 3464 5544
f 5544 3464 3459
f 5544 3459 5545
f 5250 5248 5544
f 5250 5544 5541
f 5541 5544 5545
f 5541 5545 5543
f 2684 5525 5546
f 2684 5546 3457
f 5525 5521 5547
f 5525 5547 5546
f 3457 5546 5545
f 3457 5545 3459
f 5546 5547 5543
f 5546 5543 5545
f 5519 5360 5397
f 5519 5397 5548
f 5548 5397 5395
f 5548 5395 5542
f 5521 5519 5548
f 5521 5548 5547
f 5547 5548 5542
f 5547 5542 5543
f 5298 5301 5549
f 5298 5549 5409
f 5301 5296 5550
f 5301 5550 5549
f 5409 5549 5551
f 5409 5551 5412
f 5549 5550 5552
f 5549 5552 5551
f 5294 4646 4649
f 5294 4649 5553
f 5553 4649 4644
f 5553 4644 5554
f 5296 5294 5553
f 5296 5553 5550
f 5550 5553 5554
f 5550 5554 5552
f 4641 5241 5555
f 4641 5555 4642
f 5241 5245 5556
f 5241 5556 5555
f 4642 5555 5554
f 4642 5554 4644
f 5555 5556 5552
f 5555 5552 5554
f 5260 5259 5414
f 5260 5414 5557
f 5557 5414 5412
f 5557 5412 5551
f 5245 5260 5557
f 5245 5557 5556
f 5556 5557 5551
f 5556 5551 5552
f 5321 5324 5558
f 5321 5558 5427
f 5324 5319 5559
f 5324 5559 5558
f 5427 5558 5560
f 5427 5560 5430
f 5558 5559 5561
f 5558 5561 5560
f 5317 4666 4669
f 5317 4669 5562
f 5562 4669 4664
f 5562 4664 5563
f 5319 5317 5562
f 5319 5562 5559
f 5559 5562 5563
f 5559 5563 5561
f 4661 5264 5564
f 4661 5564 4662
f 5264 5268 5565
f 5264 5565 5564
f 4662 5564 5563
f 4662 5563 4664
f 5564 5565 5561
f 5564 5561 5563
f 5283 5282 5432
f 5283 5432 5566
f 5566 5432 5430
f 5566 5430 5560
f 5268 5283 5566
f 5268 5566 5565
f 5565 5566 5560
f 5565 5560 5561
f 5567 5568 5569
f 5567 5569 5570
f 5568 5571 5572
f 5568 5572 5569
f 5570 5569 5573
f 5570 5573 5574
f 5569 5572 5575
f 5569 5575 5573
f 5576 5577 5578
f 5576 5578 5579
f 5579 5578 5580
f 5579 5580 5581
f 5571 5576 5579
f 5571 5579 5572
f 5572 5579 5581
f 5572 5581 5575
f 5582 5583 5584
f 5582 5584 5585
f 5583 5586 5587
f 5583 5587 5584
f 5585 5584 5581
f 5585 5581 5580
f 5584 5587 5575
f 5584 5575 5581
f 5588 5589 5590
f 5588 5590 5591
f 5591 5590 5574
f 5591 5574 5573
f 5586 5588 5591
f 5586 5591 5587
f 5587 5591 5573
f 5587 5573 5575
f 5589 5588 5592
f 5589 5592 5593
f 5588 5586 5594
f 5588 5594 5592
f 5593 5592 5595
f 5593 5595 5596
f 5592 5594 5597
f 5592 5597 5595
f 5583 5582 5598
f 5583 5598 5599
f 5599 5598 5600
f 5599 5600 5601
f 5586 5583 5599
f 5586 5599 5594
f 5594 5599 5601
f 5594 5601 5597
f 5602 5603 5604
f 5602 5604 5605
f 5603 5606 5607
f 5603 5607 5604
f 5605 5604 5601
f 5605 5601 5600
f 5604 5607 5597
f 5604 5597 5601
f 5608 5609 5610
f 5608 5610 5611
f 5611 5610 5596
f 5611 5596 5595
f 5606 5608 5611
f 5606 5611 5607
f 5607 5611 5595
f 5607 5595 5597
f 5609 5608 5612
f 5609 5612 5613
f 5608 5606 5614
f 5608 5614 5612
f 5613 5612 5615
f 5613 5615 5616
f 5612 5614 5617
f 5612 5617 5615
f 5603 5602 5618
f 5603 5618 5619
f 5619 5618 5620
f 5619 5620 5621
f 5606 5603 5619
f 5606 5619 5614
f 5614 5619 5621
f 5614 5621 5617
f 5577 5576 5622
f 5577 5622 5623
f 5576 5571 5624
f 5576 5624 5622
f 5623 5622 5621
f 5623 5621 5620
f 5622 5624 5617
f 5622 5617 5621
f 5568 5567 5625
f 5568 5625 5626
f 5626 5625 5616
f 5626 5616 5615
f 5571 5568 5626
f 5571 5626 5624
f 5624 5626 5615
f 5624 5615 5617
f 5627 5628 5629
f 5627 5629 5630
f 5628 5631 5632
f 5628 5632 5629
f 5630 5629 5633
f 5630 5633 5634
f 5629 5632 5635
f 5629 5635 5633
f 5636 5637 5638
f 5636 5638 5639
f 5639 5638 5640
f 5639 5640 5641
f 5631 5636 5639
f 5631 5639 5632
f 5632 5639 5641
f 5632 5641 5635
f 5642 5643 5644
f 5642 5644 5645
f 5643 5634 5633
f 5643 5633 5644
f 5645 5644 5641
f 5645 5641 5640
f 5644 5633 5635
f 5644 5635 5641
f 5646 5647 5648
f 5646 5648 5649
f 5647 5650 5651
f 5647 5651 5648
f 5649 5648 5652
f 5649 5652 5653
f 5648 5651 5654
f 5648 5654 5652
f 5655 5656 5657
f 5655 5657 5658
f 5658 5657 5659
f 5658 5659 5660
f 5650 5655 5658
f 5650 5658 5651
f 5651 5658 5660
f 5651 5660 5654
f 5661 5662 5663
f 5661 5663 5664
f 5662 5653 5652
f 5662 5652 5663
f 5664 5663 5660
f 5664 5660 5659
f 5663 5652 5654
f 5663 5654 5660
f 5665 5666 5667
f 5665 5667 5668
f 5666 5669 5670
f 5666 5670 5667
f 5668 5667 5671
f 5668 5671 5672
f 5667 5670 5673
f 5667 5673 5671
f 5674 5675 5676
f 5674 5676 5677
f 5677 5676 5678
f 5677 5678 5679
f 5669 5674 5677
f 5669 5677 5670
f 5670 5677 5679
f 5670 5679 5673
f 5680 5681 5682
f 5680 5682 5683
f 5681 5684 5685
f 5681 5685 5682
f 5683 5682 5679
f 5683 5679 5678
f 5682 5685 5673
f 5682 5673 5679
f 5686 5687 5688
f 5686 5688 5689
f 5689 5688 5672
f 5689 5672 5671
f 5684 5686 5689
f 5684 5689 5685
f 5685 5689 5671
f 5685 5671 5673
f 5687 5686 5690
f 5687 5690 5691
f 5686 5684 5692
f 5686 5692 5690
f 5691 5690 5693
f 5691 5693 5694
f 5690 5692 5695
f 5690 5695 5693
f 5681 5680 5696
f 5681 5696 5697
f 5697 5696 5698
f 5697 5698 5699
f 5684 5681 5697
f 5684 5697 5692
f 5692 5697 5699
f 5692 5699 5695
f 5700 5701 5702
f 5700 5702 5703
f 5701 5704 5705
f 5701 5705 5702
f 5703 5702 5699
f 5703 5699 5698
f 5702 5705 5695
f 5702 5695 5699
f 5706 5707 5708
f 5706 5708 5709
f 5709 5708 5694
f 5709 5694 5693
f 5704 5706 5709
f 5704 5709 5705
f 5705 5709 5693
f 5705 5693 5695
f 5707 5706 5710
f 5707 5710 5711
f 5706 5704 5712
f 5706 5712 5710
f 5711 5710 5713
f 5711 5713 5714
f 5710 5712 5715
f 5710 5715 5713
f 5701 5700 5716
f 5701 5716 5717
f 5717 5716 5718
f 5717 5718 5719
f 5704 5701 5717
f 5704 5717 5712
f 5712 5717 5719
f 5712 5719 5715
f 5675 5674 5720
f 5675 5720 5721
f 5674 5669 5722
f 5674 5722 5720
f 5721 5720 5719
f 5721 5719 5718
f 5720 5722 5715
f 5720 5715 5719
f 5666 5665 5723
f 5666 5723 5724
f 5724 5723 5714
f 5724 5714 5713
f 5669 5666 5724
f 5669 5724 5722
f 5722 5724 5713
f 5722 5713 5715
f 5687 5691 5725
f 5687 5725 5688
f 5691 5694 5726
f 5691 5726 5725
f 5688 5725 5727
f 5688 5727 5672
f 5725 5726 5728
f 5725 5728 5727
f 5708 5707 5711
f 5708 5711 5729
f 5729 5711 5714
f 5729 5714 5730
f 5694 5708 5729
f 5694 5729 5726
f 5726 5729 5730
f 5726 5730 5728
f 5665 5668 5731
f 5665 5731 5723
f 5668 5672 5727
f 5668 5727 5731
f 5723 5731 5730
f 5723 5730 5714
f 5731 5727 5728
f 5731 5728 5730
f 5732 5733 5734
f 5732 5734 5735
f 5733 5736 5737
f 5733 5737 5734
f 5735 5734 5738
f 5735 5738 5739
f 5734 5737 5740
f 5734 5740 5738
f 5741 5742 5743
f 5741 5743 5744
f 5744 5743 5745
f 5744 5745 5746
f 5736 5741 5744
f 5736 5744 5737
f 5737 5744 5746
f 5737 5746 5740
f 5747 5748 5749
f 5747 5749 5750
f 5748 5739 5738
f 5748 5738 5749
f 5750 5749 5746
f 5750 5746 5745
f 5749 5738 5740
f 5749 5740 5746
f 5751 5752 5753
f 5751 5753 5754
f 5752 5755 5756
f 5752 5756 5753
f 5754 5753 5757
f 5754 5757 5758
f 5753 5756 5759
f 5753 5759 5757
f 5760 5761 5762
f 5760 5762 5763
f 5763 5762 5764
f 5763 5764 5765
f 5755 5760 5763
f 5755 5763 5756
f 5756 5763 5765
f 5756 5765 5759
f 5766 5767 5768
f 5766 5768 5769
f 5767 5770 5771
f 5767 5771 5768
f 5769 5768 5765
f 5769 5765 5764
f 5768 5771 5759
f 5768 5759 5765
f 5772 5773 5774
f 5772 5774 5775
f 5775 5774 5758
f 5775 5758 5757
f 5770 5772 5775
f 5770 5775 5771
f 5771 5775 5757
f 5771 5757 5759
f 5773 5772 5776
f 5773 5776 5777
f 5772 5770 5778
f 5772 5778 5776
f 5777 5776 5779
f 5777 5779 5780
f 5776 5778 5781
f 5776 5781 5779
f 5767 5766 5782
f 5767 5782 5783
f 5783 5782 5784
f 5783 5784 5785
f 5770 5767 5783
f 5770 5783 5778
f 5778 5783 5785
f 5778 5785 5781
f 5786 5787 5788
f 5786 5788 5789
f 5787 5790 5791
f 5787 5791 5788
f 5789 5788 5785
f 5789 5785 5784
f 5788 5791 5781
f 5788 5781 5785
f 5792 5793 5794
f 5792 5794 5795
f 5795 5794 5780
f 5795 5780 5779
f 5790 5792 5795
f 5790 5795 5791
f 5791 5795 5779
f 5791 5779 5781
f 5793 5792 5796
f 5793 5796 5797
f 5792 5790 5798
f 5792 5798 5796
f 5797 5796 5799
f 5797 5799 5800
f 5796 5798 5801
f 5796 5801 5799
f 5787 5786 5802
f 5787 5802 5803
f 5803 5802 5804
f 5803 5804 5805
f 5790 5787 5803
f 5790 5803 5798
f 5798 5803 5805
f 5798 5805 5801
f 5761 5760 5806
f 5761 5806 5807
f 5760 5755 5808
f 5760 5808 5806
f 5807 5806 5805
f 5807 5805 5804
f 5806 5808 5801
f 5806 5801 5805
f 5752 5751 5809
f 5752 5809 5810
f 5810 5809 5800
f 5810 5800 5799
f 5755 5752 5810
f 5755 5810 5808
f 5808 5810 5799
f 5808 5799 5801
f 5773 5777 5811
f 5773 5811 5774
f 5777 5780 5812
f 5777 5812 5811
f 5774 5811 5813
f 5774 5813 5758
f 5811 5812 5814
f 5811 5814 5813
f 5794 5793 5797
f 5794 5797 5815
f 5815 5797 5800
f 5815 5800 5816
f 5780 5794 5815
f 5780 5815 5812
f 5812 5815 5816
f 5812 5816 5814
f 5751 5754 5817
f 5751 5817 5809
f 5754 5758 5813
f 5754 5813 5817
f 5809 5817 5816
f 5809 5816 5800
f 5817 5813 5814
f 5817 5814 5816
f 5818 5819 5820
f 5818 5820 5821
f 5819 5822 5823
f 5819 5823 5820
f 5821 5820 5824
f 5821 5824 5825
f 5820 5823 5826
f 5820 5826 5824
f 5827 5828 5829
f 5827 5829 5830
f 5830 5829 5831
f 5830 5831 5832
f 5822 5827 5830
f 5822 5830 5823
f 5823 5830 5832
f 5823 5832 5826
f 5833 5834 5835
f 5833 5835 5836
f 5834 5825 5824
f 5834 5824 5835
f 5836 5835 5832
f 5836 5832 5831
f 5835 5824 5826
f 5835 5826 5832
f 5837 5838 5839
f 5837 5839 5840
f 5838 5841 5842
f 5838 5842 5839
f 5840 5839 5843
f 5840 5843 5844
f 5839 5842 5845
f 5839 5845 5843
f 5846 5847 5848
f 5846 5848 5849
f 5849 5848 5850
f 5849 5850 5851
f 5841 5846 5849
f 5841 5849 5842
f 5842 5849 5851
f 5842 5851 5845
f 5852 5853 5854
f 5852 5854 5855
f 5853 5856 5857
f 5853 5857 5854
f 5855 5854 5851
f 5855 5851 5850
f 5854 5857 5845
f 5854 5845 5851
f 5858 5859 5860
f 5858 5860 5861
f 5861 5860 5844
f 5861 5844 5843
f 5856 5858 5861
f 5856 5861 5857
f 5857 5861 5843
f 5857 5843 5845
f 5859 5858 5862
f 5859 5862 5863
f 5858 5856 5864
f 5858 5864 5862
f 5863 5862 5865
f 5863 5865 5866
f 5862 5864 5867
f 5862 5867 5865
f 5853 5852 5868
f 5853 5868 5869
f 5869 5868 5870
f 5869 5870 5871
f 5856 5853 5869
f 5856 5869 5864
f 5864 5869 5871
f 5864 5871 5867
f 5872 5873 5874
f 5872 5874 5875
f 5873 5876 5877
f 5873 5877 5874
f 5875 5874 5871
f 5875 5871 5870
f 5874 5877 5867
f 5874 5867 5871
f 5878 5879 5880
f 5878 5880 5881
f 5881 5880 5866
f 5881 5866 5865
f 5876 5878 5881
f 5876 5881 5877
f 5877 5881 5865
f 5877 5865 5867
f 5879 5878 5882
f 5879 5882 5883
f 5878 5876 5884
f 5878 5884 5882
f 5883 5882 5885
f 5883 5885 5886
f 5882 5884 5887
f 5882 5887 5885
f 5873 5872 5888
f 5873 5888 5889
f 5889 5888 5890
f 5889 5890 5891
f 5876 5873 5889
f 5876 5889 5884
f 5884 5889 5891
f 5884 5891 5887
f 5847 5846 5892
f 5847 5892 5893
f 5846 5841 5894
f 5846 5894 5892
f 5893 5892 5891
f 5893 5891 5890
f 5892 5894 5887
f 5892 5887 5891
f 5838 5837 5895
f 5838 5895 5896
f 5896 5895 5886
f 5896 5886 5885
f 5841 5838 5896
f 5841 5896 5894
f 5894 5896 5885
f 5894 5885 5887
f 5859 5863 5897
f 5859 5897 5860
f 5863 5866 5898
f 5863 5898 5897
f 5860 5897 5899
f 5860 5899 5844
f 5897 5898 5900
f 5897 5900 5899
f 5880 5879 5883
f 5880 5883 5901
f 5901 5883 5886
f 5901 5886 5902
f 5866 5880 5901
f 5866 5901 5898
f 5898 5901 5902
f 5898 5902 5900
f 5837 5840 5903
f 5837 5903 5895
f 5840 5844 5899
f 5840 5899 5903
f 5895 5903 5902
f 5895 5902 5886
f 5903 5899 5900
f 5903 5900 5902
f 5904 5905 5906
f 5904 5906 5907
f 5905 5908 5909
f 5905 5909 5906
f 5907 5906 5910
f 5907 5910 5911
f 5906 5909 5912
f 5906 5912 5910
f 5913 5914 5915
f 5913 5915 5916
f 5916 5915 5917
f 5916 5917 5918
f 5908 5913 5916
f 5908 5916 5909
f 5909 5916 5918
f 5909 5918 5912
f 5919 5920 5921
f 5919 5921 5922
f 5920 5911 5910
f 5920 5910 5921
f 5922 5921 5918
f 5922 5918 5917
f 5921 5910 5912
f 5921 5912 5918
f 5923 5924 5925
f 5923 5925 5926
f 5924 5927 5928
f 5924 5928 5925
f 5926 5925 5929
f 5926 5929 5930
f 5925 5928 5931
f 5925 5931 5929
f 5932 5933 5934
f 5932 5934 5935
f 5935 5934 5936
f 5935 5936 5937
f 5927 5932 5935
f 5927 5935 5928
f 5928 5935 5937
f 5928 5937 5931
f 5938 5939 5940
f 5938 5940 5941
f 5939 5942 5943
f 5939 5943 5940
f 5941 5940 5937
f 5941 5937 5936
f 5940 5943 5931
f 5940 5931 5937
f 5944 5945 5946
f 5944 5946 5947
f 5947 5946 5930
f 5947 5930 5929
f 5942 5944 5947
f 5942 5947 5943
f 5943 5947 5929
f 5943 5929 5931
f 5945 5944 5948
f 5945 5948 5949
f 5944 5942 5950
f 5944 5950 5948
f 5949 5948 5951
f 5949 5951 5952
f 5948 5950 5953
f 5948 5953 5951
f 5939 5938 5954
f 5939 5954 5955
f 5955 5954 5956
f 5955 5956 5957
f 5942 5939 5955
f 5942 5955 5950
f 5950 5955 5957
f 5950 5957 5953
f 5958 5959 5960
f 5958 5960 5961
f 5959 5962 5963
f 5959 5963 5960
f 5961 5960 5957
f 5961 5957 5956
f 5960 5963 5953
f 5960 5953 5957
f 5964 5965 5966
f 5964 5966 5967
f 5967 5966 5952
f 5967 5952 5951
f 5962 5964 5967
f 5962 5967 5963
f 5963 5967 5951
f 5963 5951 5953
f 5965 5964 5968
f 5965 5968 5969
f 5964 5962 5970
f 5964 5970 5968
f 5969 5968 5971
f 5969 5971 5972
f 5968 5970 5973
f 5968 5973 5971
f 5959 5958 5974
f 5959 5974 5975
f 5975 5974 5976
f 5975 5976 5977
f 5962 5959 5975
f 5962 5975 5970
f 5970 5975 5977
f 5970 5977 5973
f 5933 5932 5978
f 5933 5978 5979
f 5932 5927 5980
f 5932 5980 5978
f 5979 5978 5977
f 5979 5977 5976
f 5978 5980 5973
f 5978 5973 5977
f 5924 5923 5981
f 5924 5981 5982
f 5982 5981 5972
f 5982 5972 5971
f 5927 5924 5982
f 5927 5982 5980
f 5980 5982 5971
f 5980 5971 5973
f 5945 5949 5983
f 5945 5983 5946
f 5949 5952 5984
f 5949 5984 5983
f 5946 5983 5985
f 5946 5985 5930
f 5983 5984 5986
f 5983 5986 5985
f 5966 5965 5969
f 5966 5969 5987
f 5987 5969 5972
f 5987 5972 5988
f 5952 5966 5987
f 5952 5987 5984
f 5984 5987 5988
f 5984 5988 5986
f 5923 5926 5989
f 5923 5989 5981
f 5926 5930 5985
f 5926 5985 5989
f 5981 5989 5988
f 5981 5988 5972
f 5989 5985 5986
f 5989 5986 5988
f 5990 5991 5992
f 5990 5992 5993
f 5991 5994 5995
f 5991 5995 5992
f 5993 5992 5996
f 5993 5996 5997
f 5992 5995 5998
f 5992 5998 5996
f 5999 6000 6001
f 5999 6001 6002
f 6002 6001 6003
f 6002 6003 6004
f 5994 5999 6002
f 5994 6002 5995
f 5995 6002 6004
f 5995 6004 5998
f 6005 6006 6007
f 6005 6007 6008
f 6006 5997 5996
f 6006 5996 6007
f 6008 6007 6004
f 6008 6004 6003
f 6007 5996 5998
f 6007 5998 6004
f 6009 6010 6011
f 6009 6011 6012
f 6010 6013 6014
f 6010 6014 6011
f 6012 6011 6015
f 6012 6015 6016
f 6011 6014 6017
f 6011 6017 6015
f 6018 6019 6020
f 6018 6020 6021
f 6021 6020 6022
f 6021 6022 6023
f 6013 6018 6021
f 6013 6021 6014
f 6014 6021 6023
f 6014 6023 6017
f 6024 6025 6026
f 6024 6026 6027
f 6025 6028 6029
f 6025 6029 6026
f 6027 6026 6023
f 6027 6023 6022
f 6026 6029 6017
f 6026 6017 6023
f 6030 6031 6032
f 6030 6032 6033
f 6033 6032 6016
f 6033 6016 6015
f 6028 6030 6033
f 6028 6033 6029
f 6029 6033 6015
f 6029 6015 6017
f 6031 6030 6034
f 6031 6034 6035
f 6030 6028 6036
f 6030 6036 6034
f 6035 6034 6037
f 6035 6037 6038
f 6034 6036 6039
f 6034 6039 6037
f 6025 6024 6040
f 6025 6040 6041
f 6041 6040 6042
f 6041 6042 6043
f 6028 6025 6041
f 6028 6041 6036
f 6036 6041 6043
f 6036 6043 6039
f 6044 6045 6046
f 6044 6046 6047
f 6045 6048 6049
f 6045 6049 6046
f 6047 6046 6043
f 6047 6043 6042
f 6046 6049 6039
f 6046 6039 6043
f 6050 6051 6052
f 6050 6052 6053
f 6053 6052 6038
f 6053 6038 6037
f 6048 6050 6053
f 6048 6053 6049
f 6049 6053 6037
f 6049 6037 6039
f 6051 6050 6054
f 6051 6054 6055
f 6050 6048 6056
f 6050 6056 6054
f 6055 6054 6057
f 6055 6057 6058
f 6054 6056 6059
f 6054 6059 6057
f 6045 6044 6060
f 6045 6060 6061
f 6061 6060 6062
f 6061 6062 6063
f 6048 6045 6061
f 6048 6061 6056
f 6056 6061 6063
f 6056 6063 6059
f 6019 6018 6064
f 6019 6064 6065
f 6018 6013 6066
f 6018 6066 6064
f 6065 6064 6063
f 6065 6063 6062
f 6064 6066 6059
f 6064 6059 6063
f 6010 6009 6067
f 6010 6067 6068
f 6068 6067 6058
f 6068 6058 6057
f 6013 6010 6068
f 6013 6068 6066
f 6066 6068 6057
f 6066 6057 6059
f 6031 6035 6069
f 6031 6069 6032
f 6035 6038 6070
f 6035 6070 6069
f 6032 6069 6071
f 6032 6071 6016
f 6069 6070 6072
f 6069 6072 6071
f 6052 6051 6055
f 6052 6055 6073
f 6073 6055 6058
f 6073 6058 6074
f 6038 6052 6073
f 6038 6073 6070
f 6070 6073 6074
f 6070 6074 6072
f 6009 6012 6075
f 6009 6075 6067
f 6012 6016 6071
f 6012 6071 6075
f 6067 6075 6074
f 6067 6074 6058
f 6075 6071 6072
f 6075 6072 6074
f 6076 6077 6078
f 6076 6078 6079
f 6077 6080 6081
f 6077 6081 6078
f 6079 6078 6082
f 6079 6082 6083
f 6078 6081 6084
f 6078 6084 6082
f 6085 6086 6087
f 6085 6087 6088
f 6088 6087 6089
f 6088 6089 6090
f 6080 6085 6088
f 6080 6088 6081
f 6081 6088 6090
f 6081 6090 6084
f 6091 6092 6093
f 6091 6093 6094
f 6092 6083 6082
f 6092 6082 6093
f 6094 6093 6090
f 6094 6090 6089
f 6093 6082 6084
f 6093 6084 6090
f 6095 6096 6097
f 6095 6097 6098
f 6096 6099 6100
f 6096 6100 6097
f 6098 6097 6101
f 6098 6101 6102
f 6097 6100 6103
f 6097 6103 6101
f 6104 6105 6106
f 6104 6106 6107
f 6107 6106 6108
f 6107 6108 6109
f 6099 6104 6107
f 6099 6107 6100
f 6100 6107 6109
f 6100 6109 6103
f 6110 6111 6112
f 6110 6112 6113
f 6111 6114 6115
f 6111 6115 6112
f 6113 6112 6109
f 6113 6109 6108
f 6112 6115 6103
f 6112 6103 6109
f 6116 6117 6118
f 6116 6118 6119
f 6119 6118 6102
f 6119 6102 6101
f 6114 6116 6119
f 6114 6119 6115
f 6115 6119 6101
f 6115 6101 6103
f 6117 6116 6120
f 6117 6120 6121
f 6116 6114 6122
f 6116 6122 6120
f 6121 6120 6123
f 6121 6123 6124
f 6120 6122 6125
f 6120 6125 6123
f 6111 6110 6126
f 6111 6126 6127
f 6127 6126 6128
f 6127 6128 6129
f 6114 6111 6127
f 6114 6127 6122
f 6122 6127 6129
f 6122 6129 6125
f 6130 6131 6132
f 6130 6132 6133
f 6131 6134 6135
f 6131 6135 6132
f 6133 6132 6129
f 6133 6129 6128
f 6132 6135 6125
f 6132 6125 6129
f 6136 6137 6138
f 6136 6138 6139
f 6139 6138 6124
f 6139 6124 6123
f 6134 6136 6139
f 6134 6139 6135
f 6135 6139 6123
f 6135 6123 6125
f 6137 6136 6140
f 6137 6140 6141
f 6136 6134 6142
f 6136 6142 6140
f 6141 6140 6143
f 6141 6143 6144
f 6140 6142 6145
f 6140 6145 6143
f 6131 6130 6146
f 6131 6146 6147
f 6147 6146 6148
f 6147 6148 6149
f 6134 6131 6147
f 6134 6147 6142
f 6142 6147 6149
f 6142 6149 6145
f 6105 6104 6150
f 6105 6150 6151
f 6104 6099 6152
f 6104 6152 6150
f 6151 6150 6149
f 6151 6149 6148
f 6150 6152 6145
f 6150 6145 6149
f 6096 6095 6153
f 6096 6153 6154
f 6154 6153 6144
f 6154 6144 6143
f 6099 6096 6154
f 6099 6154 6152
f 6152 6154 6143
f 6152 6143 6145
f 6117 6121 6155
f 6117 6155 6118
f 6121 6124 6156
f 6121 6156 6155
f 6118 6155 6157
f 6118 6157 6102
f 6155 6156 6158
f 6155 6158 6157
f 6138 6137 6141
f 6138 6141 6159
f 6159 6141 6144
f 6159 6144 6160
f 6124 6138 6159
f 6124 6159 6156
f 6156 6159 6160
f 6156 6160 6158
f 6095 6098 6161
f 6095 6161 6153
f 6098 6102 6157
f 6098 6157 6161
f 6153 6161 6160
f 6153 6160 6144
f 6161 6157 6158
f 6161 6158 6160
f 6162 6163 6164
f 6162 6164 6165
f 6163 6166 6167
f 6163 6167 6164
f 6165 6164 6168
f 6165 6168 6169
f 6164 6167 6170
f 6164 6170 6168
f 6171 6172 6173
f 6171 6173 6174
f 6174 6173 6175
f 6174 6175 6176
f 6166 6171 6174
f 6166 6174 6167
f 6167 6174 6176
f 6167 6176 6170
f 6177 6178 6179
f 6177 6179 6180
f 6178 6169 6168
f 6178 6168 6179
f 6180 6179 6176
f 6180 6176 6175
f 6179 6168 6170
f 6179 6170 6176
f 6181 6182 6183
f 6181 6183 6184
f 6182 6185 6186
f 6182 6186 6183
f 6184 6183 6187
f 6184 6187 6188
f 6183 6186 6189
f 6183 6189 6187
f 6190 6191 6192
f 6190 6192 6193
f 6193 6192 6194
f 6193 6194 6195
f 6185 6190 6193
f 6185 6193 6186
f 6186 6193 6195
f 6186 6195 6189
f 6196 6197 6198
f 6196 6198 6199
f 6197 6200 6201
f 6197 6201 6198
f 6199 6198 6195
f 6199 6195 6194
f 6198 6201 6189
f 6198 6189 6195
f 6202 6203 6204
f 6202 6204 6205
f 6205 6204 6188
f 6205 6188 6187
f 6200 6202 6205
f 6200 6205 6201
f 6201 6205 6187
f 6201 6187 6189
f 6203 6202 6206
f 6203 6206 6207
f 6202 6200 6208
f 6202 6208 6206
f 6207 6206 6209
f 6207 6209 6210
f 6206 6208 6211
f 6206 6211 6209
f 6197 6196 6212
f 6197 6212 6213
f 6213 6212 6214
f 6213 6214 6215
f 6200 6197 6213
f 6200 6213 6208
f 6208 6213 6215
f 6208 6215 6211
f 6216 6217 6218
f 6216 6218 6219
f 6217 6220 6221
f 6217 6221 6218
f 6219 6218 6215
f 6219 6215 6214
f 6218 6221 6211
f 6218 6211 6215
f 6222 6223 6224
f 6222 6224 6225
f 6225 6224 6210
f 6225 6210 6209
f 6220 6222 6225
f 6220 6225 6221
f 6221 6225 6209
f 6221 6209 6211
f 6223 6222 6226
f 6223 6226 6227
f 6222 6220 6228
f 6222 6228 6226
f 6227 6226 6229
f 6227 6229 6230
f 6226 6228 6231
f 6226 6231 6229
f 6217 6216 6232
f 6217 6232 6233
f 6233 6232 6234
f 6233 6234 6235
f 6220 6217 6233
f 6220 6233 6228
f 6228 6233 6235
f 6228 6235 6231
f 6191 6190 6236
f 6191 6236 6237
f 6190 6185 6238
f 6190 6238 6236
f 6237 6236 6235
f 6237 6235 6234
f 6236 6238 6231
f 6236 6231 6235
f 6182 6181 6239
f 6182 6239 6240
f 6240 6239 6230
f 6240 6230 6229
f 6185 6182 6240
f 6185 6240 6238
f 6238 6240 6229
f 6238 6229 6231
f 6203 6207 6241
f 6203 6241 6204
f 6207 6210 6242
f 6207 6242 6241
f 6204 6241 6243
f 6204 6243 6188
f 6241 6242 6244
f 6241 6244 6243
f 6224 6223 6227
f 6224 6227 6245
f 6245 6227 6230
f 6245 6230 6246
f 6210 6224 6245
f 6210 6245 6242
f 6242 6245 6246
f 6242 6246 6244
f 6181 6184 6247
f 6181 6247 6239
f 6184 6188 6243
f 6184 6243 6247
f 6239 6247 6246
f 6239 6246 6230
f 6247 6243 6244
f 6247 6244 6246
f 6248 6249 6250
f 6248 6250 6251
f 6249 6252 6253
f 6249 6253 6250
f 6251 6250 6254
f 6251 6254 6255
f 6250 6253 6256
f 6250 6256 6254
f 6257 6258 6259
f 6257 6259 6260
f 6260 6259 6261
f 6260 6261 6262
f 6252 6257 6260
f 6252 6260 6253
f 6253 6260 6262
f 6253 6262 6256
f 6263 6264 6265
f 6263 6265 6266
f 6264 6255 6254
f 6264 6254 6265
f 6266 6265 6262
f 6266 6262 6261
f 6265 6254 6256
f 6265 6256 6262
f 6267 6268 6269
f 6267 6269 6270
f 6268 6271 6272
f 6268 6272 6269
f 6270 6269 6273
f 6270 6273 6274
f 6269 6272 6275
f 6269 6275 6273
f 6276 6277 6278
f 6276 6278 6279
f 6279 6278 6280
f 6279 6280 6281
f 6271 6276 6279
f 6271 6279 6272
f 6272 6279 6281
f 6272 6281 6275
f 6282 6283 6284
f 6282 6284 6285
f 6283 6286 6287
f 6283 6287 6284
f 6285 6284 6281
f 6285 6281 6280
f 6284 6287 6275
f 6284 6275 6281
f 6288 6289 6290
f 6288 6290 6291
f 6291 6290 6274
f 6291 6274 6273
f 6286 6288 6291
f 6286 6291 6287
f 6287 6291 6273
f 6287 6273 6275
f 6289 6288 6292
f 6289 6292 6293
f 6288 6286 6294
f 6288 6294 6292
f 6293 6292 6295
f 6293 6295 6296
f 6292 6294 6297
f 6292 6297 6295
f 6283 6282 6298
f 6283 6298 6299
f 6299 6298 6300
f 6299 6300 6301
f 6286 6283 6299
f 6286 6299 6294
f 6294 6299 6301
f 6294 6301 6297
f 6302 6303 6304
f 6302 6304 6305
f 6303 6306 6307
f 6303 6307 6304
f 6305 6304 6301
f 6305 6301 6300
f 6304 6307 6297
f 6304 6297 6301
f 6308 6309 6310
f 6308 6310 6311
f 6311 6310 6296
f 6311 6296 6295
f 6306 6308 6311
f 6306 6311 6307
f 6307 6311 6295
f 6307 6295 6297
f 6309 6308 6312
f 6309 6312 6313
f 6308 6306 6314
f 6308 6314 6312
f 6313 6312 6315
f 6313 6315 6316
f 6312 6314 6317
f 6312 6317 6315
f 6303 6302 6318
f 6303 6318 6319
f 6319 6318 6320
f 6319 6320 6321
f 6306 6303 6319
f 6306 6319 6314
f 6314 6319 6321
f 6314 6321 6317
f 6277 6276 6322
f 6277 6322 6323
f 6276 6271 6324
f 6276 6324 6322
f 6323 6322 6321
f 6323 6321 6320
f 6322 6324 6317
f 6322 6317 6321
f 6268 6267 6325
f 6268 6325 6326
f 6326 6325 6316
f 6326 6316 6315
f 6271 6268 6326
f 6271 6326 6324
f 6324 6326 6315
f 6324 6315 6317
f 6289 6293 6327
f 6289 6327 6290
f 6293 6296 6328
f 6293 6328 6327
f 6290 6327 6329
f 6290 6329 6274
f 6327 6328 6330
f 6327 6330 6329
f 6310 6309 6313
f 6310 6313 6331
f 6331 6313 6316
f 6331 6316 6332
f 6296 6310 6331
f 6296 6331 6328
f 6328 6331 6332
f 6328 6332 6330
f 6267 6270 6333
f 6267 6333 6325
f 6270 6274 6329
f 6270 6329 6333
f 6325 6333 6332
f 6325 6332 6316
f 6333 6329 6330
f 6333 6330 6332
f 6334 6335 6336
f 6334 6336 6337
f 6335 6338 6339
f 6335 6339 6336
f 6337 6336 6340
f 6337 6340 6341
f 6336 6339 6342
f 6336 6342 6340
f 6343 6344 6345
f 6343 6345 6346
f 6346 6345 6347
f 6346 6347 6348
f 6338 6343 6346
f 6338 6346 6339
f 6339 6346 6348
f 6339 6348 6342
f 6349 6350 6351
f 6349 6351 6352
f 6350 6341 6340
f 6350 6340 6351
f 6352 6351 6348
f 6352 6348 6347
f 6351 6340 6342
f 6351 6342 6348
f 6353 6354 6355
f 6353 6355 6356
f 6354 6357 6358
f 6354 6358 6355
f 6356 6355 6359
f 6356 6359 6360
f 6355 6358 6361
f 6355 6361 6359
f 6362 6363 6364
f 6362 6364 6365
f 6365 6364 6366
f 6365 6366 6367
f 6357 6362 6365
f 6357 6365 6358
f 6358 6365 6367
f 6358 6367 6361
f 6368 6369 6370
f 6368 6370 6371
f 6369 6372 6373
f 6369 6373 6370
f 6371 6370 6367
f 6371 6367 6366
f 6370 6373 6361
f 6370 6361 6367
f 6374 6375 6376
f 6374 6376 6377
f 6377 6376 6360
f 6377 6360 6359
f 6372 6374 6377
f 6372 6377 6373
f 6373 6377 6359
f 6373 6359 6361
f 6363 6378 6379
f 6363 6379 6364
f 6378 6380 6381
f 6378 6381 6379
f 6364 6379 6382
f 6364 6382 6366
f 6379 6381 6383
f 6379 6383 6382
f 6384 6385 6386
f 6384 6386 6387
f 6387 6386 6388
f 6387 6388 6389
f 6380 6384 6387
f 6380 6387 6381
f 6381 6387 6389
f 6381 6389 6383
f 6390 6391 6392
f 6390 6392 6393
f 6391 6394 6395
f 6391 6395 6392
f 6393 6392 6389
f 6393 6389 6388
f 6392 6395 6383
f 6392 6383 6389
f 6396 6368 6371
f 6396 6371 6397
f 6397 6371 6366
f 6397 6366 6382
f 6394 6396 6397
f 6394 6397 6395
f 6395 6397 6382
f 6395 6382 6383
f 6385 6398 6399
f 6385 6399 6386
f 6398 6400 6401
f 6398 6401 6399
f 6386 6399 6402
f 6386 6402 6388
f 6399 6401 6403
f 6399 6403 6402
f 6404 6353 6356
f 6404 6356 6405
f 6405 6356 6360
f 6405 6360 6406
f 6400 6404 6405
f 6400 6405 6401
f 6401 6405 6406
f 6401 6406 6403
f 6375 6407 6408
f 6375 6408 6376
f 6407 6409 6410
f 6407 6410 6408
f 6376 6408 6406
f 6376 6406 6360
f 6408 6410 6403
f 6408 6403 6406
f 6411 6390 6393
f 6411 6393 6412
f 6412 6393 6388
f 6412 6388 6402
f 6409 6411 6412
f 6409 6412 6410
f 6410 6412 6402
f 6410 6402 6403
f 6363 6362 6413
f 6363 6413 6378
f 6362 6357 6414
f 6362 6414 6413
f 6378 6413 6415
f 6378 6415 6380
f 6413 6414 6416
f 6413 6416 6415
f 6354 6353 6404
f 6354 6404 6417
f 6417 6404 6400
f 6417 6400 6418
f 6357 6354 6417
f 6357 6417 6414
f 6414 6417 6418
f 6414 6418 6416
f 6385 6384 6419
f 6385 6419 6398
f 6384 6380 6415
f 6384 6415 6419
f 6398 6419 6418
f 6398 6418 6400
f 6419 6415 6416
f 6419 6416 6418
f 6420 6421 6422
f 6420 6422 6423
f 6421 6424 6425
f 6421 6425 6422
f 6423 6422 6426
f 6423 6426 6427
f 6422 6425 6428
f 6422 6428 6426
f 6429 6430 6431
f 6429 6431 6432
f 6432 6431 6433
f 6432 6433 6434
f 6424 6429 6432
f 6424 6432 6425
f 6425 6432 6434
f 6425 6434 6428
f 6435 6436 6437
f 6435 6437 6438
f 6436 6427 6426
f 6436 6426 6437
f 6438 6437 6434
f 6438 6434 6433
f 6437 6426 6428
f 6437 6428 6434
f 6439 6440 6441
f 6439 6441 6442
f 6440 6443 6444
f 6440 6444 6441
f 6442 6441 6445
f 6442 6445 6446
f 6441 6444 6447
f 6441 6447 6445
f 6448 6449 6450
f 6448 6450 6451
f 6451 6450 6452
f 6451 6452 6453
f 6443 6448 6451
f 6443 6451 6444
f 6444 6451 6453
f 6444 6453 6447
f 6454 6455 6456
f 6454 6456 6457
f 6455 6458 6459
f 6455 6459 6456
f 6457 6456 6453
f 6457 6453 6452
f 6456 6459 6447
f 6456 6447 6453
f 6460 6461 6462
f 6460 6462 6463
f 6463 6462 6446
f 6463 6446 6445
f 6458 6460 6463
f 6458 6463 6459
f 6459 6463 6445
f 6459 6445 6447
f 6449 6464 6465
f 6449 6465 6450
f 6464 6466 6467
f 6464 6467 6465
f 6450 6465 6468
f 6450 6468 6452
f 6465 6467 6469
f 6465 6469 6468
f 6470 6471 6472
f 6470 6472 6473
f 6473 6472 6474
f 6473 6474 6475
f 6466 6470 6473
f 6466 6473 6467
f 6467 6473 6475
f 6467 6475 6469
f 6476 6477 6478
f 6476 6478 6479
f 6477 6480 6481
f 6477 6481 6478
f 6479 6478 6475
f 6479 6475 6474
f 6478 6481 6469
f 6478 6469 6475
f 6482 6454 6457
f 6482 6457 6483
f 6483 6457 6452
f 6483 6452 6468
f 6480 6482 6483
f 6480 6483 6481
f 6481 6483 6468
f 6481 6468 6469
f 6471 6484 6485
f 6471 6485 6472
f 6484 6486 6487
f 6484 6487 6485
f 6472 6485 6488
f 6472 6488 6474
f 6485 6487 6489
f 6485 6489 6488
f 6490 6439 6442
f 6490 6442 6491
f 6491 6442 6446
f 6491 6446 6492
f 6486 6490 6491
f 6486 6491 6487
f 6487 6491 6492
f 6487 6492 6489
f 6461 6493 6494
f 6461 6494 6462
f 6493 6495 6496
f 6493 6496 6494
f 6462 6494 6492
f 6462 6492 6446
f 6494 6496 6489
f 6494 6489 6492
f 6497 6476 6479
f 6497 6479 6498
f 6498 6479 6474
f 6498 6474 6488
f 6495 6497 6498
f 6495 6498 6496
f 6496 6498 6488
f 6496 6488 6489
f 6449 6448 6499
f 6449 6499 6464
f 6448 6443 6500
f 6448 6500 6499
f 6464 6499 6501
f 6464 6501 6466
f 6499 6500 6502
f 6499 6502 6501
f 6440 6439 6490
f 6440 6490 6503
f 6503 6490 6486
f 6503 6486 6504
f 6443 6440 6503
f 6443 6503 6500
f 6500 6503 6504
f 6500 6504 6502
f 6471 6470 6505
f 6471 6505 6484
f 6470 6466 6501
f 6470 6501 6505
f 6484 6505 6504
f 6484 6504 6486
f 6505 6501 6502
f 6505 6502 6504
f 6506 6507 6508
f 6506 6508 6509
f 6507 6510 6511
f 6507 6511 6508
f 6509 6508 6512
f 6509 6512 6513
f 6508 6511 6514
f 6508 6514 6512
f 6515 6516 6517
f 6515 6517 6518
f 6518 6517 6519
f 6518 6519 6520
f 6510 6515 6518
f 6510 6518 6511
f 6511 6518 6520
f 6511 6520 6514
f 6521 6522 6523
f 6521 6523 6524
f 6522 6513 6512
f 6522 6512 6523
f 6524 6523 6520
f 6524 6520 6519
f 6523 6512 6514
f 6523 6514 6520
f 6525 6526 6527
f 6525 6527 6528
f 6526 6529 6530
f 6526 6530 6527
f 6528 6527 6531
f 6528 6531 6532
f 6527 6530 6533
f 6527 6533 6531
f 6534 6535 6536
f 6534 6536 6537
f 6537 6536 6538
f 6537 6538 6539
f 6529 6534 6537
f 6529 6537 6530
f 6530 6537 6539
f 6530 6539 6533
f 6540 6541 6542
f 6540 6542 6543
f 6541 6544 6545
f 6541 6545 6542
f 6543 6542 6539
f 6543 6539 6538
f 6542 6545 6533
f 6542 6533 6539
f 6546 6547 6548
f 6546 6548 6549
f 6549 6548 6532
f 6549 6532 6531
f 6544 6546 6549
f 6544 6549 6545
f 6545 6549 6531
f 6545 6531 6533
f 6535 6550 6551
f 6535 6551 6536
f 6550 6552 6553
f 6550 6553 6551
f 6536 6551 6554
f 6536 6554 6538
f 6551 6553 6555
f 6551 6555 6554
f 6556 6557 6558
f 6556 6558 6559
f 6559 6558 6560
f 6559 6560 6561
f 6552 6556 6559
f 6552 6559 6553
f 6553 6559 6561
f 6553 6561 6555
f 6562 6563 6564
f 6562 6564 6565
f 6563 6566 6567
f 6563 6567 6564
f 6565 6564 6561
f 6565 6561 6560
f 6564 6567 6555
f 6564 6555 6561
f 6568 6540 6543
f 6568 6543 6569
f 6569 6543 6538
f 6569 6538 6554
f 6566 6568 6569
f 6566 6569 6567
f 6567 6569 6554
f 6567 6554 6555
f 6557 6570 6571
f 6557 6571 6558
f 6570 6572 6573
f 6570 6573 6571
f 6558 6571 6574
f 6558 6574 6560
f 6571 6573 6575
f 6571 6575 6574
f 6576 6525 6528
f 6576 6528 6577
f 6577 6528 6532
f 6577 6532 6578
f 6572 6576 6577
f 6572 6577 6573
f 6573 6577 6578
f 6573 6578 6575
f 6547 6579 6580
f 6547 6580 6548
f 6579 6581 6582
f 6579 6582 6580
f 6548 6580 6578
f 6548 6578 6532
f 6580 6582 6575
f 6580 6575 6578
f 6583 6562 6565
f 6583 6565 6584
f 6584 6565 6560
f 6584 6560 6574
f 6581 6583 6584
f 6581 6584 6582
f 6582 6584 6574
f 6582 6574 6575
f 6535 6534 6585
f 6535 6585 6550
f 6534 6529 6586
f 6534 6586 6585
f 6550 6585 6587
f 6550 6587 6552
f 6585 6586 6588
f 6585 6588 6587
f 6526 6525 6576
f 6526 6576 6589
f 6589 6576 6572
f 6589 6572 6590
f 6529 6526 6589
f 6529 6589 6586
f 6586 6589 6590
f 6586 6590 6588
f 6557 6556 6591
f 6557 6591 6570
f 6556 6552 6587
f 6556 6587 6591
f 6570 6591 6590
f 6570 6590 6572
f 6591 6587 6588
f 6591 6588 6590
f 6592 6593 6594
f 6592 6594 6595
f 6593 6596 6597
f 6593 6597 6594
f 6595 6594 6598
f 6595 6598 6599
f 6594 6597 6600
f 6594 6600 6598
f 6601 6602 6603
f 6601 6603 6604
f 6604 6603 6605
f 6604 6605 6606
f 6596 6601 6604
f 6596 6604 6597
f 6597 6604 6606
f 6597 6606 6600
f 6607 6608 6609
f 6607 6609 6610
f 6608 6599 6598
f 6608 6598 6609
f 6610 6609 6606
f 6610 6606 6605
f 6609 6598 6600
f 6609 6600 6606
f 6611 6612 6613
f 6611 6613 6614
f 6612 6615 6616
f 6612 6616 6613
f 6614 6613 6617
f 6614 6617 6618
f 6613 6616 6619
f 6613 6619 6617
f 6620 6621 6622
f 6620 6622 6623
f 6623 6622 6624
f 6623 6624 6625
f 6615 6620 6623
f 6615 6623 6616
f 6616 6623 6625
f 6616 6625 6619
f 6626 6627 6628
f 6626 6628 6629
f 6627 6630 6631
f 6627 6631 6628
f 6629 6628 6625
f 6629 6625 6624
f 6628 6631 6619
f 6628 6619 6625
f 6632 6633 6634
f 6632 6634 6635
f 6635 6634 6618
f 6635 6618 6617
f 6630 6632 6635
f 6630 6635 6631
f 6631 6635 6617
f 6631 6617 6619
f 6621 6636 6637
f 6621 6637 6622
f 6636 6638 6639
f 6636 6639 6637
f 6622 6637 6640
f 6622 6640 6624
f 6637 6639 6641
f 6637 6641 6640
f 6642 6643 6644
f 6642 6644 6645
f 6645 6644 6646
f 6645 6646 6647
f 6638 6642 6645
f 6638 6645 6639
f 6639 6645 6647
f 6639 6647 6641
f 6648 6649 6650
f 6648 6650 6651
f 6649 6652 6653
f 6649 6653 6650
f 6651 6650 6647
f 6651 6647 6646
f 6650 6653 6641
f 6650 6641 6647
f 6654 6626 6629
f 6654 6629 6655
f 6655 6629 6624
f 6655 6624 6640
f 6652 6654 6655
f 6652 6655 6653
f 6653 6655 6640
f 6653 6640 6641
f 6643 6656 6657
f 6643 6657 6644
f 6656 6658 6659
f 6656 6659 6657
f 6644 6657 6660
f 6644 6660 6646
f 6657 6659 6661
f 6657 6661 6660
f 6662 6611 6614
f 6662 6614 6663
f 6663 6614 6618
f 6663 6618 6664
f 6658 6662 6663
f 6658 6663 6659
f 6659 6663 6664
f 6659 6664 6661
f 6633 6665 6666
f 6633 6666 6634
f 6665 6667 6668
f 6665 6668 6666
f 6634 6666 6664
f 6634 6664 6618
f 6666 6668 6661
f 6666 6661 6664
f 6669 6648 6651
f 6669 6651 6670
f 6670 6651 6646
f 6670 6646 6660
f 6667 6669 6670
f 6667 6670 6668
f 6668 6670 6660
f 6668 6660 6661
f 6621 6620 6671
f 6621 6671 6636
f 6620 6615 6672
f 6620 6672 6671
f 6636 6671 6673
f 6636 6673 6638
f 6671 6672 6674
f 6671 6674 6673
f 6612 6611 6662
f 6612 6662 6675
f 6675 6662 6658
f 6675 6658 6676
f 6615 6612 6675
f 6615 6675 6672
f 6672 6675 6676
f 6672 6676 6674
f 6643 6642 6677
f 6643 6677 6656
f 6642 6638 6673
f 6642 6673 6677
f 6656 6677 6676
f 6656 6676 6658
f 6677 6673 6674
f 6677 6674 6676
f 6678 6679 6680
f 6678 6680 6681
f 6679 6682 6683
f 6679 6683 6680
f 6681 6680 6684
f 6681 6684 6685
f 6680 6683 6686
f 6680 6686 6684
f 6687 6688 6689
f 6687 6689 6690
f 6690 6689 6691
f 6690 6691 6692
f 6682 6687 6690
f 6682 6690 6683
f 6683 6690 6692
f 6683 6692 6686
f 6693 6694 6695
f 6693 6695 6696
f 6694 6685 6684
f 6694 6684 6695
f 6696 6695 6692
f 6696 6692 6691
f 6695 6684 6686
f 6695 6686 6692
f 6697 6698 6699
f 6697 6699 6700
f 6698 6701 6702
f 6698 6702 6699
f 6700 6699 6703
f 6700 6703 6704
f 6699 6702 6705
f 6699 6705 6703
f 6706 6707 6708
f 6706 6708 6709
f 6709 6708 6710
f 6709 6710 6711
f 6701 6706 6709
f 6701 6709 6702
f 6702 6709 6711
f 6702 6711 6705
f 6712 6713 6714
f 6712 6714 6715
f 6713 6716 6717
f 6713 6717 6714
f 6715 6714 6711
f 6715 6711 6710
f 6714 6717 6705
f 6714 6705 6711
f 6718 6719 6720
f 6718 6720 6721
f 6721 6720 6704
f 6721 6704 6703
f 6716 6718 6721
f 6716 6721 6717
f 6717 6721 6703
f 6717 6703 6705
f 6707 6722 6723
f 6707 6723 6708
f 6722 6724 6725
f 6722 6725 6723
f 6708 6723 6726
f 6708 6726 6710
f 6723 6725 6727
f 6723 6727 6726
f 6728 6729 6730
f 6728 6730 6731
f 6731 6730 6732
f 6731 6732 6733
f 6724 6728 6731
f 6724 6731 6725
f 6725 6731 6733
f 6725 6733 6727
f 6734 6735 6736
f 6734 6736 6737
f 6735 6738 6739
f 6735 6739 6736
f 6737 6736 6733
f 6737 6733 6732
f 6736 6739 6727
f 6736 6727 6733
f 6740 6712 6715
f 6740 6715 6741
f 6741 6715 6710
f 6741 6710 6726
f 6738 6740 6741
f 6738 6741 6739
f 6739 6741 6726
f 6739 6726 6727
f 6729 6742 6743
f 6729 6743 6730
f 6742 6744 6745
f 6742 6745 6743
f 6730 6743 6746
f 6730 6746 6732
f 6743 6745 6747
f 6743 6747 6746
f 6748 6697 6700
f 6748 6700 6749
f 6749 6700 6704
f 6749 6704 6750
f 6744 6748 6749
f 6744 6749 6745
f 6745 6749 6750
f 6745 6750 6747
f 6719 6751 6752
f 6719 6752 6720
f 6751 6753 6754
f 6751 6754 6752
f 6720 6752 6750
f 6720 6750 6704
f 6752 6754 6747
f 6752 6747 6750
f 6755 6734 6737
f 6755 6737 6756
f 6756 6737 6732
f 6756 6732 6746
f 6753 6755 6756
f 6753 6756 6754
f 6754 6756 6746
f 6754 6746 6747
f 6707 6706 6757
f 6707 6757 6722
f 6706 6701 6758
f 6706 6758 6757
f 6722 6757 6759
f 6722 6759 6724
f 6757 6758 6760
f 6757 6760 6759
f 6698 6697 6748
f 6698 6748 6761
f 6761 6748 6744
f 6761 6744 6762
f 6701 6698 6761
f 6701 6761 6758
f 6758 6761 6762
f 6758 6762 6760
f 6729 6728 6763
f 6729 6763 6742
f 6728 6724 6759
f 6728 6759 6763
f 6742 6763 6762
f 6742 6762 6744
f 6763 6759 6760
f 6763 6760 6762
f 6764 6765 6766
f 6764 6766 6767
f 6765 6768 6769
f 6765 6769 6766
f 6767 6766 6770
f 6767 6770 6771
f 6766 6769 6772
f 6766 6772 6770
f 6773 6774 6775
f 6773 6775 6776
f 6776 6775 6777
f 6776 6777 6778
f 6768 6773 6776
f 6768 6776 6769
f 6769 6776 6778
f 6769 6778 6772
f 6779 6780 6781
f 6779 6781 6782
f 6780 6771 6770
f 6780 6770 6781
f 6782 6781 6778
f 6782 6778 6777
f 6781 6770 6772
f 6781 6772 6778
f 6783 6784 6785
f 6783 6785 6786
f 6784 6787 6788
f 6784 6788 6785
f 6786 6785 6789
f 6786 6789 6790
f 6785 6788 6791
f 6785 6791 6789
f 6792 6793 6794
f 6792 6794 6795
f 6795 6794 6796
f 6795 6796 6797
f 6787 6792 6795
f 6787 6795 6788
f 6788 6795 6797
f 6788 6797 6791
f 6798 6799 6800
f 6798 6800 6801
f 6799 6802 6803
f 6799 6803 6800
f 6801 6800 6797
f 6801 6797 6796
f 6800 6803 6791
f 6800 6791 6797
f 6804 6805 6806
f 6804 6806 6807
f 6807 6806 6790
f 6807 6790 6789
f 6802 6804 6807
f 6802 6807 6803
f 6803 6807 6789
f 6803 6789 6791
f 6793 6808 6809
f 6793 6809 6794
f 6808 6810 6811
f 6808 6811 6809
f 6794 6809 6812
f 6794 6812 6796
f 6809 6811 6813
f 6809 6813 6812
f 6814 6815 6816
f 6814 6816 6817
f 6817 6816 6818
f 6817 6818 6819
f 6810 6814 6817
f 6810 6817 6811
f 6811 6817 6819
f 6811 6819 6813
f 6820 6821 6822
f 6820 6822 6823
f 6821 6824 6825
f 6821 6825 6822
f 6823 6822 6819
f 6823 6819 6818
f 6822 6825 6813
f 6822 6813 6819
f 6826 6798 6801
f 6826 6801 6827
f 6827 6801 6796
f 6827 6796 6812
f 6824 6826 6827
f 6824 6827 6825
f 6825 6827 6812
f 6825 6812 6813
f 6815 6828 6829
f 6815 6829 6816
f 6828 6830 6831
f 6828 6831 6829
f 6816 6829 6832
f 6816 6832 6818
f 6829 6831 6833
f 6829 6833 6832
f 6834 6783 6786
f 6834 6786 6835
f 6835 6786 6790
f 6835 6790 6836
f 6830 6834 6835
f 6830 6835 6831
f 6831 6835 6836
f 6831 6836 6833
f 6805 6837 6838
f 6805 6838 6806
f 6837 6839 6840
f 6837 6840 6838
f 6806 6838 6836
f 6806 6836 6790
f 6838 6840 6833
f 6838 6833 6836
f 6841 6820 6823
f 6841 6823 6842
f 6842 6823 6818
f 6842 6818 6832
f 6839 6841 6842
f 6839 6842 6840
f 6840 6842 6832
f 6840 6832 6833
f 6793 6792 6843
f 6793 6843 6808
f 6792 6787 6844
f 6792 6844 6843
f 6808 6843 6845
f 6808 6845 6810
f 6843 6844 6846
f 6843 6846 6845
f 6784 6783 6834
f 6784 6834 6847
f 6847 6834 6830
f 6847 6830 6848
f 6787 6784 6847
f 6787 6847 6844
f 6844 6847 6848
f 6844 6848 6846
f 6815 6814 6849
f 6815 6849 6828
f 6814 6810 6845
f 6814 6845 6849
f 6828 6849 6848
f 6828 6848 6830
f 6849 6845 6846
f 6849 6846 6848
f 6850 6851 6852
f 6850 6852 6853
f 6851 6854 6855
f 6851 6855 6852
f 6853 6852 6856
f 6853 6856 6857
f 6852 6855 6858
f 6852 6858 6856
f 6859 6860 6861
f 6859 6861 6862
f 6862 6861 6863
f 6862 6863 6864
f 6854 6859 6862
f 6854 6862 6855
f 6855 6862 6864
f 6855 6864 6858
f 6865 6866 6867
f 6865 6867 6868
f 6866 6857 6856
f 6866 6856 6867
f 6868 6867 6864
f 6868 6864 6863
f 6867 6856 6858
f 6867 6858 6864
f 6869 6870 6871
f 6869 6871 6872
f 6870 6873 6874
f 6870 6874 6871
f 6872 6871 6875
f 6872 6875 6876
f 6871 6874 6877
f 6871 6877 6875
f 6878 6879 6880
f 6878 6880 6881
f 6881 6880 6882
f 6881 6882 6883
f 6873 6878 6881
f 6873 6881 6874
f 6874 6881 6883
f 6874 6883 6877
f 6884 6885 6886
f 6884 6886 6887
f 6885 6888 6889
f 6885 6889 6886
f 6887 6886 6883
f 6887 6883 6882
f 6886 6889 6877
f 6886 6877 6883
f 6890 6891 6892
f 6890 6892 6893
f 6893 6892 6876
f 6893 6876 6875
f 6888 6890 6893
f 6888 6893 6889
f 6889 6893 6875
f 6889 6875 6877
f 6879 6894 6895
f 6879 6895 6880
f 6894 6896 6897
f 6894 6897 6895
f 6880 6895 6898
f 6880 6898 6882
f 6895 6897 6899
f 6895 6899 6898
f 6900 6901 6902
f 6900 6902 6903
f 6903 6902 6904
f 6903 6904 6905
f 6896 6900 6903
f 6896 6903 6897
f 6897 6903 6905
f 6897 6905 6899
f 6906 6907 6908
f 6906 6908 6909
f 6907 6910 6911
f 6907 6911 6908
f 6909 6908 6905
f 6909 6905 6904
f 6908 6911 6899
f 6908 6899 6905
f 6912 6884 6887
f 6912 6887 6913
f 6913 6887 6882
f 6913 6882 6898
f 6910 6912 6913
f 6910 6913 6911
f 6911 6913 6898
f 6911 6898 6899
f 6901 6914 6915
f 6901 6915 6902
f 6914 6916 6917
f 6914 6917 6915
f 6902 6915 6918
f 6902 6918 6904
f 6915 6917 6919
f 6915 6919 6918
f 6920 6869 6872
f 6920 6872 6921
f 6921 6872 6876
f 6921 6876 6922
f 6916 6920 6921
f 6916 6921 6917
f 6917 6921 6922
f 6917 6922 6919
f 6891 6923 6924
f 6891 6924 6892
f 6923 6925 6926
f 6923 6926 6924
f 6892 6924 6922
f 6892 6922 6876
f 6924 6926 6919
f 6924 6919 6922
f 6927 6906 6909
f 6927 6909 6928
f 6928 6909 6904
f 6928 6904 6918
f 6925 6927 6928
f 6925 6928 6926
f 6926 6928 6918
f 6926 6918 6919
f 6879 6878 6929
f 6879 6929 6894
f 6878 6873 6930
f 6878 6930 6929
f 6894 6929 6931
f 6894 6931 6896
f 6929 6930 6932
f 6929 6932 6931
f 6870 6869 6920
f 6870 6920 6933
f 6933 6920 6916
f 6933 6916 6934
f 6873 6870 6933
f 6873 6933 6930
f 6930 6933 6934
f 6930 6934 6932
f 6901 6900 6935
f 6901 6935 6914
f 6900 6896 6931
f 6900 6931 6935
f 6914 6935 6934
f 6914 6934 6916
f 6935 6931 6932
f 6935 6932 6934
f 6936 6937 6938
f 6936 6938 6939
f 6937 6940 6941
f 6937 6941 6938
f 6939 6938 6942
f 6939 6942 6943
f 6938 6941 6944
f 6938 6944 6942
f 6945 6946 6947
f 6945 6947 6948
f 6948 6947 6949
f 6948 6949 6950
f 6940 6945 6948
f 6940 6948 6941
f 6941 6948 6950
f 6941 6950 6944
f 6951 6952 6953
f 6951 6953 6954
f 6952 6943 6942
f 6952 6942 6953
f 6954 6953 6950
f 6954 6950 6949
f 6953 6942 6944
f 6953 6944 6950
f 6955 6956 6957
f 6955 6957 6958
f 6956 6959 6960
f 6956 6960 6957
f 6958 6957 6961
f 6958 6961 6962
f 6957 6960 6963
f 6957 6963 6961
f 6964 6965 6966
f 6964 6966 6967
f 6967 6966 6968
f 6967 6968 6969
f 6959 6964 6967
f 6959 6967 6960
f 6960 6967 6969
f 6960 6969 6963
f 6970 6971 6972
f 6970 6972 6973
f 6971 6974 6975
f 6971 6975 6972
f 6973 6972 6969
f 6973 6969 6968
f 6972 6975 6963
f 6972 6963 6969
f 6976 6977 6978
f 6976 6978 6979
f 6979 6978 6962
f 6979 6962 6961
f 6974 6976 6979
f 6974 6979 6975
f 6975 6979 6961
f 6975 6961 6963
f 6965 6980 6981
f 6965 6981 6966
f 6980 6982 6983
f 6980 6983 6981
f 6966 6981 6984
f 6966 6984 6968
f 6981 6983 6985
f 6981 6985 6984
f 6986 6987 6988
f 6986 6988 6989
f 6989 6988 6990
f 6989 6990 6991
f 6982 6986 6989
f 6982 6989 6983
f 6983 6989 6991
f 6983 6991 6985
f 6992 6993 6994
f 6992 6994 6995
f 6993 6996 6997
f 6993 6997 6994
f 6995 6994 6991
f 6995 6991 6990
f 6994 6997 6985
f 6994 6985 6991
f 6998 6970 6973
f 6998 6973 6999
f 6999 6973 6968
f 6999 6968 6984
f 6996 6998 6999
f 6996 6999 6997
f 6997 6999 6984
f 6997 6984 6985
f 6987 7000 7001
f 6987 7001 6988
f 7000 7002 7003
f 7000 7003 7001
f 6988 7001 7004
f 6988 7004 6990
f 7001 7003 7005
f 7001 7005 7004
f 7006 6955 6958
f 7006 6958 7007
f 7007 6958 6962
f 7007 6962 7008
f 7002 7006 7007
f 7002 7007 7003
f 7003 7007 7008
f 7003 7008 7005
f 6977 7009 7010
f 6977 7010 6978
f 7009 7011 7012
f 7009 7012 7010
f 6978 7010 7008
f 6978 7008 6962
f 7010 7012 7005
f 7010 7005 7008
f 7013 6992 6995
f 7013 6995 7014
f 7014 6995 6990
f 7014 6990 7004
f 7011 7013 7014
f 7011 7014 7012
f 7012 7014 7004
f 7012 7004 7005
f 6965 6964 7015
f 6965 7015 6980
f 6964 6959 7016
f 6964 7016 7015
f 6980 7015 7017
f 6980 7017 6982
f 7015 7016 7018
f 7015 7018 7017
f 6956 6955 7006
f 6956 7006 7019
f 7019 7006 7002
f 7019 7002 7020
f 6959 6956 7019
f 6959 7019 7016
f 7016 7019 7020
f 7016 7020 7018
f 6987 6986 7021
f 6987 7021 7000
f 6986 6982 7017
f 6986 7017 7021
f 7000 7021 7020
f 7000 7020 7002
f 7021 7017 7018
f 7021 7018 7020
f 7022 7023 7024
f 7022 7024 7025
f 7023 7026 7027
f 7023 7027 7024
f 7025 7024 7028
f 7025 7028 7029
f 7024 7027 7030
f 7024 7030 7028
f 7031 7032 7033
f 7031 7033 7034
f 7034 7033 7035
f 7034 7035 7036
f 7026 7031 7034
f 7026 7034 7027
f 7027 7034 7036
f 7027 7036 7030
f 7037 7038 7039
f 7037 7039 7040
f 7038 7029 7028
f 7038 7028 7039
f 7040 7039 7036
f 7040 7036 7035
f 7039 7028 7030
f 7039 7030 7036
f 7041 7042 7043
f 7041 7043 7044
f 7042 7045 7046
f 7042 7046 7043
f 7044 7043 7047
f 7044 7047 7048
f 7043 7046 7049
f 7043 7049 7047
f 7050 7051 7052
f 7050 7052 7053
f 7053 7052 7054
f 7053 7054 7055
f 7045 7050 7053
f 7045 7053 7046
f 7046 7053 7055
f 7046 7055 7049
f 7056 7057 7058
f 7056 7058 7059
f 7057 7060 7061
f 7057 7061 7058
f 7059 7058 7055
f 7059 7055 7054
f 7058 7061 7049
f 7058 7049 7055
f 7062 7063 7064
f 7062 7064 7065
f 7065 7064 7048
f 7065 7048 7047
f 7060 7062 7065
f 7060 7065 7061
f 7061 7065 7047
f 7061 7047 7049
f 7063 7062 7066
f 7063 7066 7067
f 7062 7060 7068
f 7062 7068 7066
f 7067 7066 7069
f 7067 7069 7070
f 7066 7068 7071
f 7066 7071 7069
f 7057 7056 7072
f 7057 7072 7073
f 7073 7072 7074
f 7073 7074 7075
f 7060 7057 7073
f 7060 7073 7068
f 7068 7073 7075
f 7068 7075 7071
f 7076 7077 7078
f 7076 7078 7079
f 7077 7080 7081
f 7077 7081 7078
f 7079 7078 7075
f 7079 7075 7074
f 7078 7081 7071
f 7078 7071 7075
f 7082 7083 7084
f 7082 7084 7085
f 7085 7084 7070
f 7085 7070 7069
f 7080 7082 7085
f 7080 7085 7081
f 7081 7085 7069
f 7081 7069 7071
f 7083 7082 7086
f 7083 7086 7087
f 7082 7080 7088
f 7082 7088 7086
f 7087 7086 7089
f 7087 7089 7090
f 7086 7088 7091
f 7086 7091 7089
f 7077 7076 7092
f 7077 7092 7093
f 7093 7092 7094
f 7093 7094 7095
f 7080 7077 7093
f 7080 7093 7088
f 7088 7093 7095
f 7088 7095 7091
f 7051 7050 7096
f 7051 7096 7097
f 7050 7045 7098
f 7050 7098 7096
f 7097 7096 7095
f 7097 7095 7094
f 7096 7098 7091
f 7096 7091 7095
f 7042 7041 7099
f 7042 7099 7100
f 7100 7099 7090
f 7100 7090 7089
f 7045 7042 7100
f 7045 7100 7098
f 7098 7100 7089
f 7098 7089 7091
f 7101 7102 7103
f 7101 7103 7104
f 7102 7105 7106
f 7102 7106 7103
f 7104 7103 7107
f 7104 7107 7108
f 7103 7106 7109
f 7103 7109 7107
f 7110 7111 7112
f 7110 7112 7113
f 7113 7112 7114
f 7113 7114 7115
f 7105 7110 7113
f 7105 7113 7106
f 7106 7113 7115
f 7106 7115 7109
f 7116 7117 7118
f 7116 7118 7119
f 7117 7108 7107
f 7117 7107 7118
f 7119 7118 7115
f 7119 7115 7114
f 7118 7107 7109
f 7118 7109 7115
f 7120 7121 7122
f 7120 7122 7123
f 7121 7124 7125
f 7121 7125 7122
f 7123 7122 7126
f 7123 7126 7127
f 7122 7125 7128
f 7122 7128 7126
f 7129 7130 7131
f 7129 7131 7132
f 7132 7131 7133
f 7132 7133 7134
f 7124 7129 7132
f 7124 7132 7125
f 7125 7132 7134
f 7125 7134 7128
f 7135 7136 7137
f 7135 7137 7138
f 7136 7127 7126
f 7136 7126 7137
f 7138 7137 7134
f 7138 7134 7133
f 7137 7126 7128
f 7137 7128 7134
f 7139 7140 7141
f 7139 7141 7142
f 7140 7143 7144
f 7140 7144 7141
f 7142 7141 7145
f 7142 7145 7146
f 7141 7144 7147
f 7141 7147 7145
f 7148 7149 7150
f 7148 7150 7151
f 7151 7150 7152
f 7151 7152 7153
f 7143 7148 7151
f 7143 7151 7144
f 7144 7151 7153
f 7144 7153 7147
f 7154 7155 7156
f 7154 7156 7157
f 7155 7158 7159
f 7155 7159 7156
f 7157 7156 7153
f 7157 7153 7152
f 7156 7159 7147
f 7156 7147 7153
f 7160 7161 7162
f 7160 7162 7163
f 7163 7162 7146
f 7163 7146 7145
f 7158 7160 7163
f 7158 7163 7159
f 7159 7163 7145
f 7159 7145 7147
f 7161 7160 7164
f 7161 7164 7165
f 7160 7158 7166
f 7160 7166 7164
f 7165 7164 7167
f 7165 7167 7168
f 7164 7166 7169
f 7164 7169 7167
f 7155 7154 7170
f 7155 7170 7171
f 7171 7170 7172
f 7171 7172 7173
f 7158 7155 7171
f 7158 7171 7166
f 7166 7171 7173
f 7166 7173 7169
f 7174 7175 7176
f 7174 7176 7177
f 7175 7178 7179
f 7175 7179 7176
f 7177 7176 7173
f 7177 7173 7172
f 7176 7179 7169
f 7176 7169 7173
f 7180 7181 7182
f 7180 7182 7183
f 7183 7182 7168
f 7183 7168 7167
f 7178 7180 7183
f 7178 7183 7179
f 7179 7183 7167
f 7179 7167 7169
f 7181 7180 7184
f 7181 7184 7185
f 7180 7178 7186
f 7180 7186 7184
f 7185 7184 7187
f 7185 7187 7188
f 7184 7186 7189
f 7184 7189 7187
f 7175 7174 7190
f 7175 7190 7191
f 7191 7190 7192
f 7191 7192 7193
f 7178 7175 7191
f 7178 7191 7186
f 7186 7191 7193
f 7186 7193 7189
f 7149 7148 7194
f 7149 7194 7195
f 7148 7143 7196
f 7148 7196 7194
f 7195 7194 7193
f 7195 7193 7192
f 7194 7196 7189
f 7194 7189 7193
f 7140 7139 7197
f 7140 7197 7198
f 7198 7197 7188
f 7198 7188 7187
f 7143 7140 7198
f 7143 7198 7196
f 7196 7198 7187
f 7196 7187 7189
f 7199 7200 7201
f 7199 7201 7202
f 7200 7203 7204
f 7200 7204 7201
f 7202 7201 7205
f 7202 7205 7206
f 7201 7204 7207
f 7201 7207 7205
f 7208 7209 7210
f 7208 7210 7211
f 7211 7210 7212
f 7211 7212 7213
f 7203 7208 7211
f 7203 7211 7204
f 7204 7211 7213
f 7204 7213 7207
f 7214 7215 7216
f 7214 7216 7217
f 7215 7206 7205
f 7215 7205 7216
f 7217 7216 7213
f 7217 7213 7212
f 7216 7205 7207
f 7216 7207 7213
f 7218 7219 7220
f 7218 7220 7221
f 7219 7222 7223
f 7219 7223 7220
f 7221 7220 7224
f 7221 7224 7225
f 7220 7223 7226
f 7220 7226 7224
f 7227 7228 7229
f 7227 7229 7230
f 7230 7229 7231
f 7230 7231 7232
f 7222 7227 7230
f 7222 7230 7223
f 7223 7230 7232
f 7223 7232 7226
f 7233 7234 7235
f 7233 7235 7236
f 7234 7225 7224
f 7234 7224 7235
f 7236 7235 7232
f 7236 7232 7231
f 7235 7224 7226
f 7235 7226 7232
f 7237 7238 7239
f 7237 7239 7240
f 7238 7241 7242
f 7238 7242 7239
f 7240 7239 7243
f 7240 7243 7244
f 7239 7242 7245
f 7239 7245 7243
f 7246 7247 7248
f 7246 7248 7249
f 7249 7248 7250
f 7249 7250 7251
f 7241 7246 7249
f 7241 7249 7242
f 7242 7249 7251
f 7242 7251 7245
f 7252 7253 7254
f 7252 7254 7255
f 7253 7256 7257
f 7253 7257 7254
f 7255 7254 7251
f 7255 7251 7250
f 7254 7257 7245
f 7254 7245 7251
f 7258 7259 7260
f 7258 7260 7261
f 7261 7260 7244
f 7261 7244 7243
f 7256 7258 7261
f 7256 7261 7257
f 7257 7261 7243
f 7257 7243 7245
f 7259 7258 7262
f 7259 7262 7263
f 7258 7256 7264
f 7258 7264 7262
f 7263 7262 7265
f 7263 7265 7266
f 7262 7264 7267
f 7262 7267 7265
f 7253 7252 7268
f 7253 7268 7269
f 7269 7268 7270
f 7269 7270 7271
f 7256 7253 7269
f 7256 7269 7264
f 7264 7269 7271
f 7264 7271 7267
f 7272 7273 7274
f 7272 7274 7275
f 7273 7276 7277
f 7273 7277 7274
f 7275 7274 7271
f 7275 7271 7270
f 7274 7277 7267
f 7274 7267 7271
f 7278 7279 7280
f 7278 7280 7281
f 7281 7280 7266
f 7281 7266 7265
f 7276 7278 7281
f 7276 7281 7277
f 7277 7281 7265
f 7277 7265 7267
f 7279 7278 7282
f 7279 7282 7283
f 7278 7276 7284
f 7278 7284 7282
f 7283 7282 7285
f 7283 7285 7286
f 7282 7284 7287
f 7282 7287 7285
f 7273 7272 7288
f 7273 7288 7289
f 7289 7288 7290
f 7289 7290 7291
f 7276 7273 7289
f 7276 7289 7284
f 7284 7289 7291
f 7284 7291 7287
f 7247 7246 7292
f 7247 7292 7293
f 7246 7241 7294
f 7246 7294 7292
f 7293 7292 7291
f 7293 7291 7290
f 7292 7294 7287
f 7292 7287 7291
f 7238 7237 7295
f 7238 7295 7296
f 7296 7295 7286
f 7296 7286 7285
f 7241 7238 7296
f 7241 7296 7294
f 7294 7296 7285
f 7294 7285 7287
f 7297 7298 7299
f 7297 7299 7300
f 7298 7301 7302
f 7298 7302 7299
f 7300 7299 7303
f 7300 7303 7304
f 7299 7302 7305
f 7299 7305 7303
f 7306 7307 7308
f 7306 7308 7309
f 7309 7308 7310
f 7309 7310 7311
f 7301 7306 7309
f 7301 7309 7302
f 7302 7309 7311
f 7302 7311 7305
f 7312 7313 7314
f 7312 7314 7315
f 7313 7304 7303
f 7313 7303 7314
f 7315 7314 7311
f 7315 7311 7310
f 7314 7303 7305
f 7314 7305 7311
f 7316 7317 7318
f 7316 7318 7319
f 7317 7320 7321
f 7317 7321 7318
f 7319 7318 7322
f 7319 7322 7323
f 7318 7321 7324
f 7318 7324 7322
f 7325 7326 7327
f 7325 7327 7328
f 7328 7327 7329
f 7328 7329 7330
f 7320 7325 7328
f 7320 7328 7321
f 7321 7328 7330
f 7321 7330 7324
f 7331 7332 7333
f 7331 7333 7334
f 7332 7323 7322
f 7332 7322 7333
f 7334 7333 7330
f 7334 7330 7329
f 7333 7322 7324
f 7333 7324 7330
f 7335 7336 7337
f 7335 7337 7338
f 7336 7339 7340
f 7336 7340 7337
f 7338 7337 7341
f 7338 7341 7342
f 7337 7340 7343
f 7337 7343 7341
f 7344 7345 7346
f 7344 7346 7347
f 7347 7346 7348
f 7347 7348 7349
f 7339 7344 7347
f 7339 7347 7340
f 7340 7347 7349
f 7340 7349 7343
f 7350 7351 7352
f 7350 7352 7353
f 7351 7354 7355
f 7351 7355 7352
f 7353 7352 7349
f 7353 7349 7348
f 7352 7355 7343
f 7352 7343 7349
f 7356 7357 7358
f 7356 7358 7359
f 7359 7358 7342
f 7359 7342 7341
f 7354 7356 7359
f 7354 7359 7355
f 7355 7359 7341
f 7355 7341 7343
f 7357 7356 7360
f 7357 7360 7361
f 7356 7354 7362
f 7356 7362 7360
f 7361 7360 7363
f 7361 7363 7364
f 7360 7362 7365
f 7360 7365 7363
f 7351 7350 7366
f 7351 7366 7367
f 7367 7366 7368
f 7367 7368 7369
f 7354 7351 7367
f 7354 7367 7362
f 7362 7367 7369
f 7362 7369 7365
f 7370 7371 7372
f 7370 7372 7373
f 7371 7374 7375
f 7371 7375 7372
f 7373 7372 7369
f 7373 7369 7368
f 7372 7375 7365
f 7372 7365 7369
f 7376 7377 7378
f 7376 7378 7379
f 7379 7378 7364
f 7379 7364 7363
f 7374 7376 7379
f 7374 7379 7375
f 7375 7379 7363
f 7375 7363 7365
f 7377 7376 7380
f 7377 7380 7381
f 7376 7374 7382
f 7376 7382 7380
f 7381 7380 7383
f 7381 7383 7384
f 7380 7382 7385
f 7380 7385 7383
f 7371 7370 7386
f 7371 7386 7387
f 7387 7386 7388
f 7387 7388 7389
f 7374 7371 7387
f 7374 7387 7382
f 7382 7387 7389
f 7382 7389 7385
f 7345 7344 7390
f 7345 7390 7391
f 7344 7339 7392
f 7344 7392 7390
f 7391 7390 7389
f 7391 7389 7388
f 7390 7392 7385
f 7390 7385 7389
f 7336 7335 7393
f 7336 7393 7394
f 7394 7393 7384
f 7394 7384 7383
f 7339 7336 7394
f 7339 7394 7392
f 7392 7394 7383
f 7392 7383 7385
f 7395 7396 7397
f 7395 7397 7398
f 7396 7399 7400
f 7396 7400 7397
f 7398 7397 7401
f 7398 7401 7402
f 7397 7400 7403
f 7397 7403 7401
f 7404 7405 7406
f 7404 7406 7407
f 7407 7406 7408
f 7407 7408 7409
f 7399 7404 7407
f 7399 7407 7400
f 7400 7407 7409
f 7400 7409 7403
f 7410 7411 7412
f 7410 7412 7413
f 7411 7402 7401
f 7411 7401 7412
f 7413 7412 7409
f 7413 7409 7408
f 7412 7401 7403
f 7412 7403 7409
f 7414 7415 7416
f 7414 7416 7417
f 7415 7418 7419
f 7415 7419 7416
f 7417 7416 7420
f 7417 7420 7421
f 7416 7419 7422
f 7416 7422 7420
f 7423 7424 7425
f 7423 7425 7426
f 7426 7425 7427
f 7426 7427 7428
f 7418 7423 7426
f 7418 7426 7419
f 7419 7426 7428
f 7419 7428 7422
f 7429 7430 7431
f 7429 7431 7432
f 7430 7421 7420
f 7430 7420 7431
f 7432 7431 7428
f 7432 7428 7427
f 7431 7420 7422
f 7431 7422 7428
f 7433 7434 7435
f 7433 7435 7436
f 7434 7437 7438
f 7434 7438 7435
f 7436 7435 7439
f 7436 7439 7440
f 7435 7438 7441
f 7435 7441 7439
f 7442 7443 7444
f 7442 7444 7445
f 7445 7444 7446
f 7445 7446 7447
f 7437 7442 7445
f 7437 7445 7438
f 7438 7445 7447
f 7438 7447 7441
f 7448 7449 7450
f 7448 7450 7451
f 7449 7452 7453
f 7449 7453 7450
f 7451 7450 7447
f 7451 7447 7446
f 7450 7453 7441
f 7450 7441 7447
f 7454 7455 7456
f 7454 7456 7457
f 7457 7456 7440
f 7457 7440 7439
f 7452 7454 7457
f 7452 7457 7453
f 7453 7457 7439
f 7453 7439 7441
f 7455 7454 7458
f 7455 7458 7459
f 7454 7452 7460
f 7454 7460 7458
f 7459 7458 7461
f 7459 7461 7462
f 7458 7460 7463
f 7458 7463 7461
f 7449 7448 7464
f 7449 7464 7465
f 7465 7464 7466
f 7465 7466 7467
f 7452 7449 7465
f 7452 7465 7460
f 7460 7465 7467
f 7460 7467 7463
f 7468 7469 7470
f 7468 7470 7471
f 7469 7472 7473
f 7469 7473 7470
f 7471 7470 7467
f 7471 7467 7466
f 7470 7473 7463
f 7470 7463 7467
f 7474 7475 7476
f 7474 7476 7477
f 7477 7476 7462
f 7477 7462 7461
f 7472 7474 7477
f 7472 7477 7473
f 7473 7477 7461
f 7473 7461 7463
f 7475 7474 7478
f 7475 7478 7479
f 7474 7472 7480
f 7474 7480 7478
f 7479 7478 7481
f 7479 7481 7482
f 7478 7480 7483
f 7478 7483 7481
f 7469 7468 7484
f 7469 7484 7485
f 7485 7484 7486
f 7485 7486 7487
f 7472 7469 7485
f 7472 7485 7480
f 7480 7485 7487
f 7480 7487 7483
f 7443 7442 7488
f 7443 7488 7489
f 7442 7437 7490
f 7442 7490 7488
f 7489 7488 7487
f 7489 7487 7486
f 7488 7490 7483
f 7488 7483 7487
f 7434 7433 7491
f 7434 7491 7492
f 7492 7491 7482
f 7492 7482 7481
f 7437 7434 7492
f 7437 7492 7490
f 7490 7492 7481
f 7490 7481 7483
f 7493 7494 7495
f 7493 7495 7496
f 7494 7497 7498
f 7494 7498 7495
f 7496 7495 7499
f 7496 7499 7500
f 7495 7498 7501
f 7495 7501 7499
f 7502 7503 7504
f 7502 7504 7505
f 7505 7504 7506
f 7505 7506 7507
f 7497 7502 7505
f 7497 7505 7498
f 7498 7505 7507
f 7498 7507 7501
f 7508 7509 7510
f 7508 7510 7511
f 7509 7500 7499
f 7509 7499 7510
f 7511 7510 7507
f 7511 7507 7506
f 7510 7499 7501
f 7510 7501 7507
f 7512 7513 7514
f 7512 7514 7515
f 7513 7516 7517
f 7513 7517 7514
f 7515 7514 7518
f 7515 7518 7519
f 7514 7517 7520
f 7514 7520 7518
f 7521 7522 7523
f 7521 7523 7524
f 7524 7523 7525
f 7524 7525 7526
f 7516 7521 7524
f 7516 7524 7517
f 7517 7524 7526
f 7517 7526 7520
f 7527 7528 7529
f 7527 7529 7530
f 7528 7519 7518
f 7528 7518 7529
f 7530 7529 7526
f 7530 7526 7525
f 7529 7518 7520
f 7529 7520 7526
f 7531 7532 7533
f 7531 7533 7534
f 7532 7535 7536
f 7532 7536 7533
f 7534 7533 7537
f 7534 7537 7538
f 7533 7536 7539
f 7533 7539 7537
f 7540 7541 7542
f 7540 7542 7543
f 7543 7542 7544
f 7543 7544 7545
f 7535 7540 7543
f 7535 7543 7536
f 7536 7543 7545
f 7536 7545 7539
f 7546 7547 7548
f 7546 7548 7549
f 7547 7550 7551
f 7547 7551 7548
f 7549 7548 7545
f 7549 7545 7544
f 7548 7551 7539
f 7548 7539 7545
f 7552 7553 7554
f 7552 7554 7555
f 7555 7554 7538
f 7555 7538 7537
f 7550 7552 7555
f 7550 7555 7551
f 7551 7555 7537
f 7551 7537 7539
f 7553 7552 7556
f 7553 7556 7557
f 7552 7550 7558
f 7552 7558 7556
f 7557 7556 7559
f 7557 7559 7560
f 7556 7558 7561
f 7556 7561 7559
f 7547 7546 7562
f 7547 7562 7563
f 7563 7562 7564
f 7563 7564 7565
f 7550 7547 7563
f 7550 7563 7558
f 7558 7563 7565
f 7558 7565 7561
f 7566 7567 7568
f 7566 7568 7569
f 7567 7570 7571
f 7567 7571 7568
f 7569 7568 7565
f 7569 7565 7564
f 7568 7571 7561
f 7568 7561 7565
f 7572 7573 7574
f 7572 7574 7575
f 7575 7574 7560
f 7575 7560 7559
f 7570 7572 7575
f 7570 7575 7571
f 7571 7575 7559
f 7571 7559 7561
f 7573 7572 7576
f 7573 7576 7577
f 7572 7570 7578
f 7572 7578 7576
f 7577 7576 7579
f 7577 7579 7580
f 7576 7578 7581
f 7576 7581 7579
f 7567 7566 7582
f 7567 7582 7583
f 7583 7582 7584
f 7583 7584 7585
f 7570 7567 7583
f 7570 7583 7578
f 7578 7583 7585
f 7578 7585 7581
f 7541 7540 7586
f 7541 7586 7587
f 7540 7535 7588
f 7540 7588 7586
f 7587 7586 7585
f 7587 7585 7584
f 7586 7588 7581
f 7586 7581 7585
f 7532 7531 7589
f 7532 7589 7590
f 7590 7589 7580
f 7590 7580 7579
f 7535 7532 7590
f 7535 7590 7588
f 7588 7590 7579
f 7588 7579 7581
f 7591 7592 7593
f 7591 7593 7594
f 7592 7595 7596
f 7592 7596 7593
f 7594 7593 7597
f 7594 7597 7598
f 7593 7596 7599
f 7593 7599 7597
f 7600 7601 7602
f 7600 7602 7603
f 7603 7602 7604
f 7603 7604 7605
f 7595 7600 7603
f 7595 7603 7596
f 7596 7603 7605
f 7596 7605 7599
f 7606 7607 7608
f 7606 7608 7609
f 7607 7598 7597
f 7607 7597 7608
f 7609 7608 7605
f 7609 7605 7604
f 7608 7597 7599
f 7608 7599 7605
f 7610 7611 7612
f 7610 7612 7613
f 7611 7614 7615
f 7611 7615 7612
f 7613 7612 7616
f 7613 7616 7617
f 7612 7615 7618
f 7612 7618 7616
f 7619 7620 7621
f 7619 7621 7622
f 7622 7621 7623
f 7622 7623 7624
f 7614 7619 7622
f 7614 7622 7615
f 7615 7622 7624
f 7615 7624 7618
f 7625 7626 7627
f 7625 7627 7628
f 7626 7617 7616
f 7626 7616 7627
f 7628 7627 7624
f 7628 7624 7623
f 7627 7616 7618
f 7627 7618 7624
f 7629 7630 7631
f 7629 7631 7632
f 7630 7633 7634
f 7630 7634 7631
f 7632 7631 7635
f 7632 7635 7636
f 7631 7634 7637
f 7631 7637 7635
f 7638 7639 7640
f 7638 7640 7641
f 7641 7640 7642
f 7641 7642 7643
f 7633 7638 7641
f 7633 7641 7634
f 7634 7641 7643
f 7634 7643 7637
f 7644 7645 7646
f 7644 7646 7647
f 7645 7648 7649
f 7645 7649 7646
f 7647 7646 7643
f 7647 7643 7642
f 7646 7649 7637
f 7646 7637 7643
f 7650 7651 7652
f 7650 7652 7653
f 7653 7652 7636
f 7653 7636 7635
f 7648 7650 7653
f 7648 7653 7649
f 7649 7653 7635
f 7649 7635 7637
f 7651 7650 7654
f 7651 7654 7655
f 7650 7648 7656
f 7650 7656 7654
f 7655 7654 7657
f 7655 7657 7658
f 7654 7656 7659
f 7654 7659 7657
f 7645 7644 7660
f 7645 7660 7661
f 7661 7660 7662
f 7661 7662 7663
f 7648 7645 7661
f 7648 7661 7656
f 7656 7661 7663
f 7656 7663 7659
f 7664 7665 7666
f 7664 7666 7667
f 7665 7668 7669
f 7665 7669 7666
f 7667 7666 7663
f 7667 7663 7662
f 7666 7669 7659
f 7666 7659 7663
f 7670 7671 7672
f 7670 7672 7673
f 7673 7672 7658
f 7673 7658 7657
f 7668 7670 7673
f 7668 7673 7669
f 7669 7673 7657
f 7669 7657 7659
f 7671 7670 7674
f 7671 7674 7675
f 7670 7668 7676
f 7670 7676 7674
f 7675 7674 7677
f 7675 7677 7678
f 7674 7676 7679
f 7674 7679 7677
f 7665 7664 7680
f 7665 7680 7681
f 7681 7680 7682
f 7681 7682 7683
f 7668 7665 7681
f 7668 7681 7676
f 7676 7681 7683
f 7676 7683 7679
f 7639 7638 7684
f 7639 7684 7685
f 7638 7633 7686
f 7638 7686 7684
f 7685 7684 7683
f 7685 7683 7682
f 7684 7686 7679
f 7684 7679 7683
f 7630 7629 7687
f 7630 7687 7688
f 7688 7687 7678
f 7688 7678 7677
f 7633 7630 7688
f 7633 7688 7686
f 7686 7688 7677
f 7686 7677 7679
f 7689 7690 7691
f 7689 7691 7692
f 7690 7693 7694
f 7690 7694 7691
f 7692 7691 7695
f 7692 7695 7696
f 7691 7694 7697
f 7691 7697 7695
f 7698 7699 7700
f 7698 7700 7701
f 7701 7700 7702
f 7701 7702 7703
f 7693 7698 7701
f 7693 7701 7694
f 7694 7701 7703
f 7694 7703 7697
f 7704 7705 7706
f 7704 7706 7707
f 7705 7696 7695
f 7705 7695 7706
f 7707 7706 7703
f 7707 7703 7702
f 7706 7695 7697
f 7706 7697 7703
f 7708 7709 7710
f 7708 7710 7711
f 7709 7712 7713
f 7709 7713 7710
f 7711 7710 7714
f 7711 7714 7715
f 7710 7713 7716
f 7710 7716 7714
f 7717 7718 7719
f 7717 7719 7720
f 7720 7719 7721
f 7720 7721 7722
f 7712 7717 7720
f 7712 7720 7713
f 7713 7720 7722
f 7713 7722 7716
f 7723 7724 7725
f 7723 7725 7726
f 7724 7715 7714
f 7724 7714 7725
f 7726 7725 7722
f 7726 7722 7721
f 7725 7714 7716
f 7725 7716 7722
f 7727 7728 7729
f 7727 7729 7730
f 7728 7731 7732
f 7728 7732 7729
f 7730 7729 7733
f 7730 7733 7734
f 7729 7732 7735
f 7729 7735 7733
f 7736 7737 7738
f 7736 7738 7739
f 7739 7738 7740
f 7739 7740 7741
f 7731 7736 7739
f 7731 7739 7732
f 7732 7739 7741
f 7732 7741 7735
f 7742 7743 7744
f 7742 7744 7745
f 7743 7746 7747
f 7743 7747 7744
f 7745 7744 7741
f 7745 7741 7740
f 7744 7747 7735
f 7744 7735 7741
f 7748 7749 7750
f 7748 7750 7751
f 7751 7750 7734
f 7751 7734 7733
f 7746 7748 7751
f 7746 7751 7747
f 7747 7751 7733
f 7747 7733 7735
f 7749 7748 7752
f 7749 7752 7753
f 7748 7746 7754
f 7748 7754 7752
f 7753 7752 7755
f 7753 7755 7756
f 7752 7754 7757
f 7752 7757 7755
f 7743 7742 7758
f 7743 7758 7759
f 7759 7758 7760
f 7759 7760 7761
f 7746 7743 7759
f 7746 7759 7754
f 7754 7759 7761
f 7754 7761 7757
f 7762 7763 7764
f 7762 7764 7765
f 7763 7766 7767
f 7763 7767 7764
f 7765 7764 7761
f 7765 7761 7760
f 7764 7767 7757
f 7764 7757 7761
f 7768 7769 7770
f 7768 7770 7771
f 7771 7770 7756
f 7771 7756 7755
f 7766 7768 7771
f 7766 7771 7767
f 7767 7771 7755
f 7767 7755 7757
f 7769 7768 7772
f 7769 7772 7773
f 7768 7766 7774
f 7768 7774 7772
f 7773 7772 7775
f 7773 7775 7776
f 7772 7774 7777
f 7772 7777 7775
f 7763 7762 7778
f 7763 7778 7779
f 7779 7778 7780
f 7779 7780 7781
f 7766 7763 7779
f 7766 7779 7774
f 7774 7779 7781
f 7774 7781 7777
f 7737 7736 7782
f 7737 7782 7783
f 7736 7731 7784
f 7736 7784 7782
f 7783 7782 7781
f 7783 7781 7780
f 7782 7784 7777
f 7782 7777 7781
f 7728 7727 7785
f 7728 7785 7786
f 7786 7785 7776
f 7786 7776 7775
f 7731 7728 7786
f 7731 7786 7784
f 7784 7786 7775
f 7784 7775 7777
f 7787 7788 7789
f 7787 7789 7790
f 7788 7791 7792
f 7788 7792 7789
f 7790 7789 7793
f 7790 7793 7794
f 7789 7792 7795
f 7789 7795 7793
f 7796 7797 7798
f 7796 7798 7799
f 7799 7798 7800
f 7799 7800 7801
f 7791 7796 7799
f 7791 7799 7792
f 7792 7799 7801
f 7792 7801 7795
f 7802 7803 7804
f 7802 7804 7805
f 7803 7794 7793
f 7803 7793 7804
f 7805 7804 7801
f 7805 7801 7800
f 7804 7793 7795
f 7804 7795 7801
f 7806 7807 7808
f 7806 7808 7809
f 7807 7810 7811
f 7807 7811 7808
f 7809 7808 7812
f 7809 7812 7813
f 7808 7811 7814
f 7808 7814 7812
f 7815 7816 7817
f 7815 7817 7818
f 7818 7817 7819
f 7818 7819 7820
f 7810 7815 7818
f 7810 7818 7811
f 7811 7818 7820
f 7811 7820 7814
f 7821 7822 7823
f 7821 7823 7824
f 7822 7813 7812
f 7822 7812 7823
f 7824 7823 7820
f 7824 7820 7819
f 7823 7812 7814
f 7823 7814 7820
f 7825 7826 7827
f 7825 7827 7828
f 7826 7829 7830
f 7826 7830 7827
f 7828 7827 7831
f 7828 7831 7832
f 7827 7830 7833
f 7827 7833 7831
f 7834 7835 7836
f 7834 7836 7837
f 7837 7836 7838
f 7837 7838 7839
f 7829 7834 7837
f 7829 7837 7830
f 7830 7837 7839
f 7830 7839 7833
f 7840 7841 7842
f 7840 7842 7843
f 7841 7844 7845
f 7841 7845 7842
f 7843 7842 7839
f 7843 7839 7838
f 7842 7845 7833
f 7842 7833 7839
f 7846 7847 7848
f 7846 7848 7849
f 7849 7848 7832
f 7849 7832 7831
f 7844 7846 7849
f 7844 7849 7845
f 7845 7849 7831
f 7845 7831 7833
f 7847 7846 7850
f 7847 7850 7851
f 7846 7844 7852
f 7846 7852 7850
f 7851 7850 7853
f 7851 7853 7854
f 7850 7852 7855
f 7850 7855 7853
f 7841 7840 7856
f 7841 7856 7857
f 7857 7856 7858
f 7857 7858 7859
f 7844 7841 7857
f 7844 7857 7852
f 7852 7857 7859
f 7852 7859 7855
f 7860 7861 7862
f 7860 7862 7863
f 7861 7864 7865
f 7861 7865 7862
f 7863 7862 7859
f 7863 7859 7858
f 7862 7865 7855
f 7862 7855 7859
f 7866 7867 7868
f 7866 7868 7869
f 7869 7868 7854
f 7869 7854 7853
f 7864 7866 7869
f 7864 7869 7865
f 7865 7869 7853
f 7865 7853 7855
f 7867 7866 7870
f 7867 7870 7871
f 7866 7864 7872
f 7866 7872 7870
f 7871 7870 7873
f 7871 7873 7874
f 7870 7872 7875
f 7870 7875 7873
f 7861 7860 7876
f 7861 7876 7877
f 7877 7876 7878
f 7877 7878 7879
f 7864 7861 7877
f 7864 7877 7872
f 7872 7877 7879
f 7872 7879 7875
f 7835 7834 7880
f 7835 7880 7881
f 7834 7829 7882
f 7834 7882 7880
f 7881 7880 7879
f 7881 7879 7878
f 7880 7882 7875
f 7880 7875 7879
f 7826 7825 7883
f 7826 7883 7884
f 7884 7883 7874
f 7884 7874 7873
f 7829 7826 7884
f 7829 7884 7882
f 7882 7884 7873
f 7882 7873 7875
f 7885 7886 7887
f 7885 7887 7888
f 7886 7889 7890
f 7886 7890 7887
f 7888 7887 7891
f 7888 7891 7892
f 7887 7890 7893
f 7887 7893 7891
f 7894 7895 7896
f 7894 7896 7897
f 7897 7896 7898
f 7897 7898 7899
f 7889 7894 7897
f 7889 7897 7890
f 7890 7897 7899
f 7890 7899 7893
f 7900 7901 7902
f 7900 7902 7903
f 7901 7892 7891
f 7901 7891 7902
f 7903 7902 7899
f 7903 7899 7898
f 7902 7891 7893
f 7902 7893 7899
f 7904 7905 7906
f 7904 7906 7907
f 7905 7908 7909
f 7905 7909 7906
f 7907 7906 7910
f 7907 7910 7911
f 7906 7909 7912
f 7906 7912 7910
f 7913 7914 7915
f 7913 7915 7916
f 7916 7915 7917
f 7916 7917 7918
f 7908 7913 7916
f 7908 7916 7909
f 7909 7916 7918
f 7909 7918 7912
f 7919 7920 7921
f 7919 7921 7922
f 7920 7911 7910
f 7920 7910 7921
f 7922 7921 7918
f 7922 7918 7917
f 7921 7910 7912
f 7921 7912 7918
f 7923 7924 7925
f 7923 7925 7926
f 7924 7927 7928
f 7924 7928 7925
f 7926 7925 7929
f 7926 7929 7930
f 7925 7928 7931
f 7925 7931 7929
f 7932 7933 7934
f 7932 7934 7935
f 7935 7934 7936
f 7935 7936 7937
f 7927 7932 7935
f 7927 7935 7928
f 7928 7935 7937
f 7928 7937 7931
f 7938 7939 7940
f 7938 7940 7941
f 7939 7942 7943
f 7939 7943 7940
f 7941 7940 7937
f 7941 7937 7936
f 7940 7943 7931
f 7940 7931 7937
f 7944 7945 7946
f 7944 7946 7947
f 7947 7946 7930
f 7947 7930 7929
f 7942 7944 7947
f 7942 7947 7943
f 7943 7947 7929
f 7943 7929 7931
f 7945 7944 7948
f 7945 7948 7949
f 7944 7942 7950
f 7944 7950 7948
f 7949 7948 7951
f 7949 7951 7952
f 7948 7950 7953
f 7948 7953 7951
f 7939 7938 7954
f 7939 7954 7955
f 7955 7954 7956
f 7955 7956 7957
f 7942 7939 7955
f 7942 7955 7950
f 7950 7955 7957
f 7950 7957 7953
f 7958 7959 7960
f 7958 7960 7961
f 7959 7962 7963
f 7959 7963 7960
f 7961 7960 7957
f 7961 7957 7956
f 7960 7963 7953
f 7960 7953 7957
f 7964 7965 7966
f 7964 7966 7967
f 7967 7966 7952
f 7967 7952 7951
f 7962 7964 7967
f 7962 7967 7963
f 7963 7967 7951
f 7963 7951 7953
f 7965 7964 7968
f 7965 7968 7969
f 7964 7962 7970
f 7964 7970 7968
f 7969 7968 7971
f 7969 7971 7972
f 7968 7970 7973
f 7968 7973 7971
f 7959 7958 7974
f 7959 7974 7975
f 7975 7974 7976
f 7975 7976 7977
f 7962 7959 7975
f 7962 7975 7970
f 7970 7975 7977
f 7970 7977 7973
f 7933 7932 7978
f 7933 7978 7979
f 7932 7927 7980
f 7932 7980 7978
f 7979 7978 7977
f 7979 7977 7976
f 7978 7980 7973
f 7978 7973 7977
f 7924 7923 7981
f 7924 7981 7982
f 7982 7981 7972
f 7982 7972 7971
f 7927 7924 7982
f 7927 7982 7980
f 7980 7982 7971
f 7980 7971 7973
f 7983 7984 7985
f 7983 7985 7986
f 7984 7987 7988
f 7984 7988 7985
f 7986 7985 7989
f 7986 7989 7990
f 7985 7988 7991
f 7985 7991 7989
f 7992 7993 7994
f 7992 7994 7995
f 7995 7994 7996
f 7995 7996 7997
f 7987 7992 7995
f 7987 7995 7988
f 7988 7995 7997
f 7988 7997 7991
f 7998 7999 8000
f 7998 8000 8001
f 7999 7990 7989
f 7999 7989 8000
f 8001 8000 7997
f 8001 7997 7996
f 8000 7989 7991
f 8000 7991 7997
f 8002 8003 8004
f 8002 8004 8005
f 8003 8006 8007
f 8003 8007 8004
f 8005 8004 8008
f 8005 8008 8009
f 8004 8007 8010
f 8004 8010 8008
f 8011 8012 8013
f 8011 8013 8014
f 8014 8013 8015
f 8014 8015 8016
f 8006 8011 8014
f 8006 8014 8007
f 8007 8014 8016
f 8007 8016 8010
f 8017 8018 8019
f 8017 8019 8020
f 8018 8009 8008
f 8018 8008 8019
f 8020 8019 8016
f 8020 8016 8015
f 8019 8008 8010
f 8019 8010 8016
f 8021 8022 8023
f 8021 8023 8024
f 8022 8025 8026
f 8022 8026 8023
f 8024 8023 8027
f 8024 8027 8028
f 8023 8026 8029
f 8023 8029 8027
f 8030 8031 8032
f 8030 8032 8033
f 8033 8032 8034
f 8033 8034 8035
f 8025 8030 8033
f 8025 8033 8026
f 8026 8033 8035
f 8026 8035 8029
f 8036 8037 8038
f 8036 8038 8039
f 8037 8040 8041
f 8037 8041 8038
f 8039 8038 8035
f 8039 8035 8034
f 8038 8041 8029
f 8038 8029 8035
f 8042 8043 8044
f 8042 8044 8045
f 8045 8044 8028
f 8045 8028 8027
f 8040 8042 8045
f 8040 8045 8041
f 8041 8045 8027
f 8041 8027 8029
f 8043 8042 8046
f 8043 8046 8047
f 8042 8040 8048
f 8042 8048 8046
f 8047 8046 8049
f 8047 8049 8050
f 8046 8048 8051
f 8046 8051 8049
f 8037 8036 8052
f 8037 8052 8053
f 8053 8052 8054
f 8053 8054 8055
f 8040 8037 8053
f 8040 8053 8048
f 8048 8053 8055
f 8048 8055 8051
f 8056 8057 8058
f 8056 8058 8059
f 8057 8060 8061
f 8057 8061 8058
f 8059 8058 8055
f 8059 8055 8054
f 8058 8061 8051
f 8058 8051 8055
f 8062 8063 8064
f 8062 8064 8065
f 8065 8064 8050
f 8065 8050 8049
f 8060 8062 8065
f 8060 8065 8061
f 8061 8065 8049
f 8061 8049 8051
f 8063 8062 8066
f 8063 8066 8067
f 8062 8060 8068
f 8062 8068 8066
f 8067 8066 8069
f 8067 8069 8070
f 8066 8068 8071
f 8066 8071 8069
f 8057 8056 8072
f 8057 8072 8073
f 8073 8072 8074
f 8073 8074 8075
f 8060 8057 8073
f 8060 8073 8068
f 8068 8073 8075
f 8068 8075 8071
f 8031 8030 8076
f 8031 8076 8077
f 8030 8025 8078
f 8030 8078 8076
f 8077 8076 8075
f 8077 8075 8074
f 8076 8078 8071
f 8076 8071 8075
f 8022 8021 8079
f 8022 8079 8080
f 8080 8079 8070
f 8080 8070 8069
f 8025 8022 8080
f 8025 8080 8078
f 8078 8080 8069
f 8078 8069 8071
f 8081 8082 8083
f 8081 8083 8084
f 8082 8085 8086
f 8082 8086 8083
f 8084 8083 8087
f 8084 8087 8088
f 8083 8086 8089
f 8083 8089 8087
f 8090 8091 8092
f 8090 8092 8093
f 8093 8092 8094
f 8093 8094 8095
f 8085 8090 8093
f 8085 8093 8086
f 8086 8093 8095
f 8086 8095 8089
f 8096 8097 8098
f 8096 8098 8099
f 8097 8088 8087
f 8097 8087 8098
f 8099 8098 8095
f 8099 8095 8094
f 8098 8087 8089
f 8098 8089 8095
f 8100 8101 8102
f 8100 8102 8103
f 8101 8104 8105
f 8101 8105 8102
f 8103 8102 8106
f 8103 8106 8107
f 8102 8105 8108
f 8102 8108 8106
f 8109 8110 8111
f 8109 8111 8112
f 8112 8111 8113
f 8112 8113 8114
f 8104 8109 8112
f 8104 8112 8105
f 8105 8112 8114
f 8105 8114 8108
f 8115 8116 8117
f 8115 8117 8118
f 8116 8107 8106
f 8116 8106 8117
f 8118 8117 8114
f 8118 8114 8113
f 8117 8106 8108
f 8117 8108 8114
f 8119 8120 8121
f 8119 8121 8122
f 8120 8123 8124
f 8120 8124 8121
f 8122 8121 8125
f 8122 8125 8126
f 8121 8124 8127
f 8121 8127 8125
f 8128 8129 8130
f 8128 8130 8131
f 8131 8130 8132
f 8131 8132 8133
f 8123 8128 8131
f 8123 8131 8124
f 8124 8131 8133
f 8124 8133 8127
f 8134 8135 8136
f 8134 8136 8137
f 8135 8138 8139
f 8135 8139 8136
f 8137 8136 8133
f 8137 8133 8132
f 8136 8139 8127
f 8136 8127 8133
f 8140 8141 8142
f 8140 8142 8143
f 8143 8142 8126
f 8143 8126 8125
f 8138 8140 8143
f 8138 8143 8139
f 8139 8143 8125
f 8139 8125 8127
f 8141 8140 8144
f 8141 8144 8145
f 8140 8138 8146
f 8140 8146 8144
f 8145 8144 8147
f 8145 8147 8148
f 8144 8146 8149
f 8144 8149 8147
f 8135 8134 8150
f 8135 8150 8151
f 8151 8150 8152
f 8151 8152 8153
f 8138 8135 8151
f 8138 8151 8146
f 8146 8151 8153
f 8146 8153 8149
f 8154 8155 8156
f 8154 8156 8157
f 8155 8158 8159
f 8155 8159 8156
f 8157 8156 8153
f 8157 8153 8152
f 8156 8159 8149
f 8156 8149 8153
f 8160 8161 8162
f 8160 8162 8163
f 8163 8162 8148
f 8163 8148 8147
f 8158 8160 8163
f 8158 8163 8159
f 8159 8163 8147
f 8159 8147 8149
f 8161 8160 8164
f 8161 8164 8165
f 8160 8158 8166
f 8160 8166 8164
f 8165 8164 8167
f 8165 8167 8168
f 8164 8166 8169
f 8164 8169 8167
f 8155 8154 8170
f 8155 8170 8171
f 8171 8170 8172
f 8171 8172 8173
f 8158 8155 8171
f 8158 8171 8166
f 8166 8171 8173
f 8166 8173 8169
f 8129 8128 8174
f 8129 8174 8175
f 8128 8123 8176
f 8128 8176 8174
f 8175 8174 8173
f 8175 8173 8172
f 8174 8176 8169
f 8174 8169 8173
f 8120 8119 8177
f 8120 8177 8178
f 8178 8177 8168
f 8178 8168 8167
f 8123 8120 8178
f 8123 8178 8176
f 8176 8178 8167
f 8176 8167 8169
f 8179 8180 8181
f 8179 8181 8182
f 8180 8183 8184
f 8180 8184 8181
f 8182 8181 8185
f 8182 8185 8186
f 8181 8184 8187
f 8181 8187 8185
f 8188 8189 8190
f 8188 8190 8191
f 8191 8190 8192
f 8191 8192 8193
f 8183 8188 8191
f 8183 8191 8184
f 8184 8191 8193
f 8184 8193 8187
f 8194 8195 8196
f 8194 8196 8197
f 8195 8186 8185
f 8195 8185 8196
f 8197 8196 8193
f 8197 8193 8192
f 8196 8185 8187
f 8196 8187 8193
f 8198 8199 8200
f 8198 8200 8201
f 8199 8202 8203
f 8199 8203 8200
f 8201 8200 8204
f 8201 8204 8205
f 8200 8203 8206
f 8200 8206 8204
f 8207 8208 8209
f 8207 8209 8210
f 8210 8209 8211
f 8210 8211 8212
f 8202 8207 8210
f 8202 8210 8203
f 8203 8210 8212
f 8203 8212 8206
f 8213 8214 8215
f 8213 8215 8216
f 8214 8205 8204
f 8214 8204 8215
f 8216 8215 8212
f 8216 8212 8211
f 8215 8204 8206
f 8215 8206 8212
f 8217 8218 8219
f 8217 8219 8220
f 8218 8221 8222
f 8218 8222 8219
f 8220 8219 8223
f 8220 8223 8224
f 8219 8222 8225
f 8219 8225 8223
f 8226 8227 8228
f 8226 8228 8229
f 8229 8228 8230
f 8229 8230 8231
f 8221 8226 8229
f 8221 8229 8222
f 8222 8229 8231
f 8222 8231 8225
f 8232 8233 8234
f 8232 8234 8235
f 8233 8236 8237
f 8233 8237 8234
f 8235 8234 8231
f 8235 8231 8230
f 8234 8237 8225
f 8234 8225 8231
f 8238 8239 8240
f 8238 8240 8241
f 8241 8240 8224
f 8241 8224 8223
f 8236 8238 8241
f 8236 8241 8237
f 8237 8241 8223
f 8237 8223 8225
f 8239 8238 8242
f 8239 8242 8243
f 8238 8236 8244
f 8238 8244 8242
f 8243 8242 8245
f 8243 8245 8246
f 8242 8244 8247
f 8242 8247 8245
f 8233 8232 8248
f 8233 8248 8249
f 8249 8248 8250
f 8249 8250 8251
f 8236 8233 8249
f 8236 8249 8244
f 8244 8249 8251
f 8244 8251 8247
f 8252 8253 8254
f 8252 8254 8255
f 8253 8256 8257
f 8253 8257 8254
f 8255 8254 8251
f 8255 8251 8250
f 8254 8257 8247
f 8254 8247 8251
f 8258 8259 8260
f 8258 8260 8261
f 8261 8260 8246
f 8261 8246 8245
f 8256 8258 8261
f 8256 8261 8257
f 8257 8261 8245
f 8257 8245 8247
f 8259 8258 8262
f 8259 8262 8263
f 8258 8256 8264
f 8258 8264 8262
f 8263 8262 8265
f 8263 8265 8266
f 8262 8264 8267
f 8262 8267 8265
f 8253 8252 8268
f 8253 8268 8269
f 8269 8268 8270
f 8269 8270 8271
f 8256 8253 8269
f 8256 8269 8264
f 8264 8269 8271
f 8264 8271 8267
f 8227 8226 8272
f 8227 8272 8273
f 8226 8221 8274
f 8226 8274 8272
f 8273 8272 8271
f 8273 8271 8270
f 8272 8274 8267
f 8272 8267 8271
f 8218 8217 8275
f 8218 8275 8276
f 8276 8275 8266
f 8276 8266 8265
f 8221 8218 8276
f 8221 8276 8274
f 8274 8276 8265
f 8274 8265 8267
f 8277 8278 8279
f 8277 8279 8280
f 8278 8281 8282
f 8278 8282 8279
f 8280 8279 8283
f 8280 8283 8284
f 8279 8282 8285
f 8279 8285 8283
f 8286 8287 8288
f 8286 8288 8289
f 8289 8288 8290
f 8289 8290 8291
f 8281 8286 8289
f 8281 8289 8282
f 8282 8289 8291
f 8282 8291 8285
f 8292 8293 8294
f 8292 8294 8295
f 8293 8284 8283
f 8293 8283 8294
f 8295 8294 8291
f 8295 8291 8290
f 8294 8283 8285
f 8294 8285 8291
f 8296 8297 8298
f 8296 8298 8299
f 8297 8300 8301
f 8297 8301 8298
f 8299 8298 8302
f 8299 8302 8303
f 8298 8301 8304
f 8298 8304 8302
f 8305 8306 8307
f 8305 8307 8308
f 8308 8307 8309
f 8308 8309 8310
f 8300 8305 8308
f 8300 8308 8301
f 8301 8308 8310
f 8301 8310 8304
f 8311 8312 8313
f 8311 8313 8314
f 8312 8303 8302
f 8312 8302 8313
f 8314 8313 8310
f 8314 8310 8309
f 8313 8302 8304
f 8313 8304 8310
f 8315 8316 8317
f 8315 8317 8318
f 8316 8319 8320
f 8316 8320 8317
f 8318 8317 8321
f 8318 8321 8322
f 8317 8320 8323
f 8317 8323 8321
f 8324 8325 8326
f 8324 8326 8327
f 8327 8326 8328
f 8327 8328 8329
f 8319 8324 8327
f 8319 8327 8320
f 8320 8327 8329
f 8320 8329 8323
f 8330 8331 8332
f 8330 8332 8333
f 8331 8334 8335
f 8331 8335 8332
f 8333 8332 8329
f 8333 8329 8328
f 8332 8335 8323
f 8332 8323 8329
f 8336 8337 8338
f 8336 8338 8339
f 8339 8338 8322
f 8339 8322 8321
f 8334 8336 8339
f 8334 8339 8335
f 8335 8339 8321
f 8335 8321 8323
f 8337 8336 8340
f 8337 8340 8341
f 8336 8334 8342
f 8336 8342 8340
f 8341 8340 8343
f 8341 8343 8344
f 8340 8342 8345
f 8340 8345 8343
f 8331 8330 8346
f 8331 8346 8347
f 8347 8346 8348
f 8347 8348 8349
f 8334 8331 8347
f 8334 8347 8342
f 8342 8347 8349
f 8342 8349 8345
f 8350 8351 8352
f 8350 8352 8353
f 8351 8354 8355
f 8351 8355 8352
f 8353 8352 8349
f 8353 8349 8348
f 8352 8355 8345
f 8352 8345 8349
f 8356 8357 8358
f 8356 8358 8359
f 8359 8358 8344
f 8359 8344 8343
f 8354 8356 8359
f 8354 8359 8355
f 8355 8359 8343
f 8355 8343 8345
f 8357 8356 8360
f 8357 8360 8361
f 8356 8354 8362
f 8356 8362 8360
f 8361 8360 8363
f 8361 8363 8364
f 8360 8362 8365
f 8360 8365 8363
f 8351 8350 8366
f 8351 8366 8367
f 8367 8366 8368
f 8367 8368 8369
f 8354 8351 8367
f 8354 8367 8362
f 8362 8367 8369
f 8362 8369 8365
f 8325 8324 8370
f 8325 8370 8371
f 8324 8319 8372
f 8324 8372 8370
f 8371 8370 8369
f 8371 8369 8368
f 8370 8372 8365
f 8370 8365 8369
f 8316 8315 8373
f 8316 8373 8374
f 8374 8373 8364
f 8374 8364 8363
f 8319 8316 8374
f 8319 8374 8372
f 8372 8374 8363
f 8372 8363 8365
f 8375 8376 8377
f 8375 8377 8378
f 8376 8379 8380
f 8376 8380 8377
f 8378 8377 8381
f 8378 8381 8382
f 8377 8380 8383
f 8377 8383 8381
f 8384 8385 8386
f 8384 8386 8387
f 8387 8386 8388
f 8387 8388 8389
f 8379 8384 8387
f 8379 8387 8380
f 8380 8387 8389
f 8380 8389 8383
f 8390 8391 8392
f 8390 8392 8393
f 8391 8382 8381
f 8391 8381 8392
f 8393 8392 8389
f 8393 8389 8388
f 8392 8381 8383
f 8392 8383 8389
f 8394 8395 8396
f 8394 8396 8397
f 8395 8398 8399
f 8395 8399 8396
f 8397 8396 8400
f 8397 8400 8401
f 8396 8399 8402
f 8396 8402 8400
f 8403 8404 8405
f 8403 8405 8406
f 8406 8405 8407
f 8406 8407 8408
f 8398 8403 8406
f 8398 8406 8399
f 8399 8406 8408
f 8399 8408 8402
f 8409 8410 8411
f 8409 8411 8412
f 8410 8401 8400
f 8410 8400 8411
f 8412 8411 8408
f 8412 8408 8407
f 8411 8400 8402
f 8411 8402 8408
f 8413 8414 8415
f 8413 8415 8416
f 8414 8417 8418
f 8414 8418 8415
f 8416 8415 8419
f 8416 8419 8420
f 8415 8418 8421
f 8415 8421 8419
f 8422 8423 8424
f 8422 8424 8425
f 8425 8424 8426
f 8425 8426 8427
f 8417 8422 8425
f 8417 8425 8418
f 8418 8425 8427
f 8418 8427 8421
f 8428 8429 8430
f 8428 8430 8431
f 8429 8432 8433
f 8429 8433 8430
f 8431 8430 8427
f 8431 8427 8426
f 8430 8433 8421
f 8430 8421 8427
f 8434 8435 8436
f 8434 8436 8437
f 8437 8436 8420
f 8437 8420 8419
f 8432 8434 8437
f 8432 8437 8433
f 8433 8437 8419
f 8433 8419 8421
f 8435 8434 8438
f 8435 8438 8439
f 8434 8432 8440
f 8434 8440 8438
f 8439 8438 8441
f 8439 8441 8442
f 8438 8440 8443
f 8438 8443 8441
f 8429 8428 8444
f 8429 8444 8445
f 8445 8444 8446
f 8445 8446 8447
f 8432 8429 8445
f 8432 8445 8440
f 8440 8445 8447
f 8440 8447 8443
f 8448 8449 8450
f 8448 8450 8451
f 8449 8452 8453
f 8449 8453 8450
f 8451 8450 8447
f 8451 8447 8446
f 8450 8453 8443
f 8450 8443 8447
f 8454 8455 8456
f 8454 8456 8457
f 8457 8456 8442
f 8457 8442 8441
f 8452 8454 8457
f 8452 8457 8453
f 8453 8457 8441
f 8453 8441 8443
f 8455 8454 8458
f 8455 8458 8459
f 8454 8452 8460
f 8454 8460 8458
f 8459 8458 8461
f 8459 8461 8462
f 8458 8460 8463
f 8458 8463 8461
f 8449 8448 8464
f 8449 8464 8465
f 8465 8464 8466
f 8465 8466 8467
f 8452 8449 8465
f 8452 8465 8460
f 8460 8465 8467
f 8460 8467 8463
f 8423 8422 8468
f 8423 8468 8469
f 8422 8417 8470
f 8422 8470 8468
f 8469 8468 8467
f 8469 8467 8466
f 8468 8470 8463
f 8468 8463 8467
f 8414 8413 8471
f 8414 8471 8472
f 8472 8471 8462
f 8472 8462 8461
f 8417 8414 8472
f 8417 8472 8470
f 8470 8472 8461
f 8470 8461 8463
f 8473 8474 8475
f 8473 8475 8476
f 8474 8477 8478
f 8474 8478 8475
f 8476 8475 8479
f 8476 8479 8480
f 8475 8478 8481
f 8475 8481 8479
f 8482 8483 8484
f 8482 8484 8485
f 8485 8484 8486
f 8485 8486 8487
f 8477 8482 8485
f 8477 8485 8478
f 8478 8485 8487
f 8478 8487 8481
f 8488 8489 8490
f 8488 8490 8491
f 8489 8480 8479
f 8489 8479 8490
f 8491 8490 8487
f 8491 8487 8486
f 8490 8479 8481
f 8490 8481 8487
f 8492 8493 8494
f 8492 8494 8495
f 8493 8496 8497
f 8493 8497 8494
f 8495 8494 8498
f 8495 8498 8499
f 8494 8497 8500
f 8494 8500 8498
f 8501 8502 8503
f 8501 8503 8504
f 8504 8503 8505
f 8504 8505 8506
f 8496 8501 8504
f 8496 8504 8497
f 8497 8504 8506
f 8497 8506 8500
f 8507 8508 8509
f 8507 8509 8510
f 8508 8499 8498
f 8508 8498 8509
f 8510 8509 8506
f 8510 8506 8505
f 8509 8498 8500
f 8509 8500 8506
f 8511 8512 8513
f 8511 8513 8514
f 8512 8515 8516
f 8512 8516 8513
f 8514 8513 8517
f 8514 8517 8518
f 8513 8516 8519
f 8513 8519 8517
f 8520 8521 8522
f 8520 8522 8523
f 8523 8522 8524
f 8523 8524 8525
f 8515 8520 8523
f 8515 8523 8516
f 8516 8523 8525
f 8516 8525 8519
f 8526 8527 8528
f 8526 8528 8529
f 8527 8530 8531
f 8527 8531 8528
f 8529 8528 8525
f 8529 8525 8524
f 8528 8531 8519
f 8528 8519 8525
f 8532 8533 8534
f 8532 8534 8535
f 8535 8534 8518
f 8535 8518 8517
f 8530 8532 8535
f 8530 8535 8531
f 8531 8535 8517
f 8531 8517 8519
f 8533 8532 8536
f 8533 8536 8537
f 8532 8530 8538
f 8532 8538 8536
f 8537 8536 8539
f 8537 8539 8540
f 8536 8538 8541
f 8536 8541 8539
f 8527 8526 8542
f 8527 8542 8543
f 8543 8542 8544
f 8543 8544 8545
f 8530 8527 8543
f 8530 8543 8538
f 8538 8543 8545
f 8538 8545 8541
f 8546 8547 8548
f 8546 8548 8549
f 8547 8550 8551
f 8547 8551 8548
f 8549 8548 8545
f 8549 8545 8544
f 8548 8551 8541
f 8548 8541 8545
f 8552 8553 8554
f 8552 8554 8555
f 8555 8554 8540
f 8555 8540 8539
f 8550 8552 8555
f 8550 8555 8551
f 8551 8555 8539
f 8551 8539 8541
f 8553 8552 8556
f 8553 8556 8557
f 8552 8550 8558
f 8552 8558 8556
f 8557 8556 8559
f 8557 8559 8560
f 8556 8558 8561
f 8556 8561 8559
f 8547 8546 8562
f 8547 8562 8563
f 8563 8562 8564
f 8563 8564 8565
f 8550 8547 8563
f 8550 8563 8558
f 8558 8563 8565
f 8558 8565 8561
f 8521 8520 8566
f 8521 8566 8567
f 8520 8515 8568
f 8520 8568 8566
f 8567 8566 8565
f 8567 8565 8564
f 8566 8568 8561
f 8566 8561 8565
f 8512 8511 8569
f 8512 8569 8570
f 8570 8569 8560
f 8570 8560 8559
f 8515 8512 8570
f 8515 8570 8568
f 8568 8570 8559
f 8568 8559 8561
f 8571 8572 8573
f 8571 8573 8574
f 8572 8575 8576
f 8572 8576 8573
f 8574 8573 8577
f 8574 8577 8578
f 8573 8576 8579
f 8573 8579 8577
f 8580 8581 8582
f 8580 8582 8583
f 8583 8582 8584
f 8583 8584 8585
f 8575 8580 8583
f 8575 8583 8576
f 8576 8583 8585
f 8576 8585 8579
f 8586 8587 8588
f 8586 8588 8589
f 8587 8578 8577
f 8587 8577 8588
f 8589 8588 8585
f 8589 8585 8584
f 8588 8577 8579
f 8588 8579 8585
f 8590 8591 8592
f 8590 8592 8593
f 8591 8594 8595
f 8591 8595 8592
f 8593 8592 8596
f 8593 8596 8597
f 8592 8595 8598
f 8592 8598 8596
f 8599 8600 8601
f 8599 8601 8602
f 8602 8601 8603
f 8602 8603 8604
f 8594 8599 8602
f 8594 8602 8595
f 8595 8602 8604
f 8595 8604 8598
f 8605 8606 8607
f 8605 8607 8608
f 8606 8597 8596
f 8606 8596 8607
f 8608 8607 8604
f 8608 8604 8603
f 8607 8596 8598
f 8607 8598 8604
f 8609 8610 8611
f 8609 8611 8612
f 8610 8613 8614
f 8610 8614 8611
f 8612 8611 8615
f 8612 8615 8616
f 8611 8614 8617
f 8611 8617 8615
f 8618 8619 8620
f 8618 8620 8621
f 8621 8620 8622
f 8621 8622 8623
f 8613 8618 8621
f 8613 8621 8614
f 8614 8621 8623
f 8614 8623 8617
f 8624 8625 8626
f 8624 8626 8627
f 8625 8628 8629
f 8625 8629 8626
f 8627 8626 8623
f 8627 8623 8622
f 8626 8629 8617
f 8626 8617 8623
f 8630 8631 8632
f 8630 8632 8633
f 8633 8632 8616
f 8633 8616 8615
f 8628 8630 8633
f 8628 8633 8629
f 8629 8633 8615
f 8629 8615 8617
f 8631 8630 8634
f 8631 8634 8635
f 8630 8628 8636
f 8630 8636 8634
f 8635 8634 8637
f 8635 8637 8638
f 8634 8636 8639
f 8634 8639 8637
f 8625 8624 8640
f 8625 8640 8641
f 8641 8640 8642
f 8641 8642 8643
f 8628 8625 8641
f 8628 8641 8636
f 8636 8641 8643
f 8636 8643 8639
f 8644 8645 8646
f 8644 8646 8647
f 8645 8648 8649
f 8645 8649 8646
f 8647 8646 8643
f 8647 8643 8642
f 8646 8649 8639
f 8646 8639 8643
f 8650 8651 8652
f 8650 8652 8653
f 8653 8652 8638
f 8653 8638 8637
f 8648 8650 8653
f 8648 8653 8649
f 8649 8653 8637
f 8649 8637 8639
f 8651 8650 8654
f 8651 8654 8655
f 8650 8648 8656
f 8650 8656 8654
f 8655 8654 8657
f 8655 8657 8658
f 8654 8656 8659
f 8654 8659 8657
f 8645 8644 8660
f 8645 8660 8661
f 8661 8660 8662
f 8661 8662 8663
f 8648 8645 8661
f 8648 8661 8656
f 8656 8661 8663
f 8656 8663 8659
f 8619 8618 8664
f 8619 8664 8665
f 8618 8613 8666
f 8618 8666 8664
f 8665 8664 8663
f 8665 8663 8662
f 8664 8666 8659
f 8664 8659 8663
f 8610 8609 8667
f 8610 8667 8668
f 8668 8667 8658
f 8668 8658 8657
f 8613 8610 8668
f 8613 8668 8666
f 8666 8668 8657
f 8666 8657 8659
f 8669 8670 8671
f 8669 8671 8672
f 8670 8673 8674
f 8670 8674 8671
f 8672 8671 8675
f 8672 8675 8676
f 8671 8674 8677
f 8671 8677 8675
f 8678 8679 8680
f 8678 8680 8681
f 8681 8680 8682
f 8681 8682 8683
f 8673 8678 8681
f 8673 8681 8674
f 8674 8681 8683
f 8674 8683 8677
f 8684 8685 8686
f 8684 8686 8687
f 8685 8676 8675
f 8685 8675 8686
f 8687 8686 8683
f 8687 8683 8682
f 8686 8675 8677
f 8686 8677 8683
f 8688 8689 8690
f 8688 8690 8691
f 8689 8692 8693
f 8689 8693 8690
f 8691 8690 8694
f 8691 8694 8695
f 8690 8693 8696
f 8690 8696 8694
f 8697 8698 8699
f 8697 8699 8700
f 8700 8699 8701
f 8700 8701 8702
f 8692 8697 8700
f 8692 8700 8693
f 8693 8700 8702
f 8693 8702 8696
f 8703 8704 8705
f 8703 8705 8706
f 8704 8695 8694
f 8704 8694 8705
f 8706 8705 8702
f 8706 8702 8701
f 8705 8694 8696
f 8705 8696 8702
f 8707 8708 8709
f 8707 8709 8710
f 8708 8711 8712
f 8708 8712 8709
f 8710 8709 8713
f 8710 8713 8714
f 8709 8712 8715
f 8709 8715 8713
f 8716 8717 8718
f 8716 8718 8719
f 8719 8718 8720
f 8719 8720 8721
f 8711 8716 8719
f 8711 8719 8712
f 8712 8719 8721
f 8712 8721 8715
f 8722 8723 8724
f 8722 8724 8725
f 8723 8726 8727
f 8723 8727 8724
f 8725 8724 8721
f 8725 8721 8720
f 8724 8727 8715
f 8724 8715 8721
f 8728 8729 8730
f 8728 8730 8731
f 8731 8730 8714
f 8731 8714 8713
f 8726 8728 8731
f 8726 8731 8727
f 8727 8731 8713
f 8727 8713 8715
f 8729 8728 8732
f 8729 8732 8733
f 8728 8726 8734
f 8728 8734 8732
f 8733 8732 8735
f 8733 8735 8736
f 8732 8734 8737
f 8732 8737 8735
f 8723 8722 8738
f 8723 8738 8739
f 8739 8738 8740
f 8739 8740 8741
f 8726 8723 8739
f 8726 8739 8734
f 8734 8739 8741
f 8734 8741 8737
f 8742 8743 8744
f 8742 8744 8745
f 8743 8746 8747
f 8743 8747 8744
f 8745 8744 8741
f 8745 8741 8740
f 8744 8747 8737
f 8744 8737 8741
f 8748 8749 8750
f 8748 8750 8751
f 8751 8750 8736
f 8751 8736 8735
f 8746 8748 8751
f 8746 8751 8747
f 8747 8751 8735
f 8747 8735 8737
f 8749 8748 8752
f 8749 8752 8753
f 8748 8746 8754
f 8748 8754 8752
f 8753 8752 8755
f 8753 8755 8756
f 8752 8754 8757
f 8752 8757 8755
f 8743 8742 8758
f 8743 8758 8759
f 8759 8758 8760
f 8759 8760 8761
f 8746 8743 8759
f 8746 8759 8754
f 8754 8759 8761
f 8754 8761 8757
f 8717 8716 8762
f 8717 8762 8763
f 8716 8711 8764
f 8716 8764 8762
f 8763 8762 8761
f 8763 8761 8760
f 8762 8764 8757
f 8762 8757 8761
f 8708 8707 8765
f 8708 8765 8766
f 8766 8765 8756
f 8766 8756 8755
f 8711 8708 8766
f 8711 8766 8764
f 8764 8766 8755
f 8764 8755 8757
f 8767 8768 8769
f 8767 8769 8770
f 8768 8771 8772
f 8768 8772 8769
f 8770 8769 8773
f 8770 8773 8774
f 8769 8772 8775
f 8769 8775 8773
f 8776 8777 8778
f 8776 8778 8779
f 8779 8778 8780
f 8779 8780 8781
f 8771 8776 8779
f 8771 8779 8772
f 8772 8779 8781
f 8772 8781 8775
f 8782 8783 8784
f 8782 8784 8785
f 8783 8774 8773
f 8783 8773 8784
f 8785 8784 8781
f 8785 8781 8780
f 8784 8773 8775
f 8784 8775 8781
f 8786 8787 8788
f 8786 8788 8789
f 8787 8790 8791
f 8787 8791 8788
f 8789 8788 8792
f 8789 8792 8793
f 8788 8791 8794
f 8788 8794 8792
f 8795 8796 8797
f 8795 8797 8798
f 8798 8797 8799
f 8798 8799 8800
f 8790 8795 8798
f 8790 8798 8791
f 8791 8798 8800
f 8791 8800 8794
f 8801 8802 8803
f 8801 8803 8804
f 8802 8793 8792
f 8802 8792 8803
f 8804 8803 8800
f 8804 8800 8799
f 8803 8792 8794
f 8803 8794 8800
f 8805 8806 8807
f 8805 8807 8808
f 8806 8809 8810
f 8806 8810 8807
f 8808 8807 8811
f 8808 8811 8812
f 8807 8810 8813
f 8807 8813 8811
f 8814 5747 5750
f 8814 5750 8815
f 8815 5750 5745
f 8815 5745 8816
f 8809 8814 8815
f 8809 8815 8810
f 8810 8815 8816
f 8810 8816 8813
f 5742 8817 8818
f 5742 8818 5743
f 8817 8819 8820
f 8817 8820 8818
f 5743 8818 8816
f 5743 8816 5745
f 8818 8820 8813
f 8818 8813 8816
f 8821 8822 8823
f 8821 8823 8824
f 8824 8823 8812
f 8824 8812 8811
f 8819 8821 8824
f 8819 8824 8820
f 8820 8824 8811
f 8820 8811 8813
f 8822 8821 8825
f 8822 8825 8826
f 8821 8819 8827
f 8821 8827 8825
f 8826 8825 8828
f 8826 8828 8829
f 8825 8827 8830
f 8825 8830 8828
f 8817 5742 5741
f 8817 5741 8831
f 8831 5741 5736
f 8831 5736 8832
f 8819 8817 8831
f 8819 8831 8827
f 8827 8831 8832
f 8827 8832 8830
f 5732 8833 8834
f 5732 8834 5733
f 8833 8835 8836
f 8833 8836 8834
f 5733 8834 8832
f 5733 8832 5736
f 8834 8836 8830
f 8834 8830 8832
f 8837 8838 8839
f 8837 8839 8840
f 8840 8839 8829
f 8840 8829 8828
f 8835 8837 8840
f 8835 8840 8836
f 8836 8840 8828
f 8836 8828 8830
f 8838 8837 8841
f 8838 8841 8842
f 8837 8835 8843
f 8837 8843 8841
f 8842 8841 8844
f 8842 8844 8845
f 8841 8843 8846
f 8841 8846 8844
f 8833 5732 5735
f 8833 5735 8847
f 8847 5735 5739
f 8847 5739 8848
f 8835 8833 8847
f 8835 8847 8843
f 8843 8847 8848
f 8843 8848 8846
f 5747 8814 8849
f 5747 8849 5748
f 8814 8809 8850
f 8814 8850 8849
f 5748 8849 8848
f 5748 8848 5739
f 8849 8850 8846
f 8849 8846 8848
f 8806 8805 8851
f 8806 8851 8852
f 8852 8851 8845
f 8852 8845 8844
f 8809 8806 8852
f 8809 8852 8850
f 8850 8852 8844
f 8850 8844 8846
f 8853 8854 8855
f 8853 8855 8856
f 8854 8857 8858
f 8854 8858 8855
f 8856 8855 8859
f 8856 8859 8860
f 8855 8858 8861
f 8855 8861 8859
f 8862 5833 5836
f 8862 5836 8863
f 8863 5836 5831
f 8863 5831 8864
f 8857 8862 8863
f 8857 8863 8858
f 8858 8863 8864
f 8858 8864 8861
f 5828 8865 8866
f 5828 8866 5829
f 8865 8867 8868
f 8865 8868 8866
f 5829 8866 8864
f 5829 8864 5831
f 8866 8868 8861
f 8866 8861 8864
f 8869 8870 8871
f 8869 8871 8872
f 8872 8871 8860
f 8872 8860 8859
f 8867 8869 8872
f 8867 8872 8868
f 8868 8872 8859
f 8868 8859 8861
f 8870 8869 8873
f 8870 8873 8874
f 8869 8867 8875
f 8869 8875 8873
f 8874 8873 8876
f 8874 8876 8877
f 8873 8875 8878
f 8873 8878 8876
f 8865 5828 5827
f 8865 5827 8879
f 8879 5827 5822
f 8879 5822 8880
f 8867 8865 8879
f 8867 8879 8875
f 8875 8879 8880
f 8875 8880 8878
f 5818 8881 8882
f 5818 8882 5819
f 8881 8883 8884
f 8881 8884 8882
f 5819 8882 8880
f 5819 8880 5822
f 8882 8884 8878
f 8882 8878 8880
f 8885 8886 8887
f 8885 8887 8888
f 8888 8887 8877
f 8888 8877 8876
f 8883 8885 8888
f 8883 8888 8884
f 8884 8888 8876
f 8884 8876 8878
f 8886 8885 8889
f 8886 8889 8890
f 8885 8883 8891
f 8885 8891 8889
f 8890 8889 8892
f 8890 8892 8893
f 8889 8891 8894
f 8889 8894 8892
f 8881 5818 5821
f 8881 5821 8895
f 8895 5821 5825
f 8895 5825 8896
f 8883 8881 8895
f 8883 8895 8891
f 8891 8895 8896
f 8891 8896 8894
f 5833 8862 8897
f 5833 8897 5834
f 8862 8857 8898
f 8862 8898 8897
f 5834 8897 8896
f 5834 8896 5825
f 8897 8898 8894
f 8897 8894 8896
f 8854 8853 8899
f 8854 8899 8900
f 8900 8899 8893
f 8900 8893 8892
f 8857 8854 8900
f 8857 8900 8898
f 8898 8900 8892
f 8898 8892 8894
f 8901 8902 8903
f 8901 8903 8904
f 8902 8905 8906
f 8902 8906 8903
f 8904 8903 8907
f 8904 8907 8908
f 8903 8906 8909
f 8903 8909 8907
f 8910 5919 5922
f 8910 5922 8911
f 8911 5922 5917
f 8911 5917 8912
f 8905 8910 8911
f 8905 8911 8906
f 8906 8911 8912
f 8906 8912 8909
f 5914 8913 8914
f 5914 8914 5915
f 8913 8915 8916
f 8913 8916 8914
f 5915 8914 8912
f 5915 8912 5917
f 8914 8916 8909
f 8914 8909 8912
f 8917 8918 8919
f 8917 8919 8920
f 8920 8919 8908
f 8920 8908 8907
f 8915 8917 8920
f 8915 8920 8916
f 8916 8920 8907
f 8916 8907 8909
f 8918 8917 8921
f 8918 8921 8922
f 8917 8915 8923
f 8917 8923 8921
f 8922 8921 8924
f 8922 8924 8925
f 8921 8923 8926
f 8921 8926 8924
f 8913 5914 5913
f 8913 5913 8927
f 8927 5913 5908
f 8927 5908 8928
f 8915 8913 8927
f 8915 8927 8923
f 8923 8927 8928
f 8923 8928 8926
f 5904 8929 8930
f 5904 8930 5905
f 8929 8931 8932
f 8929 8932 8930
f 5905 8930 8928
f 5905 8928 5908
f 8930 8932 8926
f 8930 8926 8928
f 8933 8934 8935
f 8933 8935 8936
f 8936 8935 8925
f 8936 8925 8924
f 8931 8933 8936
f 8931 8936 8932
f 8932 8936 8924
f 8932 8924 8926
f 8934 8933 8937
f 8934 8937 8938
f 8933 8931 8939
f 8933 8939 8937
f 8938 8937 8940
f 8938 8940 8941
f 8937 8939 8942
f 8937 8942 8940
f 8929 5904 5907
f 8929 5907 8943
f 8943 5907 5911
f 8943 5911 8944
f 8931 8929 8943
f 8931 8943 8939
f 8939 8943 8944
f 8939 8944 8942
f 5919 8910 8945
f 5919 8945 5920
f 8910 8905 8946
f 8910 8946 8945
f 5920 8945 8944
f 5920 8944 5911
f 8945 8946 8942
f 8945 8942 8944
f 8902 8901 8947
f 8902 8947 8948
f 8948 8947 8941
f 8948 8941 8940
f 8905 8902 8948
f 8905 8948 8946
f 8946 8948 8940
f 8946 8940 8942
f 8949 8950 8951
f 8949 8951 8952
f 8950 8953 8954
f 8950 8954 8951
f 8952 8951 8955
f 8952 8955 8956
f 8951 8954 8957
f 8951 8957 8955
f 8958 6005 6008
f 8958 6008 8959
f 8959 6008 6003
f 8959 6003 8960
f 8953 8958 8959
f 8953 8959 8954
f 8954 8959 8960
f 8954 8960 8957
f 6000 8961 8962
f 6000 8962 6001
f 8961 8963 8964
f 8961 8964 8962
f 6001 8962 8960
f 6001 8960 6003
f 8962 8964 8957
f 8962 8957 8960
f 8965 8966 8967
f 8965 8967 8968
f 8968 8967 8956
f 8968 8956 8955
f 8963 8965 8968
f 8963 8968 8964
f 8964 8968 8955
f 8964 8955 8957
f 8966 8965 8969
f 8966 8969 8970
f 8965 8963 8971
f 8965 8971 8969
f 8970 8969 8972
f 8970 8972 8973
f 8969 8971 8974
f 8969 8974 8972
f 8961 6000 5999
f 8961 5999 8975
f 8975 5999 5994
f 8975 5994 8976
f 8963 8961 8975
f 8963 8975 8971
f 8971 8975 8976
f 8971 8976 8974
f 5990 8977 8978
f 5990 8978 5991
f 8977 8979 8980
f 8977 8980 8978
f 5991 8978 8976
f 5991 8976 5994
f 8978 8980 8974
f 8978 8974 8976
f 8981 8982 8983
f 8981 8983 8984
f 8984 8983 8973
f 8984 8973 8972
f 8979 8981 8984
f 8979 8984 8980
f 8980 8984 8972
f 8980 8972 8974
f 8982 8981 8985
f 8982 8985 8986
f 8981 8979 8987
f 8981 8987 8985
f 8986 8985 8988
f 8986 8988 8989
f 8985 8987 8990
f 8985 8990 8988
f 8977 5990 5993
f 8977 5993 8991
f 8991 5993 5997
f 8991 5997 8992
f 8979 8977 8991
f 8979 8991 8987
f 8987 8991 8992
f 8987 8992 8990
f 6005 8958 8993
f 6005 8993 6006
f 8958 8953 8994
f 8958 8994 8993
f 6006 8993 8992
f 6006 8992 5997
f 8993 8994 8990
f 8993 8990 8992
f 8950 8949 8995
f 8950 8995 8996
f 8996 8995 8989
f 8996 8989 8988
f 8953 8950 8996
f 8953 8996 8994
f 8994 8996 8988
f 8994 8988 8990
f 8997 8998 8999
f 8997 8999 9000
f 8998 9001 9002
f 8998 9002 8999
f 9000 8999 9003
f 9000 9003 9004
f 8999 9002 9005
f 8999 9005 9003
f 9006 6091 6094
f 9006 6094 9007
f 9007 6094 6089
f 9007 6089 9008
f 9001 9006 9007
f 9001 9007 9002
f 9002 9007 9008
f 9002 9008 9005
f 6086 9009 9010
f 6086 9010 6087
f 9009 9011 9012
f 9009 9012 9010
f 6087 9010 9008
f 6087 9008 6089
f 9010 9012 9005
f 9010 9005 9008
f 9013 9014 9015
f 9013 9015 9016
f 9016 9015 9004
f 9016 9004 9003
f 9011 9013 9016
f 9011 9016 9012
f 9012 9016 9003
f 9012 9003 9005
f 9014 9013 9017
f 9014 9017 9018
f 9013 9011 9019
f 9013 9019 9017
f 9018 9017 9020
f 9018 9020 9021
f 9017 9019 9022
f 9017 9022 9020
f 9009 6086 6085
f 9009 6085 9023
f 9023 6085 6080
f 9023 6080 9024
f 9011 9009 9023
f 9011 9023 9019
f 9019 9023 9024
f 9019 9024 9022
f 6076 9025 9026
f 6076 9026 6077
f 9025 9027 9028
f 9025 9028 9026
f 6077 9026 9024
f 6077 9024 6080
f 9026 9028 9022
f 9026 9022 9024
f 9029 9030 9031
f 9029 9031 9032
f 9032 9031 9021
f 9032 9021 9020
f 9027 9029 9032
f 9027 9032 9028
f 9028 9032 9020
f 9028 9020 9022
f 9030 9029 9033
f 9030 9033 9034
f 9029 9027 9035
f 9029 9035 9033
f 9034 9033 9036
f 9034 9036 9037
f 9033 9035 9038
f 9033 9038 9036
f 9025 6076 6079
f 9025 6079 9039
f 9039 6079 6083
f 9039 6083 9040
f 9027 9025 9039
f 9027 9039 9035
f 9035 9039 9040
f 9035 9040 9038
f 6091 9006 9041
f 6091 9041 6092
f 9006 9001 9042
f 9006 9042 9041
f 6092 9041 9040
f 6092 9040 6083
f 9041 9042 9038
f 9041 9038 9040
f 8998 8997 9043
f 8998 9043 9044
f 9044 9043 9037
f 9044 9037 9036
f 9001 8998 9044
f 9001 9044 9042
f 9042 9044 9036
f 9042 9036 9038
f 9045 9046 9047
f 9045 9047 9048
f 9046 9049 9050
f 9046 9050 9047
f 9048 9047 9051
f 9048 9051 9052
f 9047 9050 9053
f 9047 9053 9051
f 9054 6177 6180
f 9054 6180 9055
f 9055 6180 6175
f 9055 6175 9056
f 9049 9054 9055
f 9049 9055 9050
f 9050 9055 9056
f 9050 9056 9053
f 6172 9057 9058
f 6172 9058 6173
f 9057 9059 9060
f 9057 9060 9058
f 6173 9058 9056
f 6173 9056 6175
f 9058 9060 9053
f 9058 9053 9056
f 9061 9062 9063
f 9061 9063 9064
f 9064 9063 9052
f 9064 9052 9051
f 9059 9061 9064
f 9059 9064 9060
f 9060 9064 9051
f 9060 9051 9053
f 9062 9061 9065
f 9062 9065 9066
f 9061 9059 9067
f 9061 9067 9065
f 9066 9065 9068
f 9066 9068 9069
f 9065 9067 9070
f 9065 9070 9068
f 9057 6172 6171
f 9057 6171 9071
f 9071 6171 6166
f 9071 6166 9072
f 9059 9057 9071
f 9059 9071 9067
f 9067 9071 9072
f 9067 9072 9070
f 6162 9073 9074
f 6162 9074 6163
f 9073 9075 9076
f 9073 9076 9074
f 6163 9074 9072
f 6163 9072 6166
f 9074 9076 9070
f 9074 9070 9072
f 9077 9078 9079
f 9077 9079 9080
f 9080 9079 9069
f 9080 9069 9068
f 9075 9077 9080
f 9075 9080 9076
f 9076 9080 9068
f 9076 9068 9070
f 9078 9077 9081
f 9078 9081 9082
f 9077 9075 9083
f 9077 9083 9081
f 9082 9081 9084
f 9082 9084 9085
f 9081 9083 9086
f 9081 9086 9084
f 9073 6162 6165
f 9073 6165 9087
f 9087 6165 6169
f 9087 6169 9088
f 9075 9073 9087
f 9075 9087 9083
f 9083 9087 9088
f 9083 9088 9086
f 6177 9054 9089
f 6177 9089 6178
f 9054 9049 9090
f 9054 9090 9089
f 6178 9089 9088
f 6178 9088 6169
f 9089 9090 9086
f 9089 9086 9088
f 9046 9045 9091
f 9046 9091 9092
f 9092 9091 9085
f 9092 9085 9084
f 9049 9046 9092
f 9049 9092 9090
f 9090 9092 9084
f 9090 9084 9086
f 9093 9094 9095
f 9093 9095 9096
f 9094 9097 9098
f 9094 9098 9095
f 9096 9095 9099
f 9096 9099 9100
f 9095 9098 9101
f 9095 9101 9099
f 9102 6263 6266
f 9102 6266 9103
f 9103 6266 6261
f 9103 6261 9104
f 9097 9102 9103
f 9097 9103 9098
f 9098 9103 9104
f 9098 9104 9101
f 6258 9105 9106
f 6258 9106 6259
f 9105 9107 9108
f 9105 9108 9106
f 6259 9106 9104
f 6259 9104 6261
f 9106 9108 9101
f 9106 9101 9104
f 9109 9110 9111
f 9109 9111 9112
f 9112 9111 9100
f 9112 9100 9099
f 9107 9109 9112
f 9107 9112 9108
f 9108 9112 9099
f 9108 9099 9101
f 9110 9109 9113
f 9110 9113 9114
f 9109 9107 9115
f 9109 9115 9113
f 9114 9113 9116
f 9114 9116 9117
f 9113 9115 9118
f 9113 9118 9116
f 9105 6258 6257
f 9105 6257 9119
f 9119 6257 6252
f 9119 6252 9120
f 9107 9105 9119
f 9107 9119 9115
f 9115 9119 9120
f 9115 9120 9118
f 6248 9121 9122
f 6248 9122 6249
f 9121 9123 9124
f 9121 9124 9122
f 6249 9122 9120
f 6249 9120 6252
f 9122 9124 9118
f 9122 9118 9120
f 9125 9126 9127
f 9125 9127 9128
f 9128 9127 9117
f 9128 9117 9116
f 9123 9125 9128
f 9123 9128 9124
f 9124 9128 9116
f 9124 9116 9118
f 9126 9125 9129
f 9126 9129 9130
f 9125 9123 9131
f 9125 9131 9129
f 9130 9129 9132
f 9130 9132 9133
f 9129 9131 9134
f 9129 9134 9132
f 9121 6248 6251
f 9121 6251 9135
f 9135 6251 6255
f 9135 6255 9136
f 9123 9121 9135
f 9123 9135 9131
f 9131 9135 9136
f 9131 9136 9134
f 6263 9102 9137
f 6263 9137 6264
f 9102 9097 9138
f 9102 9138 9137
f 6264 9137 9136
f 6264 9136 6255
f 9137 9138 9134
f 9137 9134 9136
f 9094 9093 9139
f 9094 9139 9140
f 9140 9139 9133
f 9140 9133 9132
f 9097 9094 9140
f 9097 9140 9138
f 9138 9140 9132
f 9138 9132 9134
f 9141 9142 9143
f 9141 9143 9144
f 9142 9145 9146
f 9142 9146 9143
f 9144 9143 9147
f 9144 9147 9148
f 9143 9146 9149
f 9143 9149 9147
f 9150 6349 6352
f 9150 6352 9151
f 9151 6352 6347
f 9151 6347 9152
f 9145 9150 9151
f 9145 9151 9146
f 9146 9151 9152
f 9146 9152 9149
f 6344 9153 9154
f 6344 9154 6345
f 9153 9155 9156
f 9153 9156 9154
f 6345 9154 9152
f 6345 9152 6347
f 9154 9156 9149
f 9154 9149 9152
f 9157 9158 9159
f 9157 9159 9160
f 9160 9159 9148
f 9160 9148 9147
f 9155 9157 9160
f 9155 9160 9156
f 9156 9160 9147
f 9156 9147 9149
f 9158 9157 9161
f 9158 9161 9162
f 9157 9155 9163
f 9157 9163 9161
f 9162 9161 9164
f 9162 9164 9165
f 9161 9163 9166
f 9161 9166 9164
f 9153 6344 6343
f 9153 6343 9167
f 9167 6343 6338
f 9167 6338 9168
f 9155 9153 9167
f 9155 9167 9163
f 9163 9167 9168
f 9163 9168 9166
f 6334 9169 9170
f 6334 9170 6335
f 9169 9171 9172
f 9169 9172 9170
f 6335 9170 9168
f 6335 9168 6338
f 9170 9172 9166
f 9170 9166 9168
f 9173 9174 9175
f 9173 9175 9176
f 9176 9175 9165
f 9176 9165 9164
f 9171 9173 9176
f 9171 9176 9172
f 9172 9176 9164
f 9172 9164 9166
f 9174 9173 9177
f 9174 9177 9178
f 9173 9171 9179
f 9173 9179 9177
f 9178 9177 9180
f 9178 9180 9181
f 9177 9179 9182
f 9177 9182 9180
f 9169 6334 6337
f 9169 6337 9183
f 9183 6337 6341
f 9183 6341 9184
f 9171 9169 9183
f 9171 9183 9179
f 9179 9183 9184
f 9179 9184 9182
f 6349 9150 9185
f 6349 9185 6350
f 9150 9145 9186
f 9150 9186 9185
f 6350 9185 9184
f 6350 9184 6341
f 9185 9186 9182
f 9185 9182 9184
f 9142 9141 9187
f 9142 9187 9188
f 9188 9187 9181
f 9188 9181 9180
f 9145 9142 9188
f 9145 9188 9186
f 9186 9188 9180
f 9186 9180 9182
f 6368 9189 9190
f 6368 9190 6369
f 9189 9191 9192
f 9189 9192 9190
f 6369 9190 9193
f 6369 9193 6372
f 9190 9192 9194
f 9190 9194 9193
f 9195 9196 9197
f 9195 9197 9198
f 9198 9197 9199
f 9198 9199 9200
f 9191 9195 9198
f 9191 9198 9192
f 9192 9198 9200
f 9192 9200 9194
f 9201 9202 9203
f 9201 9203 9204
f 9202 9205 9206
f 9202 9206 9203
f 9204 9203 9200
f 9204 9200 9199
f 9203 9206 9194
f 9203 9194 9200
f 9207 6375 6374
f 9207 6374 9208
f 9208 6374 6372
f 9208 6372 9193
f 9205 9207 9208
f 9205 9208 9206
f 9206 9208 9193
f 9206 9193 9194
f 6390 9209 9210
f 6390 9210 6391
f 9209 9211 9212
f 9209 9212 9210
f 6391 9210 9213
f 6391 9213 6394
f 9210 9212 9214
f 9210 9214 9213
f 9215 9216 9217
f 9215 9217 9218
f 9218 9217 9219
f 9218 9219 9220
f 9211 9215 9218
f 9211 9218 9212
f 9212 9218 9220
f 9212 9220 9214
f 9196 9195 9221
f 9196 9221 9222
f 9195 9191 9223
f 9195 9223 9221
f 9222 9221 9220
f 9222 9220 9219
f 9221 9223 9214
f 9221 9214 9220
f 9189 6368 6396
f 9189 6396 9224
f 9224 6396 6394
f 9224 6394 9213
f 9191 9189 9224
f 9191 9224 9223
f 9223 9224 9213
f 9223 9213 9214
f 6375 9207 9225
f 6375 9225 6407
f 9207 9205 9226
f 9207 9226 9225
f 6407 9225 9227
f 6407 9227 6409
f 9225 9226 9228
f 9225 9228 9227
f 9202 9201 9229
f 9202 9229 9230
f 9230 9229 9231
f 9230 9231 9232
f 9205 9202 9230
f 9205 9230 9226
f 9226 9230 9232
f 9226 9232 9228
f 9216 9215 9233
f 9216 9233 9234
f 9215 9211 9235
f 9215 9235 9233
f 9234 9233 9232
f 9234 9232 9231
f 9233 9235 9228
f 9233 9228 9232
f 9209 6390 6411
f 9209 6411 9236
f 9236 6411 6409
f 9236 6409 9227
f 9211 9209 9236
f 9211 9236 9235
f 9235 9236 9227
f 9235 9227 9228
f 6454 9237 9238
f 6454 9238 6455
f 9237 9239 9240
f 9237 9240 9238
f 6455 9238 9241
f 6455 9241 6458
f 9238 9240 9242
f 9238 9242 9241
f 9243 9244 9245
f 9243 9245 9246
f 9246 9245 9247
f 9246 9247 9248
f 9239 9243 9246
f 9239 9246 9240
f 9240 9246 9248
f 9240 9248 9242
f 9249 9250 9251
f 9249 9251 9252
f 9250 9253 9254
f 9250 9254 9251
f 9252 9251 9248
f 9252 9248 9247
f 9251 9254 9242
f 9251 9242 9248
f 9255 6461 6460
f 9255 6460 9256
f 9256 6460 6458
f 9256 6458 9241
f 9253 9255 9256
f 9253 9256 9254
f 9254 9256 9241
f 9254 9241 9242
f 6476 9257 9258
f 6476 9258 6477
f 9257 9259 9260
f 9257 9260 9258
f 6477 9258 9261
f 6477 9261 6480
f 9258 9260 9262
f 9258 9262 9261
f 9263 9264 9265
f 9263 9265 9266
f 9266 9265 9267
f 9266 9267 9268
f 9259 9263 9266
f 9259 9266 9260
f 9260 9266 9268
f 9260 9268 9262
f 9244 9243 9269
f 9244 9269 9270
f 9243 9239 9271
f 9243 9271 9269
f 9270 9269 9268
f 9270 9268 9267
f 9269 9271 9262
f 9269 9262 9268
f 9237 6454 6482
f 9237 6482 9272
f 9272 6482 6480
f 9272 6480 9261
f 9239 9237 9272
f 9239 9272 9271
f 9271 9272 9261
f 9271 9261 9262
f 6461 9255 9273
f 6461 9273 6493
f 9255 9253 9274
f 9255 9274 9273
f 6493 9273 9275
f 6493 9275 6495
f 9273 9274 9276
f 9273 9276 9275
f 9250 9249 9277
f 9250 9277 9278
f 9278 9277 9279
f 9278 9279 9280
f 9253 9250 9278
f 9253 9278 9274
f 9274 9278 9280
f 9274 9280 9276
f 9264 9263 9281
f 9264 9281 9282
f 9263 9259 9283
f 9263 9283 9281
f 9282 9281 9280
f 9282 9280 9279
f 9281 9283 9276
f 9281 9276 9280
f 9257 6476 6497
f 9257 6497 9284
f 9284 6497 6495
f 9284 6495 9275
f 9259 9257 9284
f 9259 9284 9283
f 9283 9284 9275
f 9283 9275 9276
f 6540 9285 9286
f 6540 9286 6541
f 9285 9287 9288
f 9285 9288 9286
f 6541 9286 9289
f 6541 9289 6544
f 9286 9288 9290
f 9286 9290 9289
f 9291 9292 9293
f 9291 9293 9294
f 9294 9293 9295
f 9294 9295 9296
f 9287 9291 9294
f 9287 9294 9288
f 9288 9294 9296
f 9288 9296 9290
f 9297 9298 9299
f 9297 9299 9300
f 9298 9301 9302
f 9298 9302 9299
f 9300 9299 9296
f 9300 9296 9295
f 9299 9302 9290
f 9299 9290 9296
f 9303 6547 6546
f 9303 6546 9304
f 9304 6546 6544
f 9304 6544 9289
f 9301 9303 9304
f 9301 9304 9302
f 9302 9304 9289
f 9302 9289 9290
f 6562 9305 9306
f 6562 9306 6563
f 9305 9307 9308
f 9305 9308 9306
f 6563 9306 9309
f 6563 9309 6566
f 9306 9308 9310
f 9306 9310 9309
f 9311 9312 9313
f 9311 9313 9314
f 9314 9313 9315
f 9314 9315 9316
f 9307 9311 9314
f 9307 9314 9308
f 9308 9314 9316
f 9308 9316 9310
f 9292 9291 9317
f 9292 9317 9318
f 9291 9287 9319
f 9291 9319 9317
f 9318 9317 9316
f 9318 9316 9315
f 9317 9319 9310
f 9317 9310 9316
f 9285 6540 6568
f 9285 6568 9320
f 9320 6568 6566
f 9320 6566 9309
f 9287 9285 9320
f 9287 9320 9319
f 9319 9320 9309
f 9319 9309 9310
f 6547 9303 9321
f 6547 9321 6579
f 9303 9301 9322
f 9303 9322 9321
f 6579 9321 9323
f 6579 9323 6581
f 9321 9322 9324
f 9321 9324 9323
f 9298 9297 9325
f 9298 9325 9326
f 9326 9325 9327
f 9326 9327 9328
f 9301 9298 9326
f 9301 9326 9322
f 9322 9326 9328
f 9322 9328 9324
f 9312 9311 9329
f 9312 9329 9330
f 9311 9307 9331
f 9311 9331 9329
f 9330 9329 9328
f 9330 9328 9327
f 9329 9331 9324
f 9329 9324 9328
f 9305 6562 6583
f 9305 6583 9332
f 9332 6583 6581
f 9332 6581 9323
f 9307 9305 9332
f 9307 9332 9331
f 9331 9332 9323
f 9331 9323 9324
f 6626 9333 9334
f 6626 9334 6627
f 9333 9335 9336
f 9333 9336 9334
f 6627 9334 9337
f 6627 9337 6630
f 9334 9336 9338
f 9334 9338 9337
f 9339 9340 9341
f 9339 9341 9342
f 9342 9341 9343
f 9342 9343 9344
f 9335 9339 9342
f 9335 9342 9336
f 9336 9342 9344
f 9336 9344 9338
f 9345 9346 9347
f 9345 9347 9348
f 9346 9349 9350
f 9346 9350 9347
f 9348 9347 9344
f 9348 9344 9343
f 9347 9350 9338
f 9347 9338 9344
f 9351 6633 6632
f 9351 6632 9352
f 9352 6632 6630
f 9352 6630 9337
f 9349 9351 9352
f 9349 9352 9350
f 9350 9352 9337
f 9350 9337 9338
f 6648 9353 9354
f 6648 9354 6649
f 9353 9355 9356
f 9353 9356 9354
f 6649 9354 9357
f 6649 9357 6652
f 9354 9356 9358
f 9354 9358 9357
f 9359 9360 9361
f 9359 9361 9362
f 9362 9361 9363
f 9362 9363 9364
f 9355 9359 9362
f 9355 9362 9356
f 9356 9362 9364
f 9356 9364 9358
f 9340 9339 9365
f 9340 9365 9366
f 9339 9335 9367
f 9339 9367 9365
f 9366 9365 9364
f 9366 9364 9363
f 9365 9367 9358
f 9365 9358 9364
f 9333 6626 6654
f 9333 6654 9368
f 9368 6654 6652
f 9368 6652 9357
f 9335 9333 9368
f 9335 9368 9367
f 9367 9368 9357
f 9367 9357 9358
f 6633 9351 9369
f 6633 9369 6665
f 9351 9349 9370
f 9351 9370 9369
f 6665 9369 9371
f 6665 9371 6667
f 9369 9370 9372
f 9369 9372 9371
f 9346 9345 9373
f 9346 9373 9374
f 9374 9373 9375
f 9374 9375 9376
f 9349 9346 9374
f 9349 9374 9370
f 9370 9374 9376
f 9370 9376 9372
f 9360 9359 9377
f 9360 9377 9378
f 9359 9355 9379
f 9359 9379 9377
f 9378 9377 9376
f 9378 9376 9375
f 9377 9379 9372
f 9377 9372 9376
f 9353 6648 6669
f 9353 6669 9380
f 9380 6669 6667
f 9380 6667 9371
f 9355 9353 9380
f 9355 9380 9379
f 9379 9380 9371
f 9379 9371 9372
f 6712 9381 9382
f 6712 9382 6713
f 9381 9383 9384
f 9381 9384 9382
f 6713 9382 9385
f 6713 9385 6716
f 9382 9384 9386
f 9382 9386 9385
f 9387 9388 9389
f 9387 9389 9390
f 9390 9389 9391
f 9390 9391 9392
f 9383 9387 9390
f 9383 9390 9384
f 9384 9390 9392
f 9384 9392 9386
f 9393 9394 9395
f 9393 9395 9396
f 9394 9397 9398
f 9394 9398 9395
f 9396 9395 9392
f 9396 9392 9391
f 9395 9398 9386
f 9395 9386 9392
f 9399 6719 6718
f 9399 6718 9400
f 9400 6718 6716
f 9400 6716 9385
f 9397 9399 9400
f 9397 9400 9398
f 9398 9400 9385
f 9398 9385 9386
f 6734 9401 9402
f 6734 9402 6735
f 9401 9403 9404
f 9401 9404 9402
f 6735 9402 9405
f 6735 9405 6738
f 9402 9404 9406
f 9402 9406 9405
f 9407 9408 9409
f 9407 9409 9410
f 9410 9409 9411
f 9410 9411 9412
f 9403 9407 9410
f 9403 9410 9404
f 9404 9410 9412
f 9404 9412 9406
f 9388 9387 9413
f 9388 9413 9414
f 9387 9383 9415
f 9387 9415 9413
f 9414 9413 9412
f 9414 9412 9411
f 9413 9415 9406
f 9413 9406 9412
f 9381 6712 6740
f 9381 6740 9416
f 9416 6740 6738
f 9416 6738 9405
f 9383 9381 9416
f 9383 9416 9415
f 9415 9416 9405
f 9415 9405 9406
f 6719 9399 9417
f 6719 9417 6751
f 9399 9397 9418
f 9399 9418 9417
f 6751 9417 9419
f 6751 9419 6753
f 9417 9418 9420
f 9417 9420 9419
f 9394 9393 9421
f 9394 9421 9422
f 9422 9421 9423
f 9422 9423 9424
f 9397 9394 9422
f 9397 9422 9418
f 9418 9422 9424
f 9418 9424 9420
f 9408 9407 9425
f 9408 9425 9426
f 9407 9403 9427
f 9407 9427 9425
f 9426 9425 9424
f 9426 9424 9423
f 9425 9427 9420
f 9425 9420 9424
f 9401 6734 6755
f 9401 6755 9428
f 9428 6755 6753
f 9428 6753 9419
f 9403 9401 9428
f 9403 9428 9427
f 9427 9428 9419
f 9427 9419 9420
f 6798 9429 9430
f 6798 9430 6799
f 9429 9431 9432
f 9429 9432 9430
f 6799 9430 9433
f 6799 9433 6802
f 9430 9432 9434
f 9430 9434 9433
f 9435 9436 9437
f 9435 9437 9438
f 9438 9437 9439
f 9438 9439 9440
f 9431 9435 9438
f 9431 9438 9432
f 9432 9438 9440
f 9432 9440 9434
f 9441 9442 9443
f 9441 9443 9444
f 9442 9445 9446
f 9442 9446 9443
f 9444 9443 9440
f 9444 9440 9439
f 9443 9446 9434
f 9443 9434 9440
f 9447 6805 6804
f 9447 6804 9448
f 9448 6804 6802
f 9448 6802 9433
f 9445 9447 9448
f 9445 9448 9446
f 9446 9448 9433
f 9446 9433 9434
f 6820 9449 9450
f 6820 9450 6821
f 9449 9451 9452
f 9449 9452 9450
f 6821 9450 9453
f 6821 9453 6824
f 9450 9452 9454
f 9450 9454 9453
f 9455 9456 9457
f 9455 9457 9458
f 9458 9457 9459
f 9458 9459 9460
f 9451 9455 9458
f 9451 9458 9452
f 9452 9458 9460
f 9452 9460 9454
f 9436 9435 9461
f 9436 9461 9462
f 9435 9431 9463
f 9435 9463 9461
f 9462 9461 9460
f 9462 9460 9459
f 9461 9463 9454
f 9461 9454 9460
f 9429 6798 6826
f 9429 6826 9464
f 9464 6826 6824
f 9464 6824 9453
f 9431 9429 9464
f 9431 9464 9463
f 9463 9464 9453
f 9463 9453 9454
f 6805 9447 9465
f 6805 9465 6837
f 9447 9445 9466
f 9447 9466 9465
f 6837 9465 9467
f 6837 9467 6839
f 9465 9466 9468
f 9465 9468 9467
f 9442 9441 9469
f 9442 9469 9470
f 9470 9469 9471
f 9470 9471 9472
f 9445 9442 9470
f 9445 9470 9466
f 9466 9470 9472
f 9466 9472 9468
f 9456 9455 9473
f 9456 9473 9474
f 9455 9451 9475
f 9455 9475 9473
f 9474 9473 9472
f 9474 9472 9471
f 9473 9475 9468
f 9473 9468 9472
f 9449 6820 6841
f 9449 6841 9476
f 9476 6841 6839
f 9476 6839 9467
f 9451 9449 9476
f 9451 9476 9475
f 9475 9476 9467
f 9475 9467 9468
f 6884 9477 9478
f 6884 9478 6885
f 9477 9479 9480
f 9477 9480 9478
f 6885 9478 9481
f 6885 9481 6888
f 9478 9480 9482
f 9478 9482 9481
f 9483 9484 9485
f 9483 9485 9486
f 9486 9485 9487
f 9486 9487 9488
f 9479 9483 9486
f 9479 9486 9480
f 9480 9486 9488
f 9480 9488 9482
f 9489 9490 9491
f 9489 9491 9492
f 9490 9493 9494
f 9490 9494 9491
f 9492 9491 9488
f 9492 9488 9487
f 9491 9494 9482
f 9491 9482 9488
f 9495 6891 6890
f 9495 6890 9496
f 9496 6890 6888
f 9496 6888 9481
f 9493 9495 9496
f 9493 9496 9494
f 9494 9496 9481
f 9494 9481 9482
f 6906 9497 9498
f 6906 9498 6907
f 9497 9499 9500
f 9497 9500 9498
f 6907 9498 9501
f 6907 9501 6910
f 9498 9500 9502
f 9498 9502 9501
f 9503 9504 9505
f 9503 9505 9506
f 9506 9505 9507
f 9506 9507 9508
f 9499 9503 9506
f 9499 9506 9500
f 9500 9506 9508
f 9500 9508 9502
f 9484 9483 9509
f 9484 9509 9510
f 9483 9479 9511
f 9483 9511 9509
f 9510 9509 9508
f 9510 9508 9507
f 9509 9511 9502
f 9509 9502 9508
f 9477 6884 6912
f 9477 6912 9512
f 9512 6912 6910
f 9512 6910 9501
f 9479 9477 9512
f 9479 9512 9511
f 9511 9512 9501
f 9511 9501 9502
f 6891 9495 9513
f 6891 9513 6923
f 9495 9493 9514
f 9495 9514 9513
f 6923 9513 9515
f 6923 9515 6925
f 9513 9514 9516
f 9513 9516 9515
f 9490 9489 9517
f 9490 9517 9518
f 9518 9517 9519
f 9518 9519 9520
f 9493 9490 9518
f 9493 9518 9514
f 9514 9518 9520
f 9514 9520 9516
f 9504 9503 9521
f 9504 9521 9522
f 9503 9499 9523
f 9503 9523 9521
f 9522 9521 9520
f 9522 9520 9519
f 9521 9523 9516
f 9521 9516 9520
f 9497 6906 6927
f 9497 6927 9524
f 9524 6927 6925
f 9524 6925 9515
f 9499 9497 9524
f 9499 9524 9523
f 9523 9524 9515
f 9523 9515 9516
f 6970 9525 9526
f 6970 9526 6971
f 9525 9527 9528
f 9525 9528 9526
f 6971 9526 9529
f 6971 9529 6974
f 9526 9528 9530
f 9526 9530 9529
f 9531 9532 9533
f 9531 9533 9534
f 9534 9533 9535
f 9534 9535 9536
f 9527 9531 9534
f 9527 9534 9528
f 9528 9534 9536
f 9528 9536 9530
f 9537 9538 9539
f 9537 9539 9540
f 9538 9541 9542
f 9538 9542 9539
f 9540 9539 9536
f 9540 9536 9535
f 9539 9542 9530
f 9539 9530 9536
f 9543 6977 6976
f 9543 6976 9544
f 9544 6976 6974
f 9544 6974 9529
f 9541 9543 9544
f 9541 9544 9542
f 9542 9544 9529
f 9542 9529 9530
f 6992 9545 9546
f 6992 9546 6993
f 9545 9547 9548
f 9545 9548 9546
f 6993 9546 9549
f 6993 9549 6996
f 9546 9548 9550
f 9546 9550 9549
f 9551 9552 9553
f 9551 9553 9554
f 9554 9553 9555
f 9554 9555 9556
f 9547 9551 9554
f 9547 9554 9548
f 9548 9554 9556
f 9548 9556 9550
f 9532 9531 9557
f 9532 9557 9558
f 9531 9527 9559
f 9531 9559 9557
f 9558 9557 9556
f 9558 9556 9555
f 9557 9559 9550
f 9557 9550 9556
f 9525 6970 6998
f 9525 6998 9560
f 9560 6998 6996
f 9560 6996 9549
f 9527 9525 9560
f 9527 9560 9559
f 9559 9560 9549
f 9559 9549 9550
f 6977 9543 9561
f 6977 9561 7009
f 9543 9541 9562
f 9543 9562 9561
f 7009 9561 9563
f 7009 9563 7011
f 9561 9562 9564
f 9561 9564 9563
f 9538 9537 9565
f 9538 9565 9566
f 9566 9565 9567
f 9566 9567 9568
f 9541 9538 9566
f 9541 9566 9562
f 9562 9566 9568
f 9562 9568 9564
f 9552 9551 9569
f 9552 9569 9570
f 9551 9547 9571
f 9551 9571 9569
f 9570 9569 9568
f 9570 9568 9567
f 9569 9571 9564
f 9569 9564 9568
f 9545 6992 7013
f 9545 7013 9572
f 9572 7013 7011
f 9572 7011 9563
f 9547 9545 9572
f 9547 9572 9571
f 9571 9572 9563
f 9571 9563 9564
f 5675 9573 9574
f 5675 9574 5676
f 9573 9575 9576
f 9573 9576 9574
f 5676 9574 9577
f 5676 9577 5678
f 9574 9576 9578
f 9574 9578 9577
f 9579 8805 8808
f 9579 8808 9580
f 9580 8808 8812
f 9580 8812 9581
f 9575 9579 9580
f 9575 9580 9576
f 9576 9580 9581
f 9576 9581 9578
f 8822 9582 9583
f 8822 9583 8823
f 9582 9584 9585
f 9582 9585 9583
f 8823 9583 9581
f 8823 9581 8812
f 9583 9585 9578
f 9583 9578 9581
f 9586 5680 5683
f 9586 5683 9587
f 9587 5683 5678
f 9587 5678 9577
f 9584 9586 9587
f 9584 9587 9585
f 9585 9587 9577
f 9585 9577 9578
f 5680 9586 9588
f 5680 9588 5696
f 9586 9584 9589
f 9586 9589 9588
f 5696 9588 9590
f 5696 9590 5698
f 9588 9589 9591
f 9588 9591 9590
f 9582 8822 8826
f 9582 8826 9592
f 9592 8826 8829
f 9592 8829 9593
f 9584 9582 9592
f 9584 9592 9589
f 9589 9592 9593
f 9589 9593 9591
f 8838 9594 9595
f 8838 9595 8839
f 9594 9596 9597
f 9594 9597 9595
f 8839 9595 9593
f 8839 9593 8829
f 9595 9597 9591
f 9595 9591 9593
f 9598 5700 5703
f 9598 5703 9599
f 9599 5703 5698
f 9599 5698 9590
f 9596 9598 9599
f 9596 9599 9597
f 9597 9599 9590
f 9597 9590 9591
f 5700 9598 9600
f 5700 9600 5716
f 9598 9596 9601
f 9598 9601 9600
f 5716 9600 9602
f 5716 9602 5718
f 9600 9601 9603
f 9600 9603 9602
f 9594 8838 8842
f 9594 8842 9604
f 9604 8842 8845
f 9604 8845 9605
f 9596 9594 9604
f 9596 9604 9601
f 9601 9604 9605
f 9601 9605 9603
f 8805 9579 9606
f 8805 9606 8851
f 9579 9575 9607
f 9579 9607 9606
f 8851 9606 9605
f 8851 9605 8845
f 9606 9607 9603
f 9606 9603 9605
f 9573 5675 5721
f 9573 5721 9608
f 9608 5721 5718
f 9608 5718 9602
f 9575 9573 9608
f 9575 9608 9607
f 9607 9608 9602
f 9607 9602 9603
f 5761 9609 9610
f 5761 9610 5762
f 9609 9611 9612
f 9609 9612 9610
f 5762 9610 9613
f 5762 9613 5764
f 9610 9612 9614
f 9610 9614 9613
f 9615 8853 8856
f 9615 8856 9616
f 9616 8856 8860
f 9616 8860 9617
f 9611 9615 9616
f 9611 9616 9612
f 9612 9616 9617
f 9612 9617 9614
f 8870 9618 9619
f 8870 9619 8871
f 9618 9620 9621
f 9618 9621 9619
f 8871 9619 9617
f 8871 9617 8860
f 9619 9621 9614
f 9619 9614 9617
f 9622 5766 5769
f 9622 5769 9623
f 9623 5769 5764
f 9623 5764 9613
f 9620 9622 9623
f 9620 9623 9621
f 9621 9623 9613
f 9621 9613 9614
f 5766 9622 9624
f 5766 9624 5782
f 9622 9620 9625
f 9622 9625 9624
f 5782 9624 9626
f 5782 9626 5784
f 9624 9625 9627
f 9624 9627 9626
f 9618 8870 8874
f 9618 8874 9628
f 9628 8874 8877
f 9628 8877 9629
f 9620 9618 9628
f 9620 9628 9625
f 9625 9628 9629
f 9625 9629 9627
f 8886 9630 9631
f 8886 9631 8887
f 9630 9632 9633
f 9630 9633 9631
f 8887 9631 9629
f 8887 9629 8877
f 9631 9633 9627
f 9631 9627 9629
f 9634 5786 5789
f 9634 5789 9635
f 9635 5789 5784
f 9635 5784 9626
f 9632 9634 9635
f 9632 9635 9633
f 9633 9635 9626
f 9633 9626 9627
f 5786 9634 9636
f 5786 9636 5802
f 9634 9632 9637
f 9634 9637 9636
f 5802 9636 9638
f 5802 9638 5804
f 9636 9637 9639
f 9636 9639 9638
f 9630 8886 8890
f 9630 8890 9640
f 9640 8890 8893
f 9640 8893 9641
f 9632 9630 9640
f 9632 9640 9637
f 9637 9640 9641
f 9637 9641 9639
f 8853 9615 9642
f 8853 9642 8899
f 9615 9611 9643
f 9615 9643 9642
f 8899 9642 9641
f 8899 9641 8893
f 9642 9643 9639
f 9642 9639 9641
f 9609 5761 5807
f 9609 5807 9644
f 9644 5807 5804
f 9644 5804 9638
f 9611 9609 9644
f 9611 9644 9643
f 9643 9644 9638
f 9643 9638 9639
f 5847 9645 9646
f 5847 9646 5848
f 9645 9647 9648
f 9645 9648 9646
f 5848 9646 9649
f 5848 9649 5850
f 9646 9648 9650
f 9646 9650 9649
f 9651 8901 8904
f 9651 8904 9652
f 9652 8904 8908
f 9652 8908 9653
f 9647 9651 9652
f 9647 9652 9648
f 9648 9652 9653
f 9648 9653 9650
f 8918 9654 9655
f 8918 9655 8919
f 9654 9656 9657
f 9654 9657 9655
f 8919 9655 9653
f 8919 9653 8908
f 9655 9657 9650
f 9655 9650 9653
f 9658 5852 5855
f 9658 5855 9659
f 9659 5855 5850
f 9659 5850 9649
f 9656 9658 9659
f 9656 9659 9657
f 9657 9659 9649
f 9657 9649 9650
f 5852 9658 9660
f 5852 9660 5868
f 9658 9656 9661
f 9658 9661 9660
f 5868 9660 9662
f 5868 9662 5870
f 9660 9661 9663
f 9660 9663 9662
f 9654 8918 8922
f 9654 8922 9664
f 9664 8922 8925
f 9664 8925 9665
f 9656 9654 9664
f 9656 9664 9661
f 9661 9664 9665
f 9661 9665 9663
f 8934 9666 9667
f 8934 9667 8935
f 9666 9668 9669
f 9666 9669 9667
f 8935 9667 9665
f 8935 9665 8925
f 9667 9669 9663
f 9667 9663 9665
f 9670 5872 5875
f 9670 5875 9671
f 9671 5875 5870
f 9671 5870 9662
f 9668 9670 9671
f 9668 9671 9669
f 9669 9671 9662
f 9669 9662 9663
f 5872 9670 9672
f 5872 9672 5888
f 9670 9668 9673
f 9670 9673 9672
f 5888 9672 9674
f 5888 9674 5890
f 9672 9673 9675
f 9672 9675 9674
f 9666 8934 8938
f 9666 8938 9676
f 9676 8938 8941
f 9676 8941 9677
f 9668 9666 9676
f 9668 9676 9673
f 9673 9676 9677
f 9673 9677 9675
f 8901 9651 9678
f 8901 9678 8947
f 9651 9647 9679
f 9651 9679 9678
f 8947 9678 9677
f 8947 9677 8941
f 9678 9679 9675
f 9678 9675 9677
f 9645 5847 5893
f 9645 5893 9680
f 9680 5893 5890
f 9680 5890 9674
f 9647 9645 9680
f 9647 9680 9679
f 9679 9680 9674
f 9679 9674 9675
f 5933 9681 9682
f 5933 9682 5934
f 9681 9683 9684
f 9681 9684 9682
f 5934 9682 9685
f 5934 9685 5936
f 9682 9684 9686
f 9682 9686 9685
f 9687 8949 8952
f 9687 8952 9688
f 9688 8952 8956
f 9688 8956 9689
f 9683 9687 9688
f 9683 9688 9684
f 9684 9688 9689
f 9684 9689 9686
f 8966 9690 9691
f 8966 9691 8967
f 9690 9692 9693
f 9690 9693 9691
f 8967 9691 9689
f 8967 9689 8956
f 9691 9693 9686
f 9691 9686 9689
f 9694 5938 5941
f 9694 5941 9695
f 9695 5941 5936
f 9695 5936 9685
f 9692 9694 9695
f 9692 9695 9693
f 9693 9695 9685
f 9693 9685 9686
f 5938 9694 9696
f 5938 9696 5954
f 9694 9692 9697
f 9694 9697 9696
f 5954 9696 9698
f 5954 9698 5956
f 9696 9697 9699
f 9696 9699 9698
f 9690 8966 8970
f 9690 8970 9700
f 9700 8970 8973
f 9700 8973 9701
f 9692 9690 9700
f 9692 9700 9697
f 9697 9700 9701
f 9697 9701 9699
f 8982 9702 9703
f 8982 9703 8983
f 9702 9704 9705
f 9702 9705 9703
f 8983 9703 9701
f 8983 9701 8973
f 9703 9705 9699
f 9703 9699 9701
f 9706 5958 5961
f 9706 5961 9707
f 9707 5961 5956
f 9707 5956 9698
f 9704 9706 9707
f 9704 9707 9705
f 9705 9707 9698
f 9705 9698 9699
f 5958 9706 9708
f 5958 9708 5974
f 9706 9704 9709
f 9706 9709 9708
f 5974 9708 9710
f 5974 9710 5976
f 9708 9709 9711
f 9708 9711 9710
f 9702 8982 8986
f 9702 8986 9712
f 9712 8986 8989
f 9712 8989 9713
f 9704 9702 9712
f 9704 9712 9709
f 9709 9712 9713
f 9709 9713 9711
f 8949 9687 9714
f 8949 9714 8995
f 9687 9683 9715
f 9687 9715 9714
f 8995 9714 9713
f 8995 9713 8989
f 9714 9715 9711
f 9714 9711 9713
f 9681 5933 5979
f 9681 5979 9716
f 9716 5979 5976
f 9716 5976 9710
f 9683 9681 9716
f 9683 9716 9715
f 9715 9716 9710
f 9715 9710 9711
f 6019 9717 9718
f 6019 9718 6020
f 9717 9719 9720
f 9717 9720 9718
f 6020 9718 9721
f 6020 9721 6022
f 9718 9720 9722
f 9718 9722 9721
f 9723 8997 9000
f 9723 9000 9724
f 9724 9000 9004
f 9724 9004 9725
f 9719 9723 9724
f 9719 9724 9720
f 9720 9724 9725
f 9720 9725 9722
f 9014 9726 9727
f 9014 9727 9015
f 9726 9728 9729
f 9726 9729 9727
f 9015 9727 9725
f 9015 9725 9004
f 9727 9729 9722
f 9727 9722 9725
f 9730 6024 6027
f 9730 6027 9731
f 9731 6027 6022
f 9731 6022 9721
f 9728 9730 9731
f 9728 9731 9729
f 9729 9731 9721
f 9729 9721 9722
f 6024 9730 9732
f 6024 9732 6040
f 9730 9728 9733
f 9730 9733 9732
f 6040 9732 9734
f 6040 9734 6042
f 9732 9733 9735
f 9732 9735 9734
f 9726 9014 9018
f 9726 9018 9736
f 9736 9018 9021
f 9736 9021 9737
f 9728 9726 9736
f 9728 9736 9733
f 9733 9736 9737
f 9733 9737 9735
f 9030 9738 9739
f 9030 9739 9031
f 9738 9740 9741
f 9738 9741 9739
f 9031 9739 9737
f 9031 9737 9021
f 9739 9741 9735
f 9739 9735 9737
f 9742 6044 6047
f 9742 6047 9743
f 9743 6047 6042
f 9743 6042 9734
f 9740 9742 9743
f 9740 9743 9741
f 9741 9743 9734
f 9741 9734 9735
f 6044 9742 9744
f 6044 9744 6060
f 9742 9740 9745
f 9742 9745 9744
f 6060 9744 9746
f 6060 9746 6062
f 9744 9745 9747
f 9744 9747 9746
f 9738 9030 9034
f 9738 9034 9748
f 9748 9034 9037
f 9748 9037 9749
f 9740 9738 9748
f 9740 9748 9745
f 9745 9748 9749
f 9745 9749 9747
f 8997 9723 9750
f 8997 9750 9043
f 9723 9719 9751
f 9723 9751 9750
f 9043 9750 9749
f 9043 9749 9037
f 9750 9751 9747
f 9750 9747 9749
f 9717 6019 6065
f 9717 6065 9752
f 9752 6065 6062
f 9752 6062 9746
f 9719 9717 9752
f 9719 9752 9751
f 9751 9752 9746
f 9751 9746 9747
f 6105 9753 9754
f 6105 9754 6106
f 9753 9755 9756
f 9753 9756 9754
f 6106 9754 9757
f 6106 9757 6108
f 9754 9756 9758
f 9754 9758 9757
f 9759 9045 9048
f 9759 9048 9760
f 9760 9048 9052
f 9760 9052 9761
f 9755 9759 9760
f 9755 9760 9756
f 9756 9760 9761
f 9756 9761 9758
f 9062 9762 9763
f 9062 9763 9063
f 9762 9764 9765
f 9762 9765 9763
f 9063 9763 9761
f 9063 9761 9052
f 9763 9765 9758
f 9763 9758 9761
f 9766 6110 6113
f 9766 6113 9767
f 9767 6113 6108
f 9767 6108 9757
f 9764 9766 9767
f 9764 9767 9765
f 9765 9767 9757
f 9765 9757 9758
f 6110 9766 9768
f 6110 9768 6126
f 9766 9764 9769
f 9766 9769 9768
f 6126 9768 9770
f 6126 9770 6128
f 9768 9769 9771
f 9768 9771 9770
f 9762 9062 9066
f 9762 9066 9772
f 9772 9066 9069
f 9772 9069 9773
f 9764 9762 9772
f 9764 9772 9769
f 9769 9772 9773
f 9769 9773 9771
f 9078 9774 9775
f 9078 9775 9079
f 9774 9776 9777
f 9774 9777 9775
f 9079 9775 9773
f 9079 9773 9069
f 9775 9777 9771
f 9775 9771 9773
f 9778 6130 6133
f 9778 6133 9779
f 9779 6133 6128
f 9779 6128 9770
f 9776 9778 9779
f 9776 9779 9777
f 9777 9779 9770
f 9777 9770 9771
f 6130 9778 9780
f 6130 9780 6146
f 9778 9776 9781
f 9778 9781 9780
f 6146 9780 9782
f 6146 9782 6148
f 9780 9781 9783
f 9780 9783 9782
f 9774 9078 9082
f 9774 9082 9784
f 9784 9082 9085
f 9784 9085 9785
f 9776 9774 9784
f 9776 9784 9781
f 9781 9784 9785
f 9781 9785 9783
f 9045 9759 9786
f 9045 9786 9091
f 9759 9755 9787
f 9759 9787 9786
f 9091 9786 9785
f 9091 9785 9085
f 9786 9787 9783
f 9786 9783 9785
f 9753 6105 6151
f 9753 6151 9788
f 9788 6151 6148
f 9788 6148 9782
f 9755 9753 9788
f 9755 9788 9787
f 9787 9788 9782
f 9787 9782 9783
f 6191 9789 9790
f 6191 9790 6192
f 9789 9791 9792
f 9789 9792 9790
f 6192 9790 9793
f 6192 9793 6194
f 9790 9792 9794
f 9790 9794 9793
f 9795 9093 9096
f 9795 9096 9796
f 9796 9096 9100
f 9796 9100 9797
f 9791 9795 9796
f 9791 9796 9792
f 9792 9796 9797
f 9792 9797 9794
f 9110 9798 9799
f 9110 9799 9111
f 9798 9800 9801
f 9798 9801 9799
f 9111 9799 9797
f 9111 9797 9100
f 9799 9801 9794
f 9799 9794 9797
f 9802 6196 6199
f 9802 6199 9803
f 9803 6199 6194
f 9803 6194 9793
f 9800 9802 9803
f 9800 9803 9801
f 9801 9803 9793
f 9801 9793 9794
f 6196 9802 9804
f 6196 9804 6212
f 9802 9800 9805
f 9802 9805 9804
f 6212 9804 9806
f 6212 9806 6214
f 9804 9805 9807
f 9804 9807 9806
f 9798 9110 9114
f 9798 9114 9808
f 9808 9114 9117
f 9808 9117 9809
f 9800 9798 9808
f 9800 9808 9805
f 9805 9808 9809
f 9805 9809 9807
f 9126 9810 9811
f 9126 9811 9127
f 9810 9812 9813
f 9810 9813 9811
f 9127 9811 9809
f 9127 9809 9117
f 9811 9813 9807
f 9811 9807 9809
f 9814 6216 6219
f 9814 6219 9815
f 9815 6219 6214
f 9815 6214 9806
f 9812 9814 9815
f 9812 9815 9813
f 9813 9815 9806
f 9813 9806 9807
f 6216 9814 9816
f 6216 9816 6232
f 9814 9812 9817
f 9814 9817 9816
f 6232 9816 9818
f 6232 9818 6234
f 9816 9817 9819
f 9816 9819 9818
f 9810 9126 9130
f 9810 9130 9820
f 9820 9130 9133
f 9820 9133 9821
f 9812 9810 9820
f 9812 9820 9817
f 9817 9820 9821
f 9817 9821 9819
f 9093 9795 9822
f 9093 9822 9139
f 9795 9791 9823
f 9795 9823 9822
f 9139 9822 9821
f 9139 9821 9133
f 9822 9823 9819
f 9822 9819 9821
f 9789 6191 6237
f 9789 6237 9824
f 9824 6237 6234
f 9824 6234 9818
f 9791 9789 9824
f 9791 9824 9823
f 9823 9824 9818
f 9823 9818 9819
f 6277 9825 9826
f 6277 9826 6278
f 9825 9827 9828
f 9825 9828 9826
f 6278 9826 9829
f 6278 9829 6280
f 9826 9828 9830
f 9826 9830 9829
f 9831 9141 9144
f 9831 9144 9832
f 9832 9144 9148
f 9832 9148 9833
f 9827 9831 9832
f 9827 9832 9828
f 9828 9832 9833
f 9828 9833 9830
f 9158 9834 9835
f 9158 9835 9159
f 9834 9836 9837
f 9834 9837 9835
f 9159 9835 9833
f 9159 9833 9148
f 9835 9837 9830
f 9835 9830 9833
f 9838 6282 6285
f 9838 6285 9839
f 9839 6285 6280
f 9839 6280 9829
f 9836 9838 9839
f 9836 9839 9837
f 9837 9839 9829
f 9837 9829 9830
f 6282 9838 9840
f 6282 9840 6298
f 9838 9836 9841
f 9838 9841 9840
f 6298 9840 9842
f 6298 9842 6300
f 9840 9841 9843
f 9840 9843 9842
f 9834 9158 9162
f 9834 9162 9844
f 9844 9162 9165
f 9844 9165 9845
f 9836 9834 9844
f 9836 9844 9841
f 9841 9844 9845
f 9841 9845 9843
f 9174 9846 9847
f 9174 9847 9175
f 9846 9848 9849
f 9846 9849 9847
f 9175 9847 9845
f 9175 9845 9165
f 9847 9849 9843
f 9847 9843 9845
f 9850 6302 6305
f 9850 6305 9851
f 9851 6305 6300
f 9851 6300 9842
f 9848 9850 9851
f 9848 9851 9849
f 9849 9851 9842
f 9849 9842 9843
f 6302 9850 9852
f 6302 9852 6318
f 9850 9848 9853
f 9850 9853 9852
f 6318 9852 9854
f 6318 9854 6320
f 9852 9853 9855
f 9852 9855 9854
f 9846 9174 9178
f 9846 9178 9856
f 9856 9178 9181
f 9856 9181 9857
f 9848 9846 9856
f 9848 9856 9853
f 9853 9856 9857
f 9853 9857 9855
f 9141 9831 9858
f 9141 9858 9187
f 9831 9827 9859
f 9831 9859 9858
f 9187 9858 9857
f 9187 9857 9181
f 9858 9859 9855
f 9858 9855 9857
f 9825 6277 6323
f 9825 6323 9860
f 9860 6323 6320
f 9860 6320 9854
f 9827 9825 9860
f 9827 9860 9859
f 9859 9860 9854
f 9859 9854 9855
f 9196 9861 9862
f 9196 9862 9197
f 9861 9863 9864
f 9861 9864 9862
f 9197 9862 9865
f 9197 9865 9199
f 9862 9864 9866
f 9862 9866 9865
f 9867 6435 6438
f 9867 6438 9868
f 9868 6438 6433
f 9868 6433 9869
f 9863 9867 9868
f 9863 9868 9864
f 9864 9868 9869
f 9864 9869 9866
f 6430 9870 9871
f 6430 9871 6431
f 9870 9872 9873
f 9870 9873 9871
f 6431 9871 9869
f 6431 9869 6433
f 9871 9873 9866
f 9871 9866 9869
f 9874 9201 9204
f 9874 9204 9875
f 9875 9204 9199
f 9875 9199 9865
f 9872 9874 9875
f 9872 9875 9873
f 9873 9875 9865
f 9873 9865 9866
f 9216 9876 9877
f 9216 9877 9217
f 9876 9878 9879
f 9876 9879 9877
f 9217 9877 9880
f 9217 9880 9219
f 9877 9879 9881
f 9877 9881 9880
f 9882 6420 6423
f 9882 6423 9883
f 9883 6423 6427
f 9883 6427 9884
f 9878 9882 9883
f 9878 9883 9879
f 9879 9883 9884
f 9879 9884 9881
f 6435 9867 9885
f 6435 9885 6436
f 9867 9863 9886
f 9867 9886 9885
f 6436 9885 9884
f 6436 9884 6427
f 9885 9886 9881
f 9885 9881 9884
f 9861 9196 9222
f 9861 9222 9887
f 9887 9222 9219
f 9887 9219 9880
f 9863 9861 9887
f 9863 9887 9886
f 9886 9887 9880
f 9886 9880 9881
f 9201 9874 9888
f 9201 9888 9229
f 9874 9872 9889
f 9874 9889 9888
f 9229 9888 9890
f 9229 9890 9231
f 9888 9889 9891
f 9888 9891 9890
f 9870 6430 6429
f 9870 6429 9892
f 9892 6429 6424
f 9892 6424 9893
f 9872 9870 9892
f 9872 9892 9889
f 9889 9892 9893
f 9889 9893 9891
f 6420 9882 9894
f 6420 9894 6421
f 9882 9878 9895
f 9882 9895 9894
f 6421 9894 9893
f 6421 9893 6424
f 9894 9895 9891
f 9894 9891 9893
f 9876 9216 9234
f 9876 9234 9896
f 9896 9234 9231
f 9896 9231 9890
f 9878 9876 9896
f 9878 9896 9895
f 9895 9896 9890
f 9895 9890 9891
f 9244 9897 9898
f 9244 9898 9245
f 9897 9899 9900
f 9897 9900 9898
f 9245 9898 9901
f 9245 9901 9247
f 9898 9900 9902
f 9898 9902 9901
f 9903 6521 6524
f 9903 6524 9904
f 9904 6524 6519
f 9904 6519 9905
f 9899 9903 9904
f 9899 9904 9900
f 9900 9904 9905
f 9900 9905 9902
f 6516 9906 9907
f 6516 9907 6517
f 9906 9908 9909
f 9906 9909 9907
f 6517 9907 9905
f 6517 9905 6519
f 9907 9909 9902
f 9907 9902 9905
f 9910 9249 9252
f 9910 9252 9911
f 9911 9252 9247
f 9911 9247 9901
f 9908 9910 9911
f 9908 9911 9909
f 9909 9911 9901
f 9909 9901 9902
f 9264 9912 9913
f 9264 9913 9265
f 9912 9914 9915
f 9912 9915 9913
f 9265 9913 9916
f 9265 9916 9267
f 9913 9915 9917
f 9913 9917 9916
f 9918 6506 6509
f 9918 6509 9919
f 9919 6509 6513
f 9919 6513 9920
f 9914 9918 9919
f 9914 9919 9915
f 9915 9919 9920
f 9915 9920 9917
f 6521 9903 9921
f 6521 9921 6522
f 9903 9899 9922
f 9903 9922 9921
f 6522 9921 9920
f 6522 9920 6513
f 9921 9922 9917
f 9921 9917 9920
f 9897 9244 9270
f 9897 9270 9923
f 9923 9270 9267
f 9923 9267 9916
f 9899 9897 9923
f 9899 9923 9922
f 9922 9923 9916
f 9922 9916 9917
f 9249 9910 9924
f 9249 9924 9277
f 9910 9908 9925
f 9910 9925 9924
f 9277 9924 9926
f 9277 9926 9279
f 9924 9925 9927
f 9924 9927 9926
f 9906 6516 6515
f 9906 6515 9928
f 9928 6515 6510
f 9928 6510 9929
f 9908 9906 9928
f 9908 9928 9925
f 9925 9928 9929
f 9925 9929 9927
f 6506 9918 9930
f 6506 9930 6507
f 9918 9914 9931
f 9918 9931 9930
f 6507 9930 9929
f 6507 9929 6510
f 9930 9931 9927
f 9930 9927 9929
f 9912 9264 9282
f 9912 9282 9932
f 9932 9282 9279
f 9932 9279 9926
f 9914 9912 9932
f 9914 9932 9931
f 9931 9932 9926
f 9931 9926 9927
f 9292 9933 9934
f 9292 9934 9293
f 9933 9935 9936
f 9933 9936 9934
f 9293 9934 9937
f 9293 9937 9295
f 9934 9936 9938
f 9934 9938 9937
f 9939 6607 6610
f 9939 6610 9940
f 9940 6610 6605
f 9940 6605 9941
f 9935 9939 9940
f 9935 9940 9936
f 9936 9940 9941
f 9936 9941 9938
f 6602 9942 9943
f 6602 9943 6603
f 9942 9944 9945
f 9942 9945 9943
f 6603 9943 9941
f 6603 9941 6605
f 9943 9945 9938
f 9943 9938 9941
f 9946 9297 9300
f 9946 9300 9947
f 9947 9300 9295
f 9947 9295 9937
f 9944 9946 9947
f 9944 9947 9945
f 9945 9947 9937
f 9945 9937 9938
f 9312 9948 9949
f 9312 9949 9313
f 9948 9950 9951
f 9948 9951 9949
f 9313 9949 9952
f 9313 9952 9315
f 9949 9951 9953
f 9949 9953 9952
f 9954 6592 6595
f 9954 6595 9955
f 9955 6595 6599
f 9955 6599 9956
f 9950 9954 9955
f 9950 9955 9951
f 9951 9955 9956
f 9951 9956 9953
f 6607 9939 9957
f 6607 9957 6608
f 9939 9935 9958
f 9939 9958 9957
f 6608 9957 9956
f 6608 9956 6599
f 9957 9958 9953
f 9957 9953 9956
f 9933 9292 9318
f 9933 9318 9959
f 9959 9318 9315
f 9959 9315 9952
f 9935 9933 9959
f 9935 9959 9958
f 9958 9959 9952
f 9958 9952 9953
f 9297 9946 9960
f 9297 9960 9325
f 9946 9944 9961
f 9946 9961 9960
f 9325 9960 9962
f 9325 9962 9327
f 9960 9961 9963
f 9960 9963 9962
f 9942 6602 6601
f 9942 6601 9964
f 9964 6601 6596
f 9964 6596 9965
f 9944 9942 9964
f 9944 9964 9961
f 9961 9964 9965
f 9961 9965 9963
f 6592 9954 9966
f 6592 9966 6593
f 9954 9950 9967
f 9954 9967 9966
f 6593 9966 9965
f 6593 9965 6596
f 9966 9967 9963
f 9966 9963 9965
f 9948 9312 9330
f 9948 9330 9968
f 9968 9330 9327
f 9968 9327 9962
f 9950 9948 9968
f 9950 9968 9967
f 9967 9968 9962
f 9967 9962 9963
f 9340 9969 9970
f 9340 9970 9341
f 9969 9971 9972
f 9969 9972 9970
f 9341 9970 9973
f 9341 9973 9343
f 9970 9972 9974
f 9970 9974 9973
f 9975 6693 6696
f 9975 6696 9976
f 9976 6696 6691
f 9976 6691 9977
f 9971 9975 9976
f 9971 9976 9972
f 9972 9976 9977
f 9972 9977 9974
f 6688 9978 9979
f 6688 9979 6689
f 9978 9980 9981
f 9978 9981 9979
f 6689 9979 9977
f 6689 9977 6691
f 9979 9981 9974
f 9979 9974 9977
f 9982 9345 9348
f 9982 9348 9983
f 9983 9348 9343
f 9983 9343 9973
f 9980 9982 9983
f 9980 9983 9981
f 9981 9983 9973
f 9981 9973 9974
f 9360 9984 9985
f 9360 9985 9361
f 9984 9986 9987
f 9984 9987 9985
f 9361 9985 9988
f 9361 9988 9363
f 9985 9987 9989
f 9985 9989 9988
f 9990 6678 6681
f 9990 6681 9991
f 9991 6681 6685
f 9991 6685 9992
f 9986 9990 9991
f 9986 9991 9987
f 9987 9991 9992
f 9987 9992 9989
f 6693 9975 9993
f 6693 9993 6694
f 9975 9971 9994
f 9975 9994 9993
f 6694 9993 9992
f 6694 9992 6685
f 9993 9994 9989
f 9993 9989 9992
f 9969 9340 9366
f 9969 9366 9995
f 9995 9366 9363
f 9995 9363 9988
f 9971 9969 9995
f 9971 9995 9994
f 9994 9995 9988
f 9994 9988 9989
f 9345 9982 9996
f 9345 9996 9373
f 9982 9980 9997
f 9982 9997 9996
f 9373 9996 9998
f 9373 9998 9375
f 9996 9997 9999
f 9996 9999 9998
f 9978 6688 6687
f 9978 6687 10000
f 10000 6687 6682
f 10000 6682 10001
f 9980 9978 10000
f 9980 10000 9997
f 9997 10000 10001
f 9997 10001 9999
f 6678 9990 10002
f 6678 10002 6679
f 9990 9986 10003
f 9990 10003 10002
f 6679 10002 10001
f 6679 10001 6682
f 10002 10003 9999
f 10002 9999 10001
f 9984 9360 9378
f 9984 9378 10004
f 10004 9378 9375
f 10004 9375 9998
f 9986 9984 10004
f 9986 10004 10003
f 10003 10004 9998
f 10003 9998 9999
f 9388 10005 10006
f 9388 10006 9389
f 10005 10007 10008
f 10005 10008 10006
f 9389 10006 10009
f 9389 10009 9391
f 10006 10008 10010
f 10006 10010 10009
f 10011 6779 6782
f 10011 6782 10012
f 10012 6782 6777
f 10012 6777 10013
f 10007 10011 10012
f 10007 10012 10008
f 10008 10012 10013
f 10008 10013 10010
f 6774 10014 10015
f 6774 10015 6775
f 10014 10016 10017
f 10014 10017 10015
f 6775 10015 10013
f 6775 10013 6777
f 10015 10017 10010
f 10015 10010 10013
f 10018 9393 9396
f 10018 9396 10019
f 10019 9396 9391
f 10019 9391 10009
f 10016 10018 10019
f 10016 10019 10017
f 10017 10019 10009
f 10017 10009 10010
f 9408 10020 10021
f 9408 10021 9409
f 10020 10022 10023
f 10020 10023 10021
f 9409 10021 10024
f 9409 10024 9411
f 10021 10023 10025
f 10021 10025 10024
f 10026 6764 6767
f 10026 6767 10027
f 10027 6767 6771
f 10027 6771 10028
f 10022 10026 10027
f 10022 10027 10023
f 10023 10027 10028
f 10023 10028 10025
f 6779 10011 10029
f 6779 10029 6780
f 10011 10007 10030
f 10011 10030 10029
f 6780 10029 10028
f 6780 10028 6771
f 10029 10030 10025
f 10029 10025 10028
f 10005 9388 9414
f 10005 9414 10031
f 10031 9414 9411
f 10031 9411 10024
f 10007 10005 10031
f 10007 10031 10030
f 10030 10031 10024
f 10030 10024 10025
f 9393 10018 10032
f 9393 10032 9421
f 10018 10016 10033
f 10018 10033 10032
f 9421 10032 10034
f 9421 10034 9423
f 10032 10033 10035
f 10032 10035 10034
f 10014 6774 6773
f 10014 6773 10036
f 10036 6773 6768
f 10036 6768 10037
f 10016 10014 10036
f 10016 10036 10033
f 10033 10036 10037
f 10033 10037 10035
f 6764 10026 10038
f 6764 10038 6765
f 10026 10022 10039
f 10026 10039 10038
f 6765 10038 10037
f 6765 10037 6768
f 10038 10039 10035
f 10038 10035 10037
f 10020 9408 9426
f 10020 9426 10040
f 10040 9426 9423
f 10040 9423 10034
f 10022 10020 10040
f 10022 10040 10039
f 10039 10040 10034
f 10039 10034 10035
f 9436 10041 10042
f 9436 10042 9437
f 10041 10043 10044
f 10041 10044 10042
f 9437 10042 10045
f 9437 10045 9439
f 10042 10044 10046
f 10042 10046 10045
f 10047 6865 6868
f 10047 6868 10048
f 10048 6868 6863
f 10048 6863 10049
f 10043 10047 10048
f 10043 10048 10044
f 10044 10048 10049
f 10044 10049 10046
f 6860 10050 10051
f 6860 10051 6861
f 10050 10052 10053
f 10050 10053 10051
f 6861 10051 10049
f 6861 10049 6863
f 10051 10053 10046
f 10051 10046 10049
f 10054 9441 9444
f 10054 9444 10055
f 10055 9444 9439
f 10055 9439 10045
f 10052 10054 10055
f 10052 10055 10053
f 10053 10055 10045
f 10053 10045 10046
f 9456 10056 10057
f 9456 10057 9457
f 10056 10058 10059
f 10056 10059 10057
f 9457 10057 10060
f 9457 10060 9459
f 10057 10059 10061
f 10057 10061 10060
f 10062 6850 6853
f 10062 6853 10063
f 10063 6853 6857
f 10063 6857 10064
f 10058 10062 10063
f 10058 10063 10059
f 10059 10063 10064
f 10059 10064 10061
f 6865 10047 10065
f 6865 10065 6866
f 10047 10043 10066
f 10047 10066 10065
f 6866 10065 10064
f 6866 10064 6857
f 10065 10066 10061
f 10065 10061 10064
f 10041 9436 9462
f 10041 9462 10067
f 10067 9462 9459
f 10067 9459 10060
f 10043 10041 10067
f 10043 10067 10066
f 10066 10067 10060
f 10066 10060 10061
f 9441 10054 10068
f 9441 10068 9469
f 10054 10052 10069
f 10054 10069 10068
f 9469 10068 10070
f 9469 10070 9471
f 10068 10069 10071
f 10068 10071 10070
f 10050 6860 6859
f 10050 6859 10072
f 10072 6859 6854
f 10072 6854 10073
f 10052 10050 10072
f 10052 10072 10069
f 10069 10072 10073
f 10069 10073 10071
f 6850 10062 10074
f 6850 10074 6851
f 10062 10058 10075
f 10062 10075 10074
f 6851 10074 10073
f 6851 10073 6854
f 10074 10075 10071
f 10074 10071 10073
f 10056 9456 9474
f 10056 9474 10076
f 10076 9474 9471
f 10076 9471 10070
f 10058 10056 10076
f 10058 10076 10075
f 10075 10076 10070
f 10075 10070 10071
f 9484 10077 10078
f 9484 10078 9485
f 10077 10079 10080
f 10077 10080 10078
f 9485 10078 10081
f 9485 10081 9487
f 10078 10080 10082
f 10078 10082 10081
f 10083 6951 6954
f 10083 6954 10084
f 10084 6954 6949
f 10084 6949 10085
f 10079 10083 10084
f 10079 10084 10080
f 10080 10084 10085
f 10080 10085 10082
f 6946 10086 10087
f 6946 10087 6947
f 10086 10088 10089
f 10086 10089 10087
f 6947 10087 10085
f 6947 10085 6949
f 10087 10089 10082
f 10087 10082 10085
f 10090 9489 9492
f 10090 9492 10091
f 10091 9492 9487
f 10091 9487 10081
f 10088 10090 10091
f 10088 10091 10089
f 10089 10091 10081
f 10089 10081 10082
f 9504 10092 10093
f 9504 10093 9505
f 10092 10094 10095
f 10092 10095 10093
f 9505 10093 10096
f 9505 10096 9507
f 10093 10095 10097
f 10093 10097 10096
f 10098 6936 6939
f 10098 6939 10099
f 10099 6939 6943
f 10099 6943 10100
f 10094 10098 10099
f 10094 10099 10095
f 10095 10099 10100
f 10095 10100 10097
f 6951 10083 10101
f 6951 10101 6952
f 10083 10079 10102
f 10083 10102 10101
f 6952 10101 10100
f 6952 10100 6943
f 10101 10102 10097
f 10101 10097 10100
f 10077 9484 9510
f 10077 9510 10103
f 10103 9510 9507
f 10103 9507 10096
f 10079 10077 10103
f 10079 10103 10102
f 10102 10103 10096
f 10102 10096 10097
f 9489 10090 10104
f 9489 10104 9517
f 10090 10088 10105
f 10090 10105 10104
f 9517 10104 10106
f 9517 10106 9519
f 10104 10105 10107
f 10104 10107 10106
f 10086 6946 6945
f 10086 6945 10108
f 10108 6945 6940
f 10108 6940 10109
f 10088 10086 10108
f 10088 10108 10105
f 10105 10108 10109
f 10105 10109 10107
f 6936 10098 10110
f 6936 10110 6937
f 10098 10094 10111
f 10098 10111 10110
f 6937 10110 10109
f 6937 10109 6940
f 10110 10111 10107
f 10110 10107 10109
f 10092 9504 9522
f 10092 9522 10112
f 10112 9522 9519
f 10112 9519 10106
f 10094 10092 10112
f 10094 10112 10111
f 10111 10112 10106
f 10111 10106 10107
f 9532 10113 10114
f 9532 10114 9533
f 10113 10115 10116
f 10113 10116 10114
f 9533 10114 10117
f 9533 10117 9535
f 10114 10116 10118
f 10114 10118 10117
f 10119 7037 7040
f 10119 7040 10120
f 10120 7040 7035
f 10120 7035 10121
f 10115 10119 10120
f 10115 10120 10116
f 10116 10120 10121
f 10116 10121 10118
f 7032 10122 10123
f 7032 10123 7033
f 10122 10124 10125
f 10122 10125 10123
f 7033 10123 10121
f 7033 10121 7035
f 10123 10125 10118
f 10123 10118 10121
f 10126 9537 9540
f 10126 9540 10127
f 10127 9540 9535
f 10127 9535 10117
f 10124 10126 10127
f 10124 10127 10125
f 10125 10127 10117
f 10125 10117 10118
f 9552 10128 10129
f 9552 10129 9553
f 10128 10130 10131
f 10128 10131 10129
f 9553 10129 10132
f 9553 10132 9555
f 10129 10131 10133
f 10129 10133 10132
f 10134 7022 7025
f 10134 7025 10135
f 10135 7025 7029
f 10135 7029 10136
f 10130 10134 10135
f 10130 10135 10131
f 10131 10135 10136
f 10131 10136 10133
f 7037 10119 10137
f 7037 10137 7038
f 10119 10115 10138
f 10119 10138 10137
f 7038 10137 10136
f 7038 10136 7029
f 10137 10138 10133
f 10137 10133 10136
f 10113 9532 9558
f 10113 9558 10139
f 10139 9558 9555
f 10139 9555 10132
f 10115 10113 10139
f 10115 10139 10138
f 10138 10139 10132
f 10138 10132 10133
f 9537 10126 10140
f 9537 10140 9565
f 10126 10124 10141
f 10126 10141 10140
f 9565 10140 10142
f 9565 10142 9567
f 10140 10141 10143
f 10140 10143 10142
f 10122 7032 7031
f 10122 7031 10144
f 10144 7031 7026
f 10144 7026 10145
f 10124 10122 10144
f 10124 10144 10141
f 10141 10144 10145
f 10141 10145 10143
f 7022 10134 10146
f 7022 10146 7023
f 10134 10130 10147
f 10134 10147 10146
f 7023 10146 10145
f 7023 10145 7026
f 10146 10147 10143
f 10146 10143 10145
f 10128 9552 9570
f 10128 9570 10148
f 10148 9570 9567
f 10148 9567 10142
f 10130 10128 10148
f 10130 10148 10147
f 10147 10148 10142
f 10147 10142 10143
f 5661 5664 10149
f 5661 10149 10150
f 5664 5659 10151
f 5664 10151 10149
f 10150 10149 10152
f 10150 10152 10153
f 10149 10151 10154
f 10149 10154 10152
f 5657 5656 10155
f 5657 10155 10156
f 10156 10155 10157
f 10156 10157 10158
f 5659 5657 10156
f 5659 10156 10151
f 10151 10156 10158
f 10151 10158 10154
f 5582 5585 10159
f 5582 10159 10160
f 5585 5580 10161
f 5585 10161 10159
f 10160 10159 10158
f 10160 10158 10157
f 10159 10161 10154
f 10159 10154 10158
f 5578 5577 10162
f 5578 10162 10163
f 10163 10162 10153
f 10163 10153 10152
f 5580 5578 10163
f 5580 10163 10161
f 10161 10163 10152
f 10161 10152 10154
f 5656 5655 10164
f 5656 10164 10155
f 5655 5650 10165
f 5655 10165 10164
f 10155 10164 10166
f 10155 10166 10157
f 10164 10165 10167
f 10164 10167 10166
f 5647 5646 10168
f 5647 10168 10169
f 10169 10168 10170
f 10169 10170 10171
f 5650 5647 10169
f 5650 10169 10165
f 10165 10169 10171
f 10165 10171 10167
f 5602 5605 10172
f 5602 10172 10173
f 5605 5600 10174
f 5605 10174 10172
f 10173 10172 10171
f 10173 10171 10170
f 10172 10174 10167
f 10172 10167 10171
f 5598 5582 10160
f 5598 10160 10175
f 10175 10160 10157
f 10175 10157 10166
f 5600 5598 10175
f 5600 10175 10174
f 10174 10175 10166
f 10174 10166 10167
f 5646 5649 10176
f 5646 10176 10168
f 5649 5653 10177
f 5649 10177 10176
f 10168 10176 10178
f 10168 10178 10170
f 10176 10177 10179
f 10176 10179 10178
f 5662 5661 10150
f 5662 10150 10180
f 10180 10150 10153
f 10180 10153 10181
f 5653 5662 10180
f 5653 10180 10177
f 10177 10180 10181
f 10177 10181 10179
f 5577 5623 10182
f 5577 10182 10162
f 5623 5620 10183
f 5623 10183 10182
f 10162 10182 10181
f 10162 10181 10153
f 10182 10183 10179
f 10182 10179 10181
f 5618 5602 10173
f 5618 10173 10184
f 10184 10173 10170
f 10184 10170 10178
f 5620 5618 10184
f 5620 10184 10183
f 10183 10184 10178
f 10183 10178 10179
f 5627 5630 10185
f 5627 10185 10186
f 5630 5634 10187
f 5630 10187 10185
f 10186 10185 10188
f 10186 10188 10189
f 10185 10187 10190
f 10185 10190 10188
f 5643 5642 10191
f 5643 10191 10192
f 10192 10191 10193
f 10192 10193 10194
f 5634 5643 10192
f 5634 10192 10187
f 10187 10192 10194
f 10187 10194 10190
f 5567 5570 10195
f 5567 10195 10196
f 5570 5574 10197
f 5570 10197 10195
f 10196 10195 10194
f 10196 10194 10193
f 10195 10197 10190
f 10195 10190 10194
f 5590 5589 10198
f 5590 10198 10199
f 10199 10198 10189
f 10199 10189 10188
f 5574 5590 10199
f 5574 10199 10197
f 10197 10199 10188
f 10197 10188 10190
f 5642 5645 10200
f 5642 10200 10191
f 5645 5640 10201
f 5645 10201 10200
f 10191 10200 10202
f 10191 10202 10193
f 10200 10201 10203
f 10200 10203 10202
f 5638 5637 10204
f 5638 10204 10205
f 10205 10204 10206
f 10205 10206 10207
f 5640 5638 10205
f 5640 10205 10201
f 10201 10205 10207
f 10201 10207 10203
f 5609 5613 10208
f 5609 10208 10209
f 5613 5616 10210
f 5613 10210 10208
f 10209 10208 10207
f 10209 10207 10206
f 10208 10210 10203
f 10208 10203 10207
f 5625 5567 10196
f 5625 10196 10211
f 10211 10196 10193
f 10211 10193 10202
f 5616 5625 10211
f 5616 10211 10210
f 10210 10211 10202
f 10210 10202 10203
f 5637 5636 10212
f 5637 10212 10204
f 5636 5631 10213
f 5636 10213 10212
f 10204 10212 10214
f 10204 10214 10206
f 10212 10213 10215
f 10212 10215 10214
f 5628 5627 10186
f 5628 10186 10216
f 10216 10186 10189
f 10216 10189 10217
f 5631 5628 10216
f 5631 10216 10213
f 10213 10216 10217
f 10213 10217 10215
f 5589 5593 10218
f 5589 10218 10198
f 5593 5596 10219
f 5593 10219 10218
f 10198 10218 10217
f 10198 10217 10189
f 10218 10219 10215
f 10218 10215 10217
f 5610 5609 10209
f 5610 10209 10220
f 10220 10209 10206
f 10220 10206 10214
f 5596 5610 10220
f 5596 10220 10219
f 10219 10220 10214
f 10219 10214 10215
f 7135 7138 10221
f 7135 10221 10222
f 7138 7133 10223
f 7138 10223 10221
f 10222 10221 10224
f 10222 10224 10225
f 10221 10223 10226
f 10221 10226 10224
f 7131 7130 10227
f 7131 10227 10228
f 10228 10227 10229
f 10228 10229 10230
f 7133 7131 10228
f 7133 10228 10223
f 10223 10228 10230
f 10223 10230 10226
f 7056 7059 10231
f 7056 10231 10232
f 7059 7054 10233
f 7059 10233 10231
f 10232 10231 10230
f 10232 10230 10229
f 10231 10233 10226
f 10231 10226 10230
f 7052 7051 10234
f 7052 10234 10235
f 10235 10234 10225
f 10235 10225 10224
f 7054 7052 10235
f 7054 10235 10233
f 10233 10235 10224
f 10233 10224 10226
f 7130 7129 10236
f 7130 10236 10227
f 7129 7124 10237
f 7129 10237 10236
f 10227 10236 10238
f 10227 10238 10229
f 10236 10237 10239
f 10236 10239 10238
f 7121 7120 10240
f 7121 10240 10241
f 10241 10240 10242
f 10241 10242 10243
f 7124 7121 10241
f 7124 10241 10237
f 10237 10241 10243
f 10237 10243 10239
f 7076 7079 10244
f 7076 10244 10245
f 7079 7074 10246
f 7079 10246 10244
f 10245 10244 10243
f 10245 10243 10242
f 10244 10246 10239
f 10244 10239 10243
f 7072 7056 10232
f 7072 10232 10247
f 10247 10232 10229
f 10247 10229 10238
f 7074 7072 10247
f 7074 10247 10246
f 10246 10247 10238
f 10246 10238 10239
f 7120 7123 10248
f 7120 10248 10240
f 7123 7127 10249
f 7123 10249 10248
f 10240 10248 10250
f 10240 10250 10242
f 10248 10249 10251
f 10248 10251 10250
f 7136 7135 10222
f 7136 10222 10252
f 10252 10222 10225
f 10252 10225 10253
f 7127 7136 10252
f 7127 10252 10249
f 10249 10252 10253
f 10249 10253 10251
f 7051 7097 10254
f 7051 10254 10234
f 7097 7094 10255
f 7097 10255 10254
f 10234 10254 10253
f 10234 10253 10225
f 10254 10255 10251
f 10254 10251 10253
f 7092 7076 10245
f 7092 10245 10256
f 10256 10245 10242
f 10256 10242 10250
f 7094 7092 10256
f 7094 10256 10255
f 10255 10256 10250
f 10255 10250 10251
f 7101 7104 10257
f 7101 10257 10258
f 7104 7108 10259
f 7104 10259 10257
f 10258 10257 10260
f 10258 10260 10261
f 10257 10259 10262
f 10257 10262 10260
f 7117 7116 10263
f 7117 10263 10264
f 10264 10263 10265
f 10264 10265 10266
f 7108 7117 10264
f 7108 10264 10259
f 10259 10264 10266
f 10259 10266 10262
f 7041 7044 10267
f 7041 10267 10268
f 7044 7048 10269
f 7044 10269 10267
f 10268 10267 10266
f 10268 10266 10265
f 10267 10269 10262
f 10267 10262 10266
f 7064 7063 10270
f 7064 10270 10271
f 10271 10270 10261
f 10271 10261 10260
f 7048 7064 10271
f 7048 10271 10269
f 10269 10271 10260
f 10269 10260 10262
f 7116 7119 10272
f 7116 10272 10263
f 7119 7114 10273
f 7119 10273 10272
f 10263 10272 10274
f 10263 10274 10265
f 10272 10273 10275
f 10272 10275 10274
f 7112 7111 10276
f 7112 10276 10277
f 10277 10276 10278
f 10277 10278 10279
f 7114 7112 10277
f 7114 10277 10273
f 10273 10277 10279
f 10273 10279 10275
f 7083 7087 10280
f 7083 10280 10281
f 7087 7090 10282
f 7087 10282 10280
f 10281 10280 10279
f 10281 10279 10278
f 10280 10282 10275
f 10280 10275 10279
f 7099 7041 10268
f 7099 10268 10283
f 10283 10268 10265
f 10283 10265 10274
f 7090 7099 10283
f 7090 10283 10282
f 10282 10283 10274
f 10282 10274 10275
f 7111 7110 10284
f 7111 10284 10276
f 7110 7105 10285
f 7110 10285 10284
f 10276 10284 10286
f 10276 10286 10278
f 10284 10285 10287
f 10284 10287 10286
f 7102 7101 10258
f 7102 10258 10288
f 10288 10258 10261
f 10288 10261 10289
f 7105 7102 10288
f 7105 10288 10285
f 10285 10288 10289
f 10285 10289 10287
f 7063 7067 10290
f 7063 10290 10270
f 7067 7070 10291
f 7067 10291 10290
f 10270 10290 10289
f 10270 10289 10261
f 10290 10291 10287
f 10290 10287 10289
f 7084 7083 10281
f 7084 10281 10292
f 10292 10281 10278
f 10292 10278 10286
f 7070 7084 10292
f 7070 10292 10291
f 10291 10292 10286
f 10291 10286 10287
f 7233 7236 10293
f 7233 10293 10294
f 7236 7231 10295
f 7236 10295 10293
f 10294 10293 10296
f 10294 10296 10297
f 10293 10295 10298
f 10293 10298 10296
f 7229 7228 10299
f 7229 10299 10300
f 10300 10299 10301
f 10300 10301 10302
f 7231 7229 10300
f 7231 10300 10295
f 10295 10300 10302
f 10295 10302 10298
f 7154 7157 10303
f 7154 10303 10304
f 7157 7152 10305
f 7157 10305 10303
f 10304 10303 10302
f 10304 10302 10301
f 10303 10305 10298
f 10303 10298 10302
f 7150 7149 10306
f 7150 10306 10307
f 10307 10306 10297
f 10307 10297 10296
f 7152 7150 10307
f 7152 10307 10305
f 10305 10307 10296
f 10305 10296 10298
f 7228 7227 10308
f 7228 10308 10299
f 7227 7222 10309
f 7227 10309 10308
f 10299 10308 10310
f 10299 10310 10301
f 10308 10309 10311
f 10308 10311 10310
f 7219 7218 10312
f 7219 10312 10313
f 10313 10312 10314
f 10313 10314 10315
f 7222 7219 10313
f 7222 10313 10309
f 10309 10313 10315
f 10309 10315 10311
f 7174 7177 10316
f 7174 10316 10317
f 7177 7172 10318
f 7177 10318 10316
f 10317 10316 10315
f 10317 10315 10314
f 10316 10318 10311
f 10316 10311 10315
f 7170 7154 10304
f 7170 10304 10319
f 10319 10304 10301
f 10319 10301 10310
f 7172 7170 10319
f 7172 10319 10318
f 10318 10319 10310
f 10318 10310 10311
f 7218 7221 10320
f 7218 10320 10312
f 7221 7225 10321
f 7221 10321 10320
f 10312 10320 10322
f 10312 10322 10314
f 10320 10321 10323
f 10320 10323 10322
f 7234 7233 10294
f 7234 10294 10324
f 10324 10294 10297
f 10324 10297 10325
f 7225 7234 10324
f 7225 10324 10321
f 10321 10324 10325
f 10321 10325 10323
f 7149 7195 10326
f 7149 10326 10306
f 7195 7192 10327
f 7195 10327 10326
f 10306 10326 10325
f 10306 10325 10297
f 10326 10327 10323
f 10326 10323 10325
f 7190 7174 10317
f 7190 10317 10328
f 10328 10317 10314
f 10328 10314 10322
f 7192 7190 10328
f 7192 10328 10327
f 10327 10328 10322
f 10327 10322 10323
f 7199 7202 10329
f 7199 10329 10330
f 7202 7206 10331
f 7202 10331 10329
f 10330 10329 10332
f 10330 10332 10333
f 10329 10331 10334
f 10329 10334 10332
f 7215 7214 10335
f 7215 10335 10336
f 10336 10335 10337
f 10336 10337 10338
f 7206 7215 10336
f 7206 10336 10331
f 10331 10336 10338
f 10331 10338 10334
f 7139 7142 10339
f 7139 10339 10340
f 7142 7146 10341
f 7142 10341 10339
f 10340 10339 10338
f 10340 10338 10337
f 10339 10341 10334
f 10339 10334 10338
f 7162 7161 10342
f 7162 10342 10343
f 10343 10342 10333
f 10343 10333 10332
f 7146 7162 10343
f 7146 10343 10341
f 10341 10343 10332
f 10341 10332 10334
f 7214 7217 10344
f 7214 10344 10335
f 7217 7212 10345
f 7217 10345 10344
f 10335 10344 10346
f 10335 10346 10337
f 10344 10345 10347
f 10344 10347 10346
f 7210 7209 10348
f 7210 10348 10349
f 10349 10348 10350
f 10349 10350 10351
f 7212 7210 10349
f 7212 10349 10345
f 10345 10349 10351
f 10345 10351 10347
f 7181 7185 10352
f 7181 10352 10353
f 7185 7188 10354
f 7185 10354 10352
f 10353 10352 10351
f 10353 10351 10350
f 10352 10354 10347
f 10352 10347 10351
f 7197 7139 10340
f 7197 10340 10355
f 10355 10340 10337
f 10355 10337 10346
f 7188 7197 10355
f 7188 10355 10354
f 10354 10355 10346
f 10354 10346 10347
f 7209 7208 10356
f 7209 10356 10348
f 7208 7203 10357
f 7208 10357 10356
f 10348 10356 10358
f 10348 10358 10350
f 10356 10357 10359
f 10356 10359 10358
f 7200 7199 10330
f 7200 10330 10360
f 10360 10330 10333
f 10360 10333 10361
f 7203 7200 10360
f 7203 10360 10357
f 10357 10360 10361
f 10357 10361 10359
f 7161 7165 10362
f 7161 10362 10342
f 7165 7168 10363
f 7165 10363 10362
f 10342 10362 10361
f 10342 10361 10333
f 10362 10363 10359
f 10362 10359 10361
f 7182 7181 10353
f 7182 10353 10364
f 10364 10353 10350
f 10364 10350 10358
f 7168 7182 10364
f 7168 10364 10363
f 10363 10364 10358
f 10363 10358 10359
f 7331 7334 10365
f 7331 10365 10366
f 7334 7329 10367
f 7334 10367 10365
f 10366 10365 10368
f 10366 10368 10369
f 10365 10367 10370
f 10365 10370 10368
f 7327 7326 10371
f 7327 10371 10372
f 10372 10371 10373
f 10372 10373 10374
f 7329 7327 10372
f 7329 10372 10367
f 10367 10372 10374
f 10367 10374 10370
f 7252 7255 10375
f 7252 10375 10376
f 7255 7250 10377
f 7255 10377 10375
f 10376 10375 10374
f 10376 10374 10373
f 10375 10377 10370
f 10375 10370 10374
f 7248 7247 10378
f 7248 10378 10379
f 10379 10378 10369
f 10379 10369 10368
f 7250 7248 10379
f 7250 10379 10377
f 10377 10379 10368
f 10377 10368 10370
f 7326 7325 10380
f 7326 10380 10371
f 7325 7320 10381
f 7325 10381 10380
f 10371 10380 10382
f 10371 10382 10373
f 10380 10381 10383
f 10380 10383 10382
f 7317 7316 10384
f 7317 10384 10385
f 10385 10384 10386
f 10385 10386 10387
f 7320 7317 10385
f 7320 10385 10381
f 10381 10385 10387
f 10381 10387 10383
f 7272 7275 10388
f 7272 10388 10389
f 7275 7270 10390
f 7275 10390 10388
f 10389 10388 10387
f 10389 10387 10386
f 10388 10390 10383
f 10388 10383 10387
f 7268 7252 10376
f 7268 10376 10391
f 10391 10376 10373
f 10391 10373 10382
f 7270 7268 10391
f 7270 10391 10390
f 10390 10391 10382
f 10390 10382 10383
f 7316 7319 10392
f 7316 10392 10384
f 7319 7323 10393
f 7319 10393 10392
f 10384 10392 10394
f 10384 10394 10386
f 10392 10393 10395
f 10392 10395 10394
f 7332 7331 10366
f 7332 10366 10396
f 10396 10366 10369
f 10396 10369 10397
f 7323 7332 10396
f 7323 10396 10393
f 10393 10396 10397
f 10393 10397 10395
f 7247 7293 10398
f 7247 10398 10378
f 7293 7290 10399
f 7293 10399 10398
f 10378 10398 10397
f 10378 10397 10369
f 10398 10399 10395
f 10398 10395 10397
f 7288 7272 10389
f 7288 10389 10400
f 10400 10389 10386
f 10400 10386 10394
f 7290 7288 10400
f 7290 10400 10399
f 10399 10400 10394
f 10399 10394 10395
f 7297 7300 10401
f 7297 10401 10402
f 7300 7304 10403
f 7300 10403 10401
f 10402 10401 10404
f 10402 10404 10405
f 10401 10403 10406
f 10401 10406 10404
f 7313 7312 10407
f 7313 10407 10408
f 10408 10407 10409
f 10408 10409 10410
f 7304 7313 10408
f 7304 10408 10403
f 10403 10408 10410
f 10403 10410 10406
f 7237 7240 10411
f 7237 10411 10412
f 7240 7244 10413
f 7240 10413 10411
f 10412 10411 10410
f 10412 10410 10409
f 10411 10413 10406
f 10411 10406 10410
f 7260 7259 10414
f 7260 10414 10415
f 10415 10414 10405
f 10415 10405 10404
f 7244 7260 10415
f 7244 10415 10413
f 10413 10415 10404
f 10413 10404 10406
f 7312 7315 10416
f 7312 10416 10407
f 7315 7310 10417
f 7315 10417 10416
f 10407 10416 10418
f 10407 10418 10409
f 10416 10417 10419
f 10416 10419 10418
f 7308 7307 10420
f 7308 10420 10421
f 10421 10420 10422
f 10421 10422 10423
f 7310 7308 10421
f 7310 10421 10417
f 10417 10421 10423
f 10417 10423 10419
f 7279 7283 10424
f 7279 10424 10425
f 7283 7286 10426
f 7283 10426 10424
f 10425 10424 10423
f 10425 10423 10422
f 10424 10426 10419
f 10424 10419 10423
f 7295 7237 10412
f 7295 10412 10427
f 10427 10412 10409
f 10427 10409 10418
f 7286 7295 10427
f 7286 10427 10426
f 10426 10427 10418
f 10426 10418 10419
f 7307 7306 10428
f 7307 10428 10420
f 7306 7301 10429
f 7306 10429 10428
f 10420 10428 10430
f 10420 10430 10422
f 10428 10429 10431
f 10428 10431 10430
f 7298 7297 10402
f 7298 10402 10432
f 10432 10402 10405
f 10432 10405 10433
f 7301 7298 10432
f 7301 10432 10429
f 10429 10432 10433
f 10429 10433 10431
f 7259 7263 10434
f 7259 10434 10414
f 7263 7266 10435
f 7263 10435 10434
f 10414 10434 10433
f 10414 10433 10405
f 10434 10435 10431
f 10434 10431 10433
f 7280 7279 10425
f 7280 10425 10436
f 10436 10425 10422
f 10436 10422 10430
f 7266 7280 10436
f 7266 10436 10435
f 10435 10436 10430
f 10435 10430 10431
f 7429 7432 10437
f 7429 10437 10438
f 7432 7427 10439
f 7432 10439 10437
f 10438 10437 10440
f 10438 10440 10441
f 10437 10439 10442
f 10437 10442 10440
f 7425 7424 10443
f 7425 10443 10444
f 10444 10443 10445
f 10444 10445 10446
f 7427 7425 10444
f 7427 10444 10439
f 10439 10444 10446
f 10439 10446 10442
f 7350 7353 10447
f 7350 10447 10448
f 7353 7348 10449
f 7353 10449 10447
f 10448 10447 10446
f 10448 10446 10445
f 10447 10449 10442
f 10447 10442 10446
f 7346 7345 10450
f 7346 10450 10451
f 10451 10450 10441
f 10451 10441 10440
f 7348 7346 10451
f 7348 10451 10449
f 10449 10451 10440
f 10449 10440 10442
f 7424 7423 10452
f 7424 10452 10443
f 7423 7418 10453
f 7423 10453 10452
f 10443 10452 10454
f 10443 10454 10445
f 10452 10453 10455
f 10452 10455 10454
f 7415 7414 10456
f 7415 10456 10457
f 10457 10456 10458
f 10457 10458 10459
f 7418 7415 10457
f 7418 10457 10453
f 10453 10457 10459
f 10453 10459 10455
f 7370 7373 10460
f 7370 10460 10461
f 7373 7368 10462
f 7373 10462 10460
f 10461 10460 10459
f 10461 10459 10458
f 10460 10462 10455
f 10460 10455 10459
f 7366 7350 10448
f 7366 10448 10463
f 10463 10448 10445
f 10463 10445 10454
f 7368 7366 10463
f 7368 10463 10462
f 10462 10463 10454
f 10462 10454 10455
f 7414 7417 10464
f 7414 10464 10456
f 7417 7421 10465
f 7417 10465 10464
f 10456 10464 10466
f 10456 10466 10458
f 10464 10465 10467
f 10464 10467 10466
f 7430 7429 10438
f 7430 10438 10468
f 10468 10438 10441
f 10468 10441 10469
f 7421 7430 10468
f 7421 10468 10465
f 10465 10468 10469
f 10465 10469 10467
f 7345 7391 10470
f 7345 10470 10450
f 7391 7388 10471
f 7391 10471 10470
f 10450 10470 10469
f 10450 10469 10441
f 10470 10471 10467
f 10470 10467 10469
f 7386 7370 10461
f 7386 10461 10472
f 10472 10461 10458
f 10472 10458 10466
f 7388 7386 10472
f 7388 10472 10471
f 10471 10472 10466
f 10471 10466 10467
f 7395 7398 10473
f 7395 10473 10474
f 7398 7402 10475
f 7398 10475 10473
f 10474 10473 10476
f 10474 10476 10477
f 10473 10475 10478
f 10473 10478 10476
f 7411 7410 10479
f 7411 10479 10480
f 10480 10479 10481
f 10480 10481 10482
f 7402 7411 10480
f 7402 10480 10475
f 10475 10480 10482
f 10475 10482 10478
f 7335 7338 10483
f 7335 10483 10484
f 7338 7342 10485
f 7338 10485 10483
f 10484 10483 10482
f 10484 10482 10481
f 10483 10485 10478
f 10483 10478 10482
f 7358 7357 10486
f 7358 10486 10487
f 10487 10486 10477
f 10487 10477 10476
f 7342 7358 10487
f 7342 10487 10485
f 10485 10487 10476
f 10485 10476 10478
f 7410 7413 10488
f 7410 10488 10479
f 7413 7408 10489
f 7413 10489 10488
f 10479 10488 10490
f 10479 10490 10481
f 10488 10489 10491
f 10488 10491 10490
f 7406 7405 10492
f 7406 10492 10493
f 10493 10492 10494
f 10493 10494 10495
f 7408 7406 10493
f 7408 10493 10489
f 10489 10493 10495
f 10489 10495 10491
f 7377 7381 10496
f 7377 10496 10497
f 7381 7384 10498
f 7381 10498 10496
f 10497 10496 10495
f 10497 10495 10494
f 10496 10498 10491
f 10496 10491 10495
f 7393 7335 10484
f 7393 10484 10499
f 10499 10484 10481
f 10499 10481 10490
f 7384 7393 10499
f 7384 10499 10498
f 10498 10499 10490
f 10498 10490 10491
f 7405 7404 10500
f 7405 10500 10492
f 7404 7399 10501
f 7404 10501 10500
f 10492 10500 10502
f 10492 10502 10494
f 10500 10501 10503
f 10500 10503 10502
f 7396 7395 10474
f 7396 10474 10504
f 10504 10474 10477
f 10504 10477 10505
f 7399 7396 10504
f 7399 10504 10501
f 10501 10504 10505
f 10501 10505 10503
f 7357 7361 10506
f 7357 10506 10486
f 7361 7364 10507
f 7361 10507 10506
f 10486 10506 10505
f 10486 10505 10477
f 10506 10507 10503
f 10506 10503 10505
f 7378 7377 10497
f 7378 10497 10508
f 10508 10497 10494
f 10508 10494 10502
f 7364 7378 10508
f 7364 10508 10507
f 10507 10508 10502
f 10507 10502 10503
f 7527 7530 10509
f 7527 10509 10510
f 7530 7525 10511
f 7530 10511 10509
f 10510 10509 10512
f 10510 10512 10513
f 10509 10511 10514
f 10509 10514 10512
f 7523 7522 10515
f 7523 10515 10516
f 10516 10515 10517
f 10516 10517 10518
f 7525 7523 10516
f 7525 10516 10511
f 10511 10516 10518
f 10511 10518 10514
f 7448 7451 10519
f 7448 10519 10520
f 7451 7446 10521
f 7451 10521 10519
f 10520 10519 10518
f 10520 10518 10517
f 10519 10521 10514
f 10519 10514 10518
f 7444 7443 10522
f 7444 10522 10523
f 10523 10522 10513
f 10523 10513 10512
f 7446 7444 10523
f 7446 10523 10521
f 10521 10523 10512
f 10521 10512 10514
f 7522 7521 10524
f 7522 10524 10515
f 7521 7516 10525
f 7521 10525 10524
f 10515 10524 10526
f 10515 10526 10517
f 10524 10525 10527
f 10524 10527 10526
f 7513 7512 10528
f 7513 10528 10529
f 10529 10528 10530
f 10529 10530 10531
f 7516 7513 10529
f 7516 10529 10525
f 10525 10529 10531
f 10525 10531 10527
f 7468 7471 10532
f 7468 10532 10533
f 7471 7466 10534
f 7471 10534 10532
f 10533 10532 10531
f 10533 10531 10530
f 10532 10534 10527
f 10532 10527 10531
f 7464 7448 10520
f 7464 10520 10535
f 10535 10520 10517
f 10535 10517 10526
f 7466 7464 10535
f 7466 10535 10534
f 10534 10535 10526
f 10534 10526 10527
f 7512 7515 10536
f 7512 10536 10528
f 7515 7519 10537
f 7515 10537 10536
f 10528 10536 10538
f 10528 10538 10530
f 10536 10537 10539
f 10536 10539 10538
f 7528 7527 10510
f 7528 10510 10540
f 10540 10510 10513
f 10540 10513 10541
f 7519 7528 10540
f 7519 10540 10537
f 10537 10540 10541
f 10537 10541 10539
f 7443 7489 10542
f 7443 10542 10522
f 7489 7486 10543
f 7489 10543 10542
f 10522 10542 10541
f 10522 10541 10513
f 10542 10543 10539
f 10542 10539 10541
f 7484 7468 10533
f 7484 10533 10544
f 10544 10533 10530
f 10544 10530 10538
f 7486 7484 10544
f 7486 10544 10543
f 10543 10544 10538
f 10543 10538 10539
f 7493 7496 10545
f 7493 10545 10546
f 7496 7500 10547
f 7496 10547 10545
f 10546 10545 10548
f 10546 10548 10549
f 10545 10547 10550
f 10545 10550 10548
f 7509 7508 10551
f 7509 10551 10552
f 10552 10551 10553
f 10552 10553 10554
f 7500 7509 10552
f 7500 10552 10547
f 10547 10552 10554
f 10547 10554 10550
f 7433 7436 10555
f 7433 10555 10556
f 7436 7440 10557
f 7436 10557 10555
f 10556 10555 10554
f 10556 10554 10553
f 10555 10557 10550
f 10555 10550 10554
f 7456 7455 10558
f 7456 10558 10559
f 10559 10558 10549
f 10559 10549 10548
f 7440 7456 10559
f 7440 10559 10557
f 10557 10559 10548
f 10557 10548 10550
f 7508 7511 10560
f 7508 10560 10551
f 7511 7506 10561
f 7511 10561 10560
f 10551 10560 10562
f 10551 10562 10553
f 10560 10561 10563
f 10560 10563 10562
f 7504 7503 10564
f 7504 10564 10565
f 10565 10564 10566
f 10565 10566 10567
f 7506 7504 10565
f 7506 10565 10561
f 10561 10565 10567
f 10561 10567 10563
f 7475 7479 10568
f 7475 10568 10569
f 7479 7482 10570
f 7479 10570 10568
f 10569 10568 10567
f 10569 10567 10566
f 10568 10570 10563
f 10568 10563 10567
f 7491 7433 10556
f 7491 10556 10571
f 10571 10556 10553
f 10571 10553 10562
f 7482 7491 10571
f 7482 10571 10570
f 10570 10571 10562
f 10570 10562 10563
f 7503 7502 10572
f 7503 10572 10564
f 7502 7497 10573
f 7502 10573 10572
f 10564 10572 10574
f 10564 10574 10566
f 10572 10573 10575
f 10572 10575 10574
f 7494 7493 10546
f 7494 10546 10576
f 10576 10546 10549
f 10576 10549 10577
f 7497 7494 10576
f 7497 10576 10573
f 10573 10576 10577
f 10573 10577 10575
f 7455 7459 10578
f 7455 10578 10558
f 7459 7462 10579
f 7459 10579 10578
f 10558 10578 10577
f 10558 10577 10549
f 10578 10579 10575
f 10578 10575 10577
f 7476 7475 10569
f 7476 10569 10580
f 10580 10569 10566
f 10580 10566 10574
f 7462 7476 10580
f 7462 10580 10579
f 10579 10580 10574
f 10579 10574 10575
f 7625 7628 10581
f 7625 10581 10582
f 7628 7623 10583
f 7628 10583 10581
f 10582 10581 10584
f 10582 10584 10585
f 10581 10583 10586
f 10581 10586 10584
f 7621 7620 10587
f 7621 10587 10588
f 10588 10587 10589
f 10588 10589 10590
f 7623 7621 10588
f 7623 10588 10583
f 10583 10588 10590
f 10583 10590 10586
f 7546 7549 10591
f 7546 10591 10592
f 7549 7544 10593
f 7549 10593 10591
f 10592 10591 10590
f 10592 10590 10589
f 10591 10593 10586
f 10591 10586 10590
f 7542 7541 10594
f 7542 10594 10595
f 10595 10594 10585
f 10595 10585 10584
f 7544 7542 10595
f 7544 10595 10593
f 10593 10595 10584
f 10593 10584 10586
f 7620 7619 10596
f 7620 10596 10587
f 7619 7614 10597
f 7619 10597 10596
f 10587 10596 10598
f 10587 10598 10589
f 10596 10597 10599
f 10596 10599 10598
f 7611 7610 10600
f 7611 10600 10601
f 10601 10600 10602
f 10601 10602 10603
f 7614 7611 10601
f 7614 10601 10597
f 10597 10601 10603
f 10597 10603 10599
f 7566 7569 10604
f 7566 10604 10605
f 7569 7564 10606
f 7569 10606 10604
f 10605 10604 10603
f 10605 10603 10602
f 10604 10606 10599
f 10604 10599 10603
f 7562 7546 10592
f 7562 10592 10607
f 10607 10592 10589
f 10607 10589 10598
f 7564 7562 10607
f 7564 10607 10606
f 10606 10607 10598
f 10606 10598 10599
f 7610 7613 10608
f 7610 10608 10600
f 7613 7617 10609
f 7613 10609 10608
f 10600 10608 10610
f 10600 10610 10602
f 10608 10609 10611
f 10608 10611 10610
f 7626 7625 10582
f 7626 10582 10612
f 10612 10582 10585
f 10612 10585 10613
f 7617 7626 10612
f 7617 10612 10609
f 10609 10612 10613
f 10609 10613 10611
f 7541 7587 10614
f 7541 10614 10594
f 7587 7584 10615
f 7587 10615 10614
f 10594 10614 10613
f 10594 10613 10585
f 10614 10615 10611
f 10614 10611 10613
f 7582 7566 10605
f 7582 10605 10616
f 10616 10605 10602
f 10616 10602 10610
f 7584 7582 10616
f 7584 10616 10615
f 10615 10616 10610
f 10615 10610 10611
f 7591 7594 10617
f 7591 10617 10618
f 7594 7598 10619
f 7594 10619 10617
f 10618 10617 10620
f 10618 10620 10621
f 10617 10619 10622
f 10617 10622 10620
f 7607 7606 10623
f 7607 10623 10624
f 10624 10623 10625
f 10624 10625 10626
f 7598 7607 10624
f 7598 10624 10619
f 10619 10624 10626
f 10619 10626 10622
f 7531 7534 10627
f 7531 10627 10628
f 7534 7538 10629
f 7534 10629 10627
f 10628 10627 10626
f 10628 10626 10625
f 10627 10629 10622
f 10627 10622 10626
f 7554 7553 10630
f 7554 10630 10631
f 10631 10630 10621
f 10631 10621 10620
f 7538 7554 10631
f 7538 10631 10629
f 10629 10631 10620
f 10629 10620 10622
f 7606 7609 10632
f 7606 10632 10623
f 7609 7604 10633
f 7609 10633 10632
f 10623 10632 10634
f 10623 10634 10625
f 10632 10633 10635
f 10632 10635 10634
f 7602 7601 10636
f 7602 10636 10637
f 10637 10636 10638
f 10637 10638 10639
f 7604 7602 10637
f 7604 10637 10633
f 10633 10637 10639
f 10633 10639 10635
f 7573 7577 10640
f 7573 10640 10641
f 7577 7580 10642
f 7577 10642 10640
f 10641 10640 10639
f 10641 10639 10638
f 10640 10642 10635
f 10640 10635 10639
f 7589 7531 10628
f 7589 10628 10643
f 10643 10628 10625
f 10643 10625 10634
f 7580 7589 10643
f 7580 10643 10642
f 10642 10643 10634
f 10642 10634 10635
f 7601 7600 10644
f 7601 10644 10636
f 7600 7595 10645
f 7600 10645 10644
f 10636 10644 10646
f 10636 10646 10638
f 10644 10645 10647
f 10644 10647 10646
f 7592 7591 10618
f 7592 10618 10648
f 10648 10618 10621
f 10648 10621 10649
f 7595 7592 10648
f 7595 10648 10645
f 10645 10648 10649
f 10645 10649 10647
f 7553 7557 10650
f 7553 10650 10630
f 7557 7560 10651
f 7557 10651 10650
f 10630 10650 10649
f 10630 10649 10621
f 10650 10651 10647
f 10650 10647 10649
f 7574 7573 10641
f 7574 10641 10652
f 10652 10641 10638
f 10652 10638 10646
f 7560 7574 10652
f 7560 10652 10651
f 10651 10652 10646
f 10651 10646 10647
f 7723 7726 10653
f 7723 10653 10654
f 7726 7721 10655
f 7726 10655 10653
f 10654 10653 10656
f 10654 10656 10657
f 10653 10655 10658
f 10653 10658 10656
f 7719 7718 10659
f 7719 10659 10660
f 10660 10659 10661
f 10660 10661 10662
f 7721 7719 10660
f 7721 10660 10655
f 10655 10660 10662
f 10655 10662 10658
f 7644 7647 10663
f 7644 10663 10664
f 7647 7642 10665
f 7647 10665 10663
f 10664 10663 10662
f 10664 10662 10661
f 10663 10665 10658
f 10663 10658 10662
f 7640 7639 10666
f 7640 10666 10667
f 10667 10666 10657
f 10667 10657 10656
f 7642 7640 10667
f 7642 10667 10665
f 10665 10667 10656
f 10665 10656 10658
f 7718 7717 10668
f 7718 10668 10659
f 7717 7712 10669
f 7717 10669 10668
f 10659 10668 10670
f 10659 10670 10661
f 10668 10669 10671
f 10668 10671 10670
f 7709 7708 10672
f 7709 10672 10673
f 10673 10672 10674
f 10673 10674 10675
f 7712 7709 10673
f 7712 10673 10669
f 10669 10673 10675
f 10669 10675 10671
f 7664 7667 10676
f 7664 10676 10677
f 7667 7662 10678
f 7667 10678 10676
f 10677 10676 10675
f 10677 10675 10674
f 10676 10678 10671
f 10676 10671 10675
f 7660 7644 10664
f 7660 10664 10679
f 10679 10664 10661
f 10679 10661 10670
f 7662 7660 10679
f 7662 10679 10678
f 10678 10679 10670
f 10678 10670 10671
f 7708 7711 10680
f 7708 10680 10672
f 7711 7715 10681
f 7711 10681 10680
f 10672 10680 10682
f 10672 10682 10674
f 10680 10681 10683
f 10680 10683 10682
f 7724 7723 10654
f 7724 10654 10684
f 10684 10654 10657
f 10684 10657 10685
f 7715 7724 10684
f 7715 10684 10681
f 10681 10684 10685
f 10681 10685 10683
f 7639 7685 10686
f 7639 10686 10666
f 7685 7682 10687
f 7685 10687 10686
f 10666 10686 10685
f 10666 10685 10657
f 10686 10687 10683
f 10686 10683 10685
f 7680 7664 10677
f 7680 10677 10688
f 10688 10677 10674
f 10688 10674 10682
f 7682 7680 10688
f 7682 10688 10687
f 10687 10688 10682
f 10687 10682 10683
f 7689 7692 10689
f 7689 10689 10690
f 7692 7696 10691
f 7692 10691 10689
f 10690 10689 10692
f 10690 10692 10693
f 10689 10691 10694
f 10689 10694 10692
f 7705 7704 10695
f 7705 10695 10696
f 10696 10695 10697
f 10696 10697 10698
f 7696 7705 10696
f 7696 10696 10691
f 10691 10696 10698
f 10691 10698 10694
f 7629 7632 10699
f 7629 10699 10700
f 7632 7636 10701
f 7632 10701 10699
f 10700 10699 10698
f 10700 10698 10697
f 10699 10701 10694
f 10699 10694 10698
f 7652 7651 10702
f 7652 10702 10703
f 10703 10702 10693
f 10703 10693 10692
f 7636 7652 10703
f 7636 10703 10701
f 10701 10703 10692
f 10701 10692 10694
f 7704 7707 10704
f 7704 10704 10695
f 7707 7702 10705
f 7707 10705 10704
f 10695 10704 10706
f 10695 10706 10697
f 10704 10705 10707
f 10704 10707 10706
f 7700 7699 10708
f 7700 10708 10709
f 10709 10708 10710
f 10709 10710 10711
f 7702 7700 10709
f 7702 10709 10705
f 10705 10709 10711
f 10705 10711 10707
f 7671 7675 10712
f 7671 10712 10713
f 7675 7678 10714
f 7675 10714 10712
f 10713 10712 10711
f 10713 10711 10710
f 10712 10714 10707
f 10712 10707 10711
f 7687 7629 10700
f 7687 10700 10715
f 10715 10700 10697
f 10715 10697 10706
f 7678 7687 10715
f 7678 10715 10714
f 10714 10715 10706
f 10714 10706 10707
f 7699 7698 10716
f 7699 10716 10708
f 7698 7693 10717
f 7698 10717 10716
f 10708 10716 10718
f 10708 10718 10710
f 10716 10717 10719
f 10716 10719 10718
f 7690 7689 10690
f 7690 10690 10720
f 10720 10690 10693
f 10720 10693 10721
f 7693 7690 10720
f 7693 10720 10717
f 10717 10720 10721
f 10717 10721 10719
f 7651 7655 10722
f 7651 10722 10702
f 7655 7658 10723
f 7655 10723 10722
f 10702 10722 10721
f 10702 10721 10693
f 10722 10723 10719
f 10722 10719 10721
f 7672 7671 10713
f 7672 10713 10724
f 10724 10713 10710
f 10724 10710 10718
f 7658 7672 10724
f 7658 10724 10723
f 10723 10724 10718
f 10723 10718 10719
f 7821 7824 10725
f 7821 10725 10726
f 7824 7819 10727
f 7824 10727 10725
f 10726 10725 10728
f 10726 10728 10729
f 10725 10727 10730
f 10725 10730 10728
f 7817 7816 10731
f 7817 10731 10732
f 10732 10731 10733
f 10732 10733 10734
f 7819 7817 10732
f 7819 10732 10727
f 10727 10732 10734
f 10727 10734 10730
f 7742 7745 10735
f 7742 10735 10736
f 7745 7740 10737
f 7745 10737 10735
f 10736 10735 10734
f 10736 10734 10733
f 10735 10737 10730
f 10735 10730 10734
f 7738 7737 10738
f 7738 10738 10739
f 10739 10738 10729
f 10739 10729 10728
f 7740 7738 10739
f 7740 10739 10737
f 10737 10739 10728
f 10737 10728 10730
f 7816 7815 10740
f 7816 10740 10731
f 7815 7810 10741
f 7815 10741 10740
f 10731 10740 10742
f 10731 10742 10733
f 10740 10741 10743
f 10740 10743 10742
f 7807 7806 10744
f 7807 10744 10745
f 10745 10744 10746
f 10745 10746 10747
f 7810 7807 10745
f 7810 10745 10741
f 10741 10745 10747
f 10741 10747 10743
f 7762 7765 10748
f 7762 10748 10749
f 7765 7760 10750
f 7765 10750 10748
f 10749 10748 10747
f 10749 10747 10746
f 10748 10750 10743
f 10748 10743 10747
f 7758 7742 10736
f 7758 10736 10751
f 10751 10736 10733
f 10751 10733 10742
f 7760 7758 10751
f 7760 10751 10750
f 10750 10751 10742
f 10750 10742 10743
f 7806 7809 10752
f 7806 10752 10744
f 7809 7813 10753
f 7809 10753 10752
f 10744 10752 10754
f 10744 10754 10746
f 10752 10753 10755
f 10752 10755 10754
f 7822 7821 10726
f 7822 10726 10756
f 10756 10726 10729
f 10756 10729 10757
f 7813 7822 10756
f 7813 10756 10753
f 10753 10756 10757
f 10753 10757 10755
f 7737 7783 10758
f 7737 10758 10738
f 7783 7780 10759
f 7783 10759 10758
f 10738 10758 10757
f 10738 10757 10729
f 10758 10759 10755
f 10758 10755 10757
f 7778 7762 10749
f 7778 10749 10760
f 10760 10749 10746
f 10760 10746 10754
f 7780 7778 10760
f 7780 10760 10759
f 10759 10760 10754
f 10759 10754 10755
f 7787 7790 10761
f 7787 10761 10762
f 7790 7794 10763
f 7790 10763 10761
f 10762 10761 10764
f 10762 10764 10765
f 10761 10763 10766
f 10761 10766 10764
f 7803 7802 10767
f 7803 10767 10768
f 10768 10767 10769
f 10768 10769 10770
f 7794 7803 10768
f 7794 10768 10763
f 10763 10768 10770
f 10763 10770 10766
f 7727 7730 10771
f 7727 10771 10772
f 7730 7734 10773
f 7730 10773 10771
f 10772 10771 10770
f 10772 10770 10769
f 10771 10773 10766
f 10771 10766 10770
f 7750 7749 10774
f 7750 10774 10775
f 10775 10774 10765
f 10775 10765 10764
f 7734 7750 10775
f 7734 10775 10773
f 10773 10775 10764
f 10773 10764 10766
f 7802 7805 10776
f 7802 10776 10767
f 7805 7800 10777
f 7805 10777 10776
f 10767 10776 10778
f 10767 10778 10769
f 10776 10777 10779
f 10776 10779 10778
f 7798 7797 10780
f 7798 10780 10781
f 10781 10780 10782
f 10781 10782 10783
f 7800 7798 10781
f 7800 10781 10777
f 10777 10781 10783
f 10777 10783 10779
f 7769 7773 10784
f 7769 10784 10785
f 7773 7776 10786
f 7773 10786 10784
f 10785 10784 10783
f 10785 10783 10782
f 10784 10786 10779
f 10784 10779 10783
f 7785 7727 10772
f 7785 10772 10787
f 10787 10772 10769
f 10787 10769 10778
f 7776 7785 10787
f 7776 10787 10786
f 10786 10787 10778
f 10786 10778 10779
f 7797 7796 10788
f 7797 10788 10780
f 7796 7791 10789
f 7796 10789 10788
f 10780 10788 10790
f 10780 10790 10782
f 10788 10789 10791
f 10788 10791 10790
f 7788 7787 10762
f 7788 10762 10792
f 10792 10762 10765
f 10792 10765 10793
f 7791 7788 10792
f 7791 10792 10789
f 10789 10792 10793
f 10789 10793 10791
f 7749 7753 10794
f 7749 10794 10774
f 7753 7756 10795
f 7753 10795 10794
f 10774 10794 10793
f 10774 10793 10765
f 10794 10795 10791
f 10794 10791 10793
f 7770 7769 10785
f 7770 10785 10796
f 10796 10785 10782
f 10796 10782 10790
f 7756 7770 10796
f 7756 10796 10795
f 10795 10796 10790
f 10795 10790 10791
f 7919 7922 10797
f 7919 10797 10798
f 7922 7917 10799
f 7922 10799 10797
f 10798 10797 10800
f 10798 10800 10801
f 10797 10799 10802
f 10797 10802 10800
f 7915 7914 10803
f 7915 10803 10804
f 10804 10803 10805
f 10804 10805 10806
f 7917 7915 10804
f 7917 10804 10799
f 10799 10804 10806
f 10799 10806 10802
f 7840 7843 10807
f 7840 10807 10808
f 7843 7838 10809
f 7843 10809 10807
f 10808 10807 10806
f 10808 10806 10805
f 10807 10809 10802
f 10807 10802 10806
f 7836 7835 10810
f 7836 10810 10811
f 10811 10810 10801
f 10811 10801 10800
f 7838 7836 10811
f 7838 10811 10809
f 10809 10811 10800
f 10809 10800 10802
f 7914 7913 10812
f 7914 10812 10803
f 7913 7908 10813
f 7913 10813 10812
f 10803 10812 10814
f 10803 10814 10805
f 10812 10813 10815
f 10812 10815 10814
f 7905 7904 10816
f 7905 10816 10817
f 10817 10816 10818
f 10817 10818 10819
f 7908 7905 10817
f 7908 10817 10813
f 10813 10817 10819
f 10813 10819 10815
f 7860 7863 10820
f 7860 10820 10821
f 7863 7858 10822
f 7863 10822 10820
f 10821 10820 10819
f 10821 10819 10818
f 10820 10822 10815
f 10820 10815 10819
f 7856 7840 10808
f 7856 10808 10823
f 10823 10808 10805
f 10823 10805 10814
f 7858 7856 10823
f 7858 10823 10822
f 10822 10823 10814
f 10822 10814 10815
f 7904 7907 10824
f 7904 10824 10816
f 7907 7911 10825
f 7907 10825 10824
f 10816 10824 10826
f 10816 10826 10818
f 10824 10825 10827
f 10824 10827 10826
f 7920 7919 10798
f 7920 10798 10828
f 10828 10798 10801
f 10828 10801 10829
f 7911 7920 10828
f 7911 10828 10825
f 10825 10828 10829
f 10825 10829 10827
f 7835 7881 10830
f 7835 10830 10810
f 7881 7878 10831
f 7881 10831 10830
f 10810 10830 10829
f 10810 10829 10801
f 10830 10831 10827
f 10830 10827 10829
f 7876 7860 10821
f 7876 10821 10832
f 10832 10821 10818
f 10832 10818 10826
f 7878 7876 10832
f 7878 10832 10831
f 10831 10832 10826
f 10831 10826 10827
f 7885 7888 10833
f 7885 10833 10834
f 7888 7892 10835
f 7888 10835 10833
f 10834 10833 10836
f 10834 10836 10837
f 10833 10835 10838
f 10833 10838 10836
f 7901 7900 10839
f 7901 10839 10840
f 10840 10839 10841
f 10840 10841 10842
f 7892 7901 10840
f 7892 10840 10835
f 10835 10840 10842
f 10835 10842 10838
f 7825 7828 10843
f 7825 10843 10844
f 7828 7832 10845
f 7828 10845 10843
f 10844 10843 10842
f 10844 10842 10841
f 10843 10845 10838
f 10843 10838 10842
f 7848 7847 10846
f 7848 10846 10847
f 10847 10846 10837
f 10847 10837 10836
f 7832 7848 10847
f 7832 10847 10845
f 10845 10847 10836
f 10845 10836 10838
f 7900 7903 10848
f 7900 10848 10839
f 7903 7898 10849
f 7903 10849 10848
f 10839 10848 10850
f 10839 10850 10841
f 10848 10849 10851
f 10848 10851 10850
f 7896 7895 10852
f 7896 10852 10853
f 10853 10852 10854
f 10853 10854 10855
f 7898 7896 10853
f 7898 10853 10849
f 10849 10853 10855
f 10849 10855 10851
f 7867 7871 10856
f 7867 10856 10857
f 7871 7874 10858
f 7871 10858 10856
f 10857 10856 10855
f 10857 10855 10854
f 10856 10858 10851
f 10856 10851 10855
f 7883 7825 10844
f 7883 10844 10859
f 10859 10844 10841
f 10859 10841 10850
f 7874 7883 10859
f 7874 10859 10858
f 10858 10859 10850
f 10858 10850 10851
f 7895 7894 10860
f 7895 10860 10852
f 7894 7889 10861
f 7894 10861 10860
f 10852 10860 10862
f 10852 10862 10854
f 10860 10861 10863
f 10860 10863 10862
f 7886 7885 10834
f 7886 10834 10864
f 10864 10834 10837
f 10864 10837 10865
f 7889 7886 10864
f 7889 10864 10861
f 10861 10864 10865
f 10861 10865 10863
f 7847 7851 10866
f 7847 10866 10846
f 7851 7854 10867
f 7851 10867 10866
f 10846 10866 10865
f 10846 10865 10837
f 10866 10867 10863
f 10866 10863 10865
f 7868 7867 10857
f 7868 10857 10868
f 10868 10857 10854
f 10868 10854 10862
f 7854 7868 10868
f 7854 10868 10867
f 10867 10868 10862
f 10867 10862 10863
f 8017 8020 10869
f 8017 10869 10870
f 8020 8015 10871
f 8020 10871 10869
f 10870 10869 10872
f 10870 10872 10873
f 10869 10871 10874
f 10869 10874 10872
f 8013 8012 10875
f 8013 10875 10876
f 10876 10875 10877
f 10876 10877 10878
f 8015 8013 10876
f 8015 10876 10871
f 10871 10876 10878
f 10871 10878 10874
f 7938 7941 10879
f 7938 10879 10880
f 7941 7936 10881
f 7941 10881 10879
f 10880 10879 10878
f 10880 10878 10877
f 10879 10881 10874
f 10879 10874 10878
f 7934 7933 10882
f 7934 10882 10883
f 10883 10882 10873
f 10883 10873 10872
f 7936 7934 10883
f 7936 10883 10881
f 10881 10883 10872
f 10881 10872 10874
f 8012 8011 10884
f 8012 10884 10875
f 8011 8006 10885
f 8011 10885 10884
f 10875 10884 10886
f 10875 10886 10877
f 10884 10885 10887
f 10884 10887 10886
f 8003 8002 10888
f 8003 10888 10889
f 10889 10888 10890
f 10889 10890 10891
f 8006 8003 10889
f 8006 10889 10885
f 10885 10889 10891
f 10885 10891 10887
f 7958 7961 10892
f 7958 10892 10893
f 7961 7956 10894
f 7961 10894 10892
f 10893 10892 10891
f 10893 10891 10890
f 10892 10894 10887
f 10892 10887 10891
f 7954 7938 10880
f 7954 10880 10895
f 10895 10880 10877
f 10895 10877 10886
f 7956 7954 10895
f 7956 10895 10894
f 10894 10895 10886
f 10894 10886 10887
f 8002 8005 10896
f 8002 10896 10888
f 8005 8009 10897
f 8005 10897 10896
f 10888 10896 10898
f 10888 10898 10890
f 10896 10897 10899
f 10896 10899 10898
f 8018 8017 10870
f 8018 10870 10900
f 10900 10870 10873
f 10900 10873 10901
f 8009 8018 10900
f 8009 10900 10897
f 10897 10900 10901
f 10897 10901 10899
f 7933 7979 10902
f 7933 10902 10882
f 7979 7976 10903
f 7979 10903 10902
f 10882 10902 10901
f 10882 10901 10873
f 10902 10903 10899
f 10902 10899 10901
f 7974 7958 10893
f 7974 10893 10904
f 10904 10893 10890
f 10904 10890 10898
f 7976 7974 10904
f 7976 10904 10903
f 10903 10904 10898
f 10903 10898 10899
f 7983 7986 10905
f 7983 10905 10906
f 7986 7990 10907
f 7986 10907 10905
f 10906 10905 10908
f 10906 10908 10909
f 10905 10907 10910
f 10905 10910 10908
f 7999 7998 10911
f 7999 10911 10912
f 10912 10911 10913
f 10912 10913 10914
f 7990 7999 10912
f 7990 10912 10907
f 10907 10912 10914
f 10907 10914 10910
f 7923 7926 10915
f 7923 10915 10916
f 7926 7930 10917
f 7926 10917 10915
f 10916 10915 10914
f 10916 10914 10913
f 10915 10917 10910
f 10915 10910 10914
f 7946 7945 10918
f 7946 10918 10919
f 10919 10918 10909
f 10919 10909 10908
f 7930 7946 10919
f 7930 10919 10917
f 10917 10919 10908
f 10917 10908 10910
f 7998 8001 10920
f 7998 10920 10911
f 8001 7996 10921
f 8001 10921 10920
f 10911 10920 10922
f 10911 10922 10913
f 10920 10921 10923
f 10920 10923 10922
f 7994 7993 10924
f 7994 10924 10925
f 10925 10924 10926
f 10925 10926 10927
f 7996 7994 10925
f 7996 10925 10921
f 10921 10925 10927
f 10921 10927 10923
f 7965 7969 10928
f 7965 10928 10929
f 7969 7972 10930
f 7969 10930 10928
f 10929 10928 10927
f 10929 10927 10926
f 10928 10930 10923
f 10928 10923 10927
f 7981 7923 10916
f 7981 10916 10931
f 10931 10916 10913
f 10931 10913 10922
f 7972 7981 10931
f 7972 10931 10930
f 10930 10931 10922
f 10930 10922 10923
f 7993 7992 10932
f 7993 10932 10924
f 7992 7987 10933
f 7992 10933 10932
f 10924 10932 10934
f 10924 10934 10926
f 10932 10933 10935
f 10932 10935 10934
f 7984 7983 10906
f 7984 10906 10936
f 10936 10906 10909
f 10936 10909 10937
f 7987 7984 10936
f 7987 10936 10933
f 10933 10936 10937
f 10933 10937 10935
f 7945 7949 10938
f 7945 10938 10918
f 7949 7952 10939
f 7949 10939 10938
f 10918 10938 10937
f 10918 10937 10909
f 10938 10939 10935
f 10938 10935 10937
f 7966 7965 10929
f 7966 10929 10940
f 10940 10929 10926
f 10940 10926 10934
f 7952 7966 10940
f 7952 10940 10939
f 10939 10940 10934
f 10939 10934 10935
f 8115 8118 10941
f 8115 10941 10942
f 8118 8113 10943
f 8118 10943 10941
f 10942 10941 10944
f 10942 10944 10945
f 10941 10943 10946
f 10941 10946 10944
f 8111 8110 10947
f 8111 10947 10948
f 10948 10947 10949
f 10948 10949 10950
f 8113 8111 10948
f 8113 10948 10943
f 10943 10948 10950
f 10943 10950 10946
f 8036 8039 10951
f 8036 10951 10952
f 8039 8034 10953
f 8039 10953 10951
f 10952 10951 10950
f 10952 10950 10949
f 10951 10953 10946
f 10951 10946 10950
f 8032 8031 10954
f 8032 10954 10955
f 10955 10954 10945
f 10955 10945 10944
f 8034 8032 10955
f 8034 10955 10953
f 10953 10955 10944
f 10953 10944 10946
f 8110 8109 10956
f 8110 10956 10947
f 8109 8104 10957
f 8109 10957 10956
f 10947 10956 10958
f 10947 10958 10949
f 10956 10957 10959
f 10956 10959 10958
f 8101 8100 10960
f 8101 10960 10961
f 10961 10960 10962
f 10961 10962 10963
f 8104 8101 10961
f 8104 10961 10957
f 10957 10961 10963
f 10957 10963 10959
f 8056 8059 10964
f 8056 10964 10965
f 8059 8054 10966
f 8059 10966 10964
f 10965 10964 10963
f 10965 10963 10962
f 10964 10966 10959
f 10964 10959 10963
f 8052 8036 10952
f 8052 10952 10967
f 10967 10952 10949
f 10967 10949 10958
f 8054 8052 10967
f 8054 10967 10966
f 10966 10967 10958
f 10966 10958 10959
f 8100 8103 10968
f 8100 10968 10960
f 8103 8107 10969
f 8103 10969 10968
f 10960 10968 10970
f 10960 10970 10962
f 10968 10969 10971
f 10968 10971 10970
f 8116 8115 10942
f 8116 10942 10972
f 10972 10942 10945
f 10972 10945 10973
f 8107 8116 10972
f 8107 10972 10969
f 10969 10972 10973
f 10969 10973 10971
f 8031 8077 10974
f 8031 10974 10954
f 8077 8074 10975
f 8077 10975 10974
f 10954 10974 10973
f 10954 10973 10945
f 10974 10975 10971
f 10974 10971 10973
f 8072 8056 10965
f 8072 10965 10976
f 10976 10965 10962
f 10976 10962 10970
f 8074 8072 10976
f 8074 10976 10975
f 10975 10976 10970
f 10975 10970 10971
f 8081 8084 10977
f 8081 10977 10978
f 8084 8088 10979
f 8084 10979 10977
f 10978 10977 10980
f 10978 10980 10981
f 10977 10979 10982
f 10977 10982 10980
f 8097 8096 10983
f 8097 10983 10984
f 10984 10983 10985
f 10984 10985 10986
f 8088 8097 10984
f 8088 10984 10979
f 10979 10984 10986
f 10979 10986 10982
f 8021 8024 10987
f 8021 10987 10988
f 8024 8028 10989
f 8024 10989 10987
f 10988 10987 10986
f 10988 10986 10985
f 10987 10989 10982
f 10987 10982 10986
f 8044 8043 10990
f 8044 10990 10991
f 10991 10990 10981
f 10991 10981 10980
f 8028 8044 10991
f 8028 10991 10989
f 10989 10991 10980
f 10989 10980 10982
f 8096 8099 10992
f 8096 10992 10983
f 8099 8094 10993
f 8099 10993 10992
f 10983 10992 10994
f 10983 10994 10985
f 10992 10993 10995
f 10992 10995 10994
f 8092 8091 10996
f 8092 10996 10997
f 10997 10996 10998
f 10997 10998 10999
f 8094 8092 10997
f 8094 10997 10993
f 10993 10997 10999
f 10993 10999 10995
f 8063 8067 11000
f 8063 11000 11001
f 8067 8070 11002
f 8067 11002 11000
f 11001 11000 10999
f 11001 10999 10998
f 11000 11002 10995
f 11000 10995 10999
f 8079 8021 10988
f 8079 10988 11003
f 11003 10988 10985
f 11003 10985 10994
f 8070 8079 11003
f 8070 11003 11002
f 11002 11003 10994
f 11002 10994 10995
f 8091 8090 11004
f 8091 11004 10996
f 8090 8085 11005
f 8090 11005 11004
f 10996 11004 11006
f 10996 11006 10998
f 11004 11005 11007
f 11004 11007 11006
f 8082 8081 10978
f 8082 10978 11008
f 11008 10978 10981
f 11008 10981 11009
f 8085 8082 11008
f 8085 11008 11005
f 11005 11008 11009
f 11005 11009 11007
f 8043 8047 11010
f 8043 11010 10990
f 8047 8050 11011
f 8047 11011 11010
f 10990 11010 11009
f 10990 11009 10981
f 11010 11011 11007
f 11010 11007 11009
f 8064 8063 11001
f 8064 11001 11012
f 11012 11001 10998
f 11012 10998 11006
f 8050 8064 11012
f 8050 11012 11011
f 11011 11012 11006
f 11011 11006 11007
f 8213 8216 11013
f 8213 11013 11014
f 8216 8211 11015
f 8216 11015 11013
f 11014 11013 11016
f 11014 11016 11017
f 11013 11015 11018
f 11013 11018 11016
f 8209 8208 11019
f 8209 11019 11020
f 11020 11019 11021
f 11020 11021 11022
f 8211 8209 11020
f 8211 11020 11015
f 11015 11020 11022
f 11015 11022 11018
f 8134 8137 11023
f 8134 11023 11024
f 8137 8132 11025
f 8137 11025 11023
f 11024 11023 11022
f 11024 11022 11021
f 11023 11025 11018
f 11023 11018 11022
f 8130 8129 11026
f 8130 11026 11027
f 11027 11026 11017
f 11027 11017 11016
f 8132 8130 11027
f 8132 11027 11025
f 11025 11027 11016
f 11025 11016 11018
f 8208 8207 11028
f 8208 11028 11019
f 8207 8202 11029
f 8207 11029 11028
f 11019 11028 11030
f 11019 11030 11021
f 11028 11029 11031
f 11028 11031 11030
f 8199 8198 11032
f 8199 11032 11033
f 11033 11032 11034
f 11033 11034 11035
f 8202 8199 11033
f 8202 11033 11029
f 11029 11033 11035
f 11029 11035 11031
f 8154 8157 11036
f 8154 11036 11037
f 8157 8152 11038
f 8157 11038 11036
f 11037 11036 11035
f 11037 11035 11034
f 11036 11038 11031
f 11036 11031 11035
f 8150 8134 11024
f 8150 11024 11039
f 11039 11024 11021
f 11039 11021 11030
f 8152 8150 11039
f 8152 11039 11038
f 11038 11039 11030
f 11038 11030 11031
f 8198 8201 11040
f 8198 11040 11032
f 8201 8205 11041
f 8201 11041 11040
f 11032 11040 11042
f 11032 11042 11034
f 11040 11041 11043
f 11040 11043 11042
f 8214 8213 11014
f 8214 11014 11044
f 11044 11014 11017
f 11044 11017 11045
f 8205 8214 11044
f 8205 11044 11041
f 11041 11044 11045
f 11041 11045 11043
f 8129 8175 11046
f 8129 11046 11026
f 8175 8172 11047
f 8175 11047 11046
f 11026 11046 11045
f 11026 11045 11017
f 11046 11047 11043
f 11046 11043 11045
f 8170 8154 11037
f 8170 11037 11048
f 11048 11037 11034
f 11048 11034 11042
f 8172 8170 11048
f 8172 11048 11047
f 11047 11048 11042
f 11047 11042 11043
f 8179 8182 11049
f 8179 11049 11050
f 8182 8186 11051
f 8182 11051 11049
f 11050 11049 11052
f 11050 11052 11053
f 11049 11051 11054
f 11049 11054 11052
f 8195 8194 11055
f 8195 11055 11056
f 11056 11055 11057
f 11056 11057 11058
f 8186 8195 11056
f 8186 11056 11051
f 11051 11056 11058
f 11051 11058 11054
f 8119 8122 11059
f 8119 11059 11060
f 8122 8126 11061
f 8122 11061 11059
f 11060 11059 11058
f 11060 11058 11057
f 11059 11061 11054
f 11059 11054 11058
f 8142 8141 11062
f 8142 11062 11063
f 11063 11062 11053
f 11063 11053 11052
f 8126 8142 11063
f 8126 11063 11061
f 11061 11063 11052
f 11061 11052 11054
f 8194 8197 11064
f 8194 11064 11055
f 8197 8192 11065
f 8197 11065 11064
f 11055 11064 11066
f 11055 11066 11057
f 11064 11065 11067
f 11064 11067 11066
f 8190 8189 11068
f 8190 11068 11069
f 11069 11068 11070
f 11069 11070 11071
f 8192 8190 11069
f 8192 11069 11065
f 11065 11069 11071
f 11065 11071 11067
f 8161 8165 11072
f 8161 11072 11073
f 8165 8168 11074
f 8165 11074 11072
f 11073 11072 11071
f 11073 11071 11070
f 11072 11074 11067
f 11072 11067 11071
f 8177 8119 11060
f 8177 11060 11075
f 11075 11060 11057
f 11075 11057 11066
f 8168 8177 11075
f 8168 11075 11074
f 11074 11075 11066
f 11074 11066 11067
f 8189 8188 11076
f 8189 11076 11068
f 8188 8183 11077
f 8188 11077 11076
f 11068 11076 11078
f 11068 11078 11070
f 11076 11077 11079
f 11076 11079 11078
f 8180 8179 11050
f 8180 11050 11080
f 11080 11050 11053
f 11080 11053 11081
f 8183 8180 11080
f 8183 11080 11077
f 11077 11080 11081
f 11077 11081 11079
f 8141 8145 11082
f 8141 11082 11062
f 8145 8148 11083
f 8145 11083 11082
f 11062 11082 11081
f 11062 11081 11053
f 11082 11083 11079
f 11082 11079 11081
f 8162 8161 11073
f 8162 11073 11084
f 11084 11073 11070
f 11084 11070 11078
f 8148 8162 11084
f 8148 11084 11083
f 11083 11084 11078
f 11083 11078 11079
f 8311 8314 11085
f 8311 11085 11086
f 8314 8309 11087
f 8314 11087 11085
f 11086 11085 11088
f 11086 11088 11089
f 11085 11087 11090
f 11085 11090 11088
f 8307 8306 11091
f 8307 11091 11092
f 11092 11091 11093
f 11092 11093 11094
f 8309 8307 11092
f 8309 11092 11087
f 11087 11092 11094
f 11087 11094 11090
f 8232 8235 11095
f 8232 11095 11096
f 8235 8230 11097
f 8235 11097 11095
f 11096 11095 11094
f 11096 11094 11093
f 11095 11097 11090
f 11095 11090 11094
f 8228 8227 11098
f 8228 11098 11099
f 11099 11098 11089
f 11099 11089 11088
f 8230 8228 11099
f 8230 11099 11097
f 11097 11099 11088
f 11097 11088 11090
f 8306 8305 11100
f 8306 11100 11091
f 8305 8300 11101
f 8305 11101 11100
f 11091 11100 11102
f 11091 11102 11093
f 11100 11101 11103
f 11100 11103 11102
f 8297 8296 11104
f 8297 11104 11105
f 11105 11104 11106
f 11105 11106 11107
f 8300 8297 11105
f 8300 11105 11101
f 11101 11105 11107
f 11101 11107 11103
f 8252 8255 11108
f 8252 11108 11109
f 8255 8250 11110
f 8255 11110 11108
f 11109 11108 11107
f 11109 11107 11106
f 11108 11110 11103
f 11108 11103 11107
f 8248 8232 11096
f 8248 11096 11111
f 11111 11096 11093
f 11111 11093 11102
f 8250 8248 11111
f 8250 11111 11110
f 11110 11111 11102
f 11110 11102 11103
f 8296 8299 11112
f 8296 11112 11104
f 8299 8303 11113
f 8299 11113 11112
f 11104 11112 11114
f 11104 11114 11106
f 11112 11113 11115
f 11112 11115 11114
f 8312 8311 11086
f 8312 11086 11116
f 11116 11086 11089
f 11116 11089 11117
f 8303 8312 11116
f 8303 11116 11113
f 11113 11116 11117
f 11113 11117 11115
f 8227 8273 11118
f 8227 11118 11098
f 8273 8270 11119
f 8273 11119 11118
f 11098 11118 11117
f 11098 11117 11089
f 11118 11119 11115
f 11118 11115 11117
f 8268 8252 11109
f 8268 11109 11120
f 11120 11109 11106
f 11120 11106 11114
f 8270 8268 11120
f 8270 11120 11119
f 11119 11120 11114
f 11119 11114 11115
f 8277 8280 11121
f 8277 11121 11122
f 8280 8284 11123
f 8280 11123 11121
f 11122 11121 11124
f 11122 11124 11125
f 11121 11123 11126
f 11121 11126 11124
f 8293 8292 11127
f 8293 11127 11128
f 11128 11127 11129
f 11128 11129 11130
f 8284 8293 11128
f 8284 11128 11123
f 11123 11128 11130
f 11123 11130 11126
f 8217 8220 11131
f 8217 11131 11132
f 8220 8224 11133
f 8220 11133 11131
f 11132 11131 11130
f 11132 11130 11129
f 11131 11133 11126
f 11131 11126 11130
f 8240 8239 11134
f 8240 11134 11135
f 11135 11134 11125
f 11135 11125 11124
f 8224 8240 11135
f 8224 11135 11133
f 11133 11135 11124
f 11133 11124 11126
f 8292 8295 11136
f 8292 11136 11127
f 8295 8290 11137
f 8295 11137 11136
f 11127 11136 11138
f 11127 11138 11129
f 11136 11137 11139
f 11136 11139 11138
f 8288 8287 11140
f 8288 11140 11141
f 11141 11140 11142
f 11141 11142 11143
f 8290 8288 11141
f 8290 11141 11137
f 11137 11141 11143
f 11137 11143 11139
f 8259 8263 11144
f 8259 11144 11145
f 8263 8266 11146
f 8263 11146 11144
f 11145 11144 11143
f 11145 11143 11142
f 11144 11146 11139
f 11144 11139 11143
f 8275 8217 11132
f 8275 11132 11147
f 11147 11132 11129
f 11147 11129 11138
f 8266 8275 11147
f 8266 11147 11146
f 11146 11147 11138
f 11146 11138 11139
f 8287 8286 11148
f 8287 11148 11140
f 8286 8281 11149
f 8286 11149 11148
f 11140 11148 11150
f 11140 11150 11142
f 11148 11149 11151
f 11148 11151 11150
f 8278 8277 11122
f 8278 11122 11152
f 11152 11122 11125
f 11152 11125 11153
f 8281 8278 11152
f 8281 11152 11149
f 11149 11152 11153
f 11149 11153 11151
f 8239 8243 11154
f 8239 11154 11134
f 8243 8246 11155
f 8243 11155 11154
f 11134 11154 11153
f 11134 11153 11125
f 11154 11155 11151
f 11154 11151 11153
f 8260 8259 11145
f 8260 11145 11156
f 11156 11145 11142
f 11156 11142 11150
f 8246 8260 11156
f 8246 11156 11155
f 11155 11156 11150
f 11155 11150 11151
f 8409 8412 11157
f 8409 11157 11158
f 8412 8407 11159
f 8412 11159 11157
f 11158 11157 11160
f 11158 11160 11161
f 11157 11159 11162
f 11157 11162 11160
f 8405 8404 11163
f 8405 11163 11164
f 11164 11163 11165
f 11164 11165 11166
f 8407 8405 11164
f 8407 11164 11159
f 11159 11164 11166
f 11159 11166 11162
f 8330 8333 11167
f 8330 11167 11168
f 8333 8328 11169
f 8333 11169 11167
f 11168 11167 11166
f 11168 11166 11165
f 11167 11169 11162
f 11167 11162 11166
f 8326 8325 11170
f 8326 11170 11171
f 11171 11170 11161
f 11171 11161 11160
f 8328 8326 11171
f 8328 11171 11169
f 11169 11171 11160
f 11169 11160 11162
f 8404 8403 11172
f 8404 11172 11163
f 8403 8398 11173
f 8403 11173 11172
f 11163 11172 11174
f 11163 11174 11165
f 11172 11173 11175
f 11172 11175 11174
f 8395 8394 11176
f 8395 11176 11177
f 11177 11176 11178
f 11177 11178 11179
f 8398 8395 11177
f 8398 11177 11173
f 11173 11177 11179
f 11173 11179 11175
f 8350 8353 11180
f 8350 11180 11181
f 8353 8348 11182
f 8353 11182 11180
f 11181 11180 11179
f 11181 11179 11178
f 11180 11182 11175
f 11180 11175 11179
f 8346 8330 11168
f 8346 11168 11183
f 11183 11168 11165
f 11183 11165 11174
f 8348 8346 11183
f 8348 11183 11182
f 11182 11183 11174
f 11182 11174 11175
f 8394 8397 11184
f 8394 11184 11176
f 8397 8401 11185
f 8397 11185 11184
f 11176 11184 11186
f 11176 11186 11178
f 11184 11185 11187
f 11184 11187 11186
f 8410 8409 11158
f 8410 11158 11188
f 11188 11158 11161
f 11188 11161 11189
f 8401 8410 11188
f 8401 11188 11185
f 11185 11188 11189
f 11185 11189 11187
f 8325 8371 11190
f 8325 11190 11170
f 8371 8368 11191
f 8371 11191 11190
f 11170 11190 11189
f 11170 11189 11161
f 11190 11191 11187
f 11190 11187 11189
f 8366 8350 11181
f 8366 11181 11192
f 11192 11181 11178
f 11192 11178 11186
f 8368 8366 11192
f 8368 11192 11191
f 11191 11192 11186
f 11191 11186 11187
f 8375 8378 11193
f 8375 11193 11194
f 8378 8382 11195
f 8378 11195 11193
f 11194 11193 11196
f 11194 11196 11197
f 11193 11195 11198
f 11193 11198 11196
f 8391 8390 11199
f 8391 11199 11200
f 11200 11199 11201
f 11200 11201 11202
f 8382 8391 11200
f 8382 11200 11195
f 11195 11200 11202
f 11195 11202 11198
f 8315 8318 11203
f 8315 11203 11204
f 8318 8322 11205
f 8318 11205 11203
f 11204 11203 11202
f 11204 11202 11201
f 11203 11205 11198
f 11203 11198 11202
f 8338 8337 11206
f 8338 11206 11207
f 11207 11206 11197
f 11207 11197 11196
f 8322 8338 11207
f 8322 11207 11205
f 11205 11207 11196
f 11205 11196 11198
f 8390 8393 11208
f 8390 11208 11199
f 8393 8388 11209
f 8393 11209 11208
f 11199 11208 11210
f 11199 11210 11201
f 11208 11209 11211
f 11208 11211 11210
f 8386 8385 11212
f 8386 11212 11213
f 11213 11212 11214
f 11213 11214 11215
f 8388 8386 11213
f 8388 11213 11209
f 11209 11213 11215
f 11209 11215 11211
f 8357 8361 11216
f 8357 11216 11217
f 8361 8364 11218
f 8361 11218 11216
f 11217 11216 11215
f 11217 11215 11214
f 11216 11218 11211
f 11216 11211 11215
f 8373 8315 11204
f 8373 11204 11219
f 11219 11204 11201
f 11219 11201 11210
f 8364 8373 11219
f 8364 11219 11218
f 11218 11219 11210
f 11218 11210 11211
f 8385 8384 11220
f 8385 11220 11212
f 8384 8379 11221
f 8384 11221 11220
f 11212 11220 11222
f 11212 11222 11214
f 11220 11221 11223
f 11220 11223 11222
f 8376 8375 11194
f 8376 11194 11224
f 11224 11194 11197
f 11224 11197 11225
f 8379 8376 11224
f 8379 11224 11221
f 11221 11224 11225
f 11221 11225 11223
f 8337 8341 11226
f 8337 11226 11206
f 8341 8344 11227
f 8341 11227 11226
f 11206 11226 11225
f 11206 11225 11197
f 11226 11227 11223
f 11226 11223 11225
f 8358 8357 11217
f 8358 11217 11228
f 11228 11217 11214
f 11228 11214 11222
f 8344 8358 11228
f 8344 11228 11227
f 11227 11228 11222
f 11227 11222 11223
f 8507 8510 11229
f 8507 11229 11230
f 8510 8505 11231
f 8510 11231 11229
f 11230 11229 11232
f 11230 11232 11233
f 11229 11231 11234
f 11229 11234 11232
f 8503 8502 11235
f 8503 11235 11236
f 11236 11235 11237
f 11236 11237 11238
f 8505 8503 11236
f 8505 11236 11231
f 11231 11236 11238
f 11231 11238 11234
f 8428 8431 11239
f 8428 11239 11240
f 8431 8426 11241
f 8431 11241 11239
f 11240 11239 11238
f 11240 11238 11237
f 11239 11241 11234
f 11239 11234 11238
f 8424 8423 11242
f 8424 11242 11243
f 11243 11242 11233
f 11243 11233 11232
f 8426 8424 11243
f 8426 11243 11241
f 11241 11243 11232
f 11241 11232 11234
f 8502 8501 11244
f 8502 11244 11235
f 8501 8496 11245
f 8501 11245 11244
f 11235 11244 11246
f 11235 11246 11237
f 11244 11245 11247
f 11244 11247 11246
f 8493 8492 11248
f 8493 11248 11249
f 11249 11248 11250
f 11249 11250 11251
f 8496 8493 11249
f 8496 11249 11245
f 11245 11249 11251
f 11245 11251 11247
f 8448 8451 11252
f 8448 11252 11253
f 8451 8446 11254
f 8451 11254 11252
f 11253 11252 11251
f 11253 11251 11250
f 11252 11254 11247
f 11252 11247 11251
f 8444 8428 11240
f 8444 11240 11255
f 11255 11240 11237
f 11255 11237 11246
f 8446 8444 11255
f 8446 11255 11254
f 11254 11255 11246
f 11254 11246 11247
f 8492 8495 11256
f 8492 11256 11248
f 8495 8499 11257
f 8495 11257 11256
f 11248 11256 11258
f 11248 11258 11250
f 11256 11257 11259
f 11256 11259 11258
f 8508 8507 11230
f 8508 11230 11260
f 11260 11230 11233
f 11260 11233 11261
f 8499 8508 11260
f 8499 11260 11257
f 11257 11260 11261
f 11257 11261 11259
f 8423 8469 11262
f 8423 11262 11242
f 8469 8466 11263
f 8469 11263 11262
f 11242 11262 11261
f 11242 11261 11233
f 11262 11263 11259
f 11262 11259 11261
f 8464 8448 11253
f 8464 11253 11264
f 11264 11253 11250
f 11264 11250 11258
f 8466 8464 11264
f 8466 11264 11263
f 11263 11264 11258
f 11263 11258 11259
f 8473 8476 11265
f 8473 11265 11266
f 8476 8480 11267
f 8476 11267 11265
f 11266 11265 11268
f 11266 11268 11269
f 11265 11267 11270
f 11265 11270 11268
f 8489 8488 11271
f 8489 11271 11272
f 11272 11271 11273
f 11272 11273 11274
f 8480 8489 11272
f 8480 11272 11267
f 11267 11272 11274
f 11267 11274 11270
f 8413 8416 11275
f 8413 11275 11276
f 8416 8420 11277
f 8416 11277 11275
f 11276 11275 11274
f 11276 11274 11273
f 11275 11277 11270
f 11275 11270 11274
f 8436 8435 11278
f 8436 11278 11279
f 11279 11278 11269
f 11279 11269 11268
f 8420 8436 11279
f 8420 11279 11277
f 11277 11279 11268
f 11277 11268 11270
f 8488 8491 11280
f 8488 11280 11271
f 8491 8486 11281
f 8491 11281 11280
f 11271 11280 11282
f 11271 11282 11273
f 11280 11281 11283
f 11280 11283 11282
f 8484 8483 11284
f 8484 11284 11285
f 11285 11284 11286
f 11285 11286 11287
f 8486 8484 11285
f 8486 11285 11281
f 11281 11285 11287
f 11281 11287 11283
f 8455 8459 11288
f 8455 11288 11289
f 8459 8462 11290
f 8459 11290 11288
f 11289 11288 11287
f 11289 11287 11286
f 11288 11290 11283
f 11288 11283 11287
f 8471 8413 11276
f 8471 11276 11291
f 11291 11276 11273
f 11291 11273 11282
f 8462 8471 11291
f 8462 11291 11290
f 11290 11291 11282
f 11290 11282 11283
f 8483 8482 11292
f 8483 11292 11284
f 8482 8477 11293
f 8482 11293 11292
f 11284 11292 11294
f 11284 11294 11286
f 11292 11293 11295
f 11292 11295 11294
f 8474 8473 11266
f 8474 11266 11296
f 11296 11266 11269
f 11296 11269 11297
f 8477 8474 11296
f 8477 11296 11293
f 11293 11296 11297
f 11293 11297 11295
f 8435 8439 11298
f 8435 11298 11278
f 8439 8442 11299
f 8439 11299 11298
f 11278 11298 11297
f 11278 11297 11269
f 11298 11299 11295
f 11298 11295 11297
f 8456 8455 11289
f 8456 11289 11300
f 11300 11289 11286
f 11300 11286 11294
f 8442 8456 11300
f 8442 11300 11299
f 11299 11300 11294
f 11299 11294 11295
f 8605 8608 11301
f 8605 11301 11302
f 8608 8603 11303
f 8608 11303 11301
f 11302 11301 11304
f 11302 11304 11305
f 11301 11303 11306
f 11301 11306 11304
f 8601 8600 11307
f 8601 11307 11308
f 11308 11307 11309
f 11308 11309 11310
f 8603 8601 11308
f 8603 11308 11303
f 11303 11308 11310
f 11303 11310 11306
f 8526 8529 11311
f 8526 11311 11312
f 8529 8524 11313
f 8529 11313 11311
f 11312 11311 11310
f 11312 11310 11309
f 11311 11313 11306
f 11311 11306 11310
f 8522 8521 11314
f 8522 11314 11315
f 11315 11314 11305
f 11315 11305 11304
f 8524 8522 11315
f 8524 11315 11313
f 11313 11315 11304
f 11313 11304 11306
f 8600 8599 11316
f 8600 11316 11307
f 8599 8594 11317
f 8599 11317 11316
f 11307 11316 11318
f 11307 11318 11309
f 11316 11317 11319
f 11316 11319 11318
f 8591 8590 11320
f 8591 11320 11321
f 11321 11320 11322
f 11321 11322 11323
f 8594 8591 11321
f 8594 11321 11317
f 11317 11321 11323
f 11317 11323 11319
f 8546 8549 11324
f 8546 11324 11325
f 8549 8544 11326
f 8549 11326 11324
f 11325 11324 11323
f 11325 11323 11322
f 11324 11326 11319
f 11324 11319 11323
f 8542 8526 11312
f 8542 11312 11327
f 11327 11312 11309
f 11327 11309 11318
f 8544 8542 11327
f 8544 11327 11326
f 11326 11327 11318
f 11326 11318 11319
f 8590 8593 11328
f 8590 11328 11320
f 8593 8597 11329
f 8593 11329 11328
f 11320 11328 11330
f 11320 11330 11322
f 11328 11329 11331
f 11328 11331 11330
f 8606 8605 11302
f 8606 11302 11332
f 11332 11302 11305
f 11332 11305 11333
f 8597 8606 11332
f 8597 11332 11329
f 11329 11332 11333
f 11329 11333 11331
f 8521 8567 11334
f 8521 11334 11314
f 8567 8564 11335
f 8567 11335 11334
f 11314 11334 11333
f 11314 11333 11305
f 11334 11335 11331
f 11334 11331 11333
f 8562 8546 11325
f 8562 11325 11336
f 11336 11325 11322
f 11336 11322 11330
f 8564 8562 11336
f 8564 11336 11335
f 11335 11336 11330
f 11335 11330 11331
f 8571 8574 11337
f 8571 11337 11338
f 8574 8578 11339
f 8574 11339 11337
f 11338 11337 11340
f 11338 11340 11341
f 11337 11339 11342
f 11337 11342 11340
f 8587 8586 11343
f 8587 11343 11344
f 11344 11343 11345
f 11344 11345 11346
f 8578 8587 11344
f 8578 11344 11339
f 11339 11344 11346
f 11339 11346 11342
f 8511 8514 11347
f 8511 11347 11348
f 8514 8518 11349
f 8514 11349 11347
f 11348 11347 11346
f 11348 11346 11345
f 11347 11349 11342
f 11347 11342 11346
f 8534 8533 11350
f 8534 11350 11351
f 11351 11350 11341
f 11351 11341 11340
f 8518 8534 11351
f 8518 11351 11349
f 11349 11351 11340
f 11349 11340 11342
f 8586 8589 11352
f 8586 11352 11343
f 8589 8584 11353
f 8589 11353 11352
f 11343 11352 11354
f 11343 11354 11345
f 11352 11353 11355
f 11352 11355 11354
f 8582 8581 11356
f 8582 11356 11357
f 11357 11356 11358
f 11357 11358 11359
f 8584 8582 11357
f 8584 11357 11353
f 11353 11357 11359
f 11353 11359 11355
f 8553 8557 11360
f 8553 11360 11361
f 8557 8560 11362
f 8557 11362 11360
f 11361 11360 11359
f 11361 11359 11358
f 11360 11362 11355
f 11360 11355 11359
f 8569 8511 11348
f 8569 11348 11363
f 11363 11348 11345
f 11363 11345 11354
f 8560 8569 11363
f 8560 11363 11362
f 11362 11363 11354
f 11362 11354 11355
f 8581 8580 11364
f 8581 11364 11356
f 8580 8575 11365
f 8580 11365 11364
f 11356 11364 11366
f 11356 11366 11358
f 11364 11365 11367
f 11364 11367 11366
f 8572 8571 11338
f 8572 11338 11368
f 11368 11338 11341
f 11368 11341 11369
f 8575 8572 11368
f 8575 11368 11365
f 11365 11368 11369
f 11365 11369 11367
f 8533 8537 11370
f 8533 11370 11350
f 8537 8540 11371
f 8537 11371 11370
f 11350 11370 11369
f 11350 11369 11341
f 11370 11371 11367
f 11370 11367 11369
f 8554 8553 11361
f 8554 11361 11372
f 11372 11361 11358
f 11372 11358 11366
f 8540 8554 11372
f 8540 11372 11371
f 11371 11372 11366
f 11371 11366 11367
f 8703 8706 11373
f 8703 11373 11374
f 8706 8701 11375
f 8706 11375 11373
f 11374 11373 11376
f 11374 11376 11377
f 11373 11375 11378
f 11373 11378 11376
f 8699 8698 11379
f 8699 11379 11380
f 11380 11379 11381
f 11380 11381 11382
f 8701 8699 11380
f 8701 11380 11375
f 11375 11380 11382
f 11375 11382 11378
f 8624 8627 11383
f 8624 11383 11384
f 8627 8622 11385
f 8627 11385 11383
f 11384 11383 11382
f 11384 11382 11381
f 11383 11385 11378
f 11383 11378 11382
f 8620 8619 11386
f 8620 11386 11387
f 11387 11386 11377
f 11387 11377 11376
f 8622 8620 11387
f 8622 11387 11385
f 11385 11387 11376
f 11385 11376 11378
f 8698 8697 11388
f 8698 11388 11379
f 8697 8692 11389
f 8697 11389 11388
f 11379 11388 11390
f 11379 11390 11381
f 11388 11389 11391
f 11388 11391 11390
f 8689 8688 11392
f 8689 11392 11393
f 11393 11392 11394
f 11393 11394 11395
f 8692 8689 11393
f 8692 11393 11389
f 11389 11393 11395
f 11389 11395 11391
f 8644 8647 11396
f 8644 11396 11397
f 8647 8642 11398
f 8647 11398 11396
f 11397 11396 11395
f 11397 11395 11394
f 11396 11398 11391
f 11396 11391 11395
f 8640 8624 11384
f 8640 11384 11399
f 11399 11384 11381
f 11399 11381 11390
f 8642 8640 11399
f 8642 11399 11398
f 11398 11399 11390
f 11398 11390 11391
f 8688 8691 11400
f 8688 11400 11392
f 8691 8695 11401
f 8691 11401 11400
f 11392 11400 11402
f 11392 11402 11394
f 11400 11401 11403
f 11400 11403 11402
f 8704 8703 11374
f 8704 11374 11404
f 11404 11374 11377
f 11404 11377 11405
f 8695 8704 11404
f 8695 11404 11401
f 11401 11404 11405
f 11401 11405 11403
f 8619 8665 11406
f 8619 11406 11386
f 8665 8662 11407
f 8665 11407 11406
f 11386 11406 11405
f 11386 11405 11377
f 11406 11407 11403
f 11406 11403 11405
f 8660 8644 11397
f 8660 11397 11408
f 11408 11397 11394
f 11408 11394 11402
f 8662 8660 11408
f 8662 11408 11407
f 11407 11408 11402
f 11407 11402 11403
f 8669 8672 11409
f 8669 11409 11410
f 8672 8676 11411
f 8672 11411 11409
f 11410 11409 11412
f 11410 11412 11413
f 11409 11411 11414
f 11409 11414 11412
f 8685 8684 11415
f 8685 11415 11416
f 11416 11415 11417
f 11416 11417 11418
f 8676 8685 11416
f 8676 11416 11411
f 11411 11416 11418
f 11411 11418 11414
f 8609 8612 11419
f 8609 11419 11420
f 8612 8616 11421
f 8612 11421 11419
f 11420 11419 11418
f 11420 11418 11417
f 11419 11421 11414
f 11419 11414 11418
f 8632 8631 11422
f 8632 11422 11423
f 11423 11422 11413
f 11423 11413 11412
f 8616 8632 11423
f 8616 11423 11421
f 11421 11423 11412
f 11421 11412 11414
f 8684 8687 11424
f 8684 11424 11415
f 8687 8682 11425
f 8687 11425 11424
f 11415 11424 11426
f 11415 11426 11417
f 11424 11425 11427
f 11424 11427 11426
f 8680 8679 11428
f 8680 11428 11429
f 11429 11428 11430
f 11429 11430 11431
f 8682 8680 11429
f 8682 11429 11425
f 11425 11429 11431
f 11425 11431 11427
f 8651 8655 11432
f 8651 11432 11433
f 8655 8658 11434
f 8655 11434 11432
f 11433 11432 11431
f 11433 11431 11430
f 11432 11434 11427
f 11432 11427 11431
f 8667 8609 11420
f 8667 11420 11435
f 11435 11420 11417
f 11435 11417 11426
f 8658 8667 11435
f 8658 11435 11434
f 11434 11435 11426
f 11434 11426 11427
f 8679 8678 11436
f 8679 11436 11428
f 8678 8673 11437
f 8678 11437 11436
f 11428 11436 11438
f 11428 11438 11430
f 11436 11437 11439
f 11436 11439 11438
f 8670 8669 11410
f 8670 11410 11440
f 11440 11410 11413
f 11440 11413 11441
f 8673 8670 11440
f 8673 11440 11437
f 11437 11440 11441
f 11437 11441 11439
f 8631 8635 11442
f 8631 11442 11422
f 8635 8638 11443
f 8635 11443 11442
f 11422 11442 11441
f 11422 11441 11413
f 11442 11443 11439
f 11442 11439 11441
f 8652 8651 11433
f 8652 11433 11444
f 11444 11433 11430
f 11444 11430 11438
f 8638 8652 11444
f 8638 11444 11443
f 11443 11444 11438
f 11443 11438 11439
f 8801 8804 11445
f 8801 11445 11446
f 8804 8799 11447
f 8804 11447 11445
f 11446 11445 11448
f 11446 11448 11449
f 11445 11447 11450
f 11445 11450 11448
f 8797 8796 11451
f 8797 11451 11452
f 11452 11451 11453
f 11452 11453 11454
f 8799 8797 11452
f 8799 11452 11447
f 11447 11452 11454
f 11447 11454 11450
f 8722 8725 11455
f 8722 11455 11456
f 8725 8720 11457
f 8725 11457 11455
f 11456 11455 11454
f 11456 11454 11453
f 11455 11457 11450
f 11455 11450 11454
f 8718 8717 11458
f 8718 11458 11459
f 11459 11458 11449
f 11459 11449 11448
f 8720 8718 11459
f 8720 11459 11457
f 11457 11459 11448
f 11457 11448 11450
f 8796 8795 11460
f 8796 11460 11451
f 8795 8790 11461
f 8795 11461 11460
f 11451 11460 11462
f 11451 11462 11453
f 11460 11461 11463
f 11460 11463 11462
f 8787 8786 11464
f 8787 11464 11465
f 11465 11464 11466
f 11465 11466 11467
f 8790 8787 11465
f 8790 11465 11461
f 11461 11465 11467
f 11461 11467 11463
f 8742 8745 11468
f 8742 11468 11469
f 8745 8740 11470
f 8745 11470 11468
f 11469 11468 11467
f 11469 11467 11466
f 11468 11470 11463
f 11468 11463 11467
f 8738 8722 11456
f 8738 11456 11471
f 11471 11456 11453
f 11471 11453 11462
f 8740 8738 11471
f 8740 11471 11470
f 11470 11471 11462
f 11470 11462 11463
f 8786 8789 11472
f 8786 11472 11464
f 8789 8793 11473
f 8789 11473 11472
f 11464 11472 11474
f 11464 11474 11466
f 11472 11473 11475
f 11472 11475 11474
f 8802 8801 11446
f 8802 11446 11476
f 11476 11446 11449
f 11476 11449 11477
f 8793 8802 11476
f 8793 11476 11473
f 11473 11476 11477
f 11473 11477 11475
f 8717 8763 11478
f 8717 11478 11458
f 8763 8760 11479
f 8763 11479 11478
f 11458 11478 11477
f 11458 11477 11449
f 11478 11479 11475
f 11478 11475 11477
f 8758 8742 11469
f 8758 11469 11480
f 11480 11469 11466
f 11480 11466 11474
f 8760 8758 11480
f 8760 11480 11479
f 11479 11480 11474
f 11479 11474 11475
f 8767 8770 11481
f 8767 11481 11482
f 8770 8774 11483
f 8770 11483 11481
f 11482 11481 11484
f 11482 11484 11485
f 11481 11483 11486
f 11481 11486 11484
f 8783 8782 11487
f 8783 11487 11488
f 11488 11487 11489
f 11488 11489 11490
f 8774 8783 11488
f 8774 11488 11483
f 11483 11488 11490
f 11483 11490 11486
f 8707 8710 11491
f 8707 11491 11492
f 8710 8714 11493
f 8710 11493 11491
f 11492 11491 11490
f 11492 11490 11489
f 11491 11493 11486
f 11491 11486 11490
f 8730 8729 11494
f 8730 11494 11495
f 11495 11494 11485
f 11495 11485 11484
f 8714 8730 11495
f 8714 11495 11493
f 11493 11495 11484
f 11493 11484 11486
f 8782 8785 11496
f 8782 11496 11487
f 8785 8780 11497
f 8785 11497 11496
f 11487 11496 11498
f 11487 11498 11489
f 11496 11497 11499
f 11496 11499 11498
f 8778 8777 11500
f 8778 11500 11501
f 11501 11500 11502
f 11501 11502 11503
f 8780 8778 11501
f 8780 11501 11497
f 11497 11501 11503
f 11497 11503 11499
f 8749 8753 11504
f 8749 11504 11505
f 8753 8756 11506
f 8753 11506 11504
f 11505 11504 11503
f 11505 11503 11502
f 11504 11506 11499
f 11504 11499 11503
f 8765 8707 11492
f 8765 11492 11507
f 11507 11492 11489
f 11507 11489 11498
f 8756 8765 11507
f 8756 11507 11506
f 11506 11507 11498
f 11506 11498 11499
f 8777 8776 11508
f 8777 11508 11500
f 8776 8771 11509
f 8776 11509 11508
f 11500 11508 11510
f 11500 11510 11502
f 11508 11509 11511
f 11508 11511 11510
f 8768 8767 11482
f 8768 11482 11512
f 11512 11482 11485
f 11512 11485 11513
f 8771 8768 11512
f 8771 11512 11509
f 11509 11512 11513
f 11509 11513 11511
f 8729 8733 11514
f 8729 11514 11494
f 8733 8736 11515
f 8733 11515 11514
f 11494 11514 11513
f 11494 11513 11485
f 11514 11515 11511
f 11514 11511 11513
f 8750 8749 11505
f 8750 11505 11516
f 11516 11505 11502
f 11516 11502 11510
f 8736 8750 11516
f 8736 11516 11515
f 11515 11516 11510
f 11515 11510 11511

